accession,kind,relative_path,sha256,bytes
GCF_016127855.1,genomic_fna,data/unzipped_genomes/actinomyces_naeslundii/ncbi_dataset/data/GCF_016127855.1/GCF_016127855.1_ASM1612785v1_genomic.fna,88c9ab50641aa35d5f969f72f4fd0a3668bc2ba0ffb4f0687d5a89ff1bd698b1,3191612
GCF_016127855.1,protein_faa,data/unzipped_genomes/actinomyces_naeslundii/ncbi_dataset/data/GCF_016127855.1/protein.faa,c3097593abd623b2f98aeee2753dac5524cf267f97ca7a02163532e905c5a78a,1111348
GCF_016127855.1,genomic_gff,data/unzipped_genomes/actinomyces_naeslundii/ncbi_dataset/data/GCF_016127855.1/genomic.gff,92bc69eeece6abd7528681bf4aa31cf1a345cd91643a1cd17b0fd22705ed4ef5,1798821
GCF_963265035.1,genomic_fna,data/unzipped_genomes/actinomyces_naeslundii/ncbi_dataset/data/GCF_963265035.1/GCF_963265035.1_NZ_220527_assembly_041_genomic.fna,3f2b31575c81180e3fc4dc318457a3fa043311e3bc9a25891a2e7dc0fa3da2a6,3212199
GCF_963265035.1,protein_faa,data/unzipped_genomes/actinomyces_naeslundii/ncbi_dataset/data/GCF_963265035.1/protein.faa,907702699bf492c02113273f32d8165088dbbe8b5f38eab4c5257a508bc02935,1119475
GCF_963265035.1,genomic_gff,data/unzipped_genomes/actinomyces_naeslundii/ncbi_dataset/data/GCF_963265035.1/genomic.gff,35903b12f79446cf629452ecaafd143148912f025692ccdb3c7263bc75a91202,1733679
GCF_963340285.1,genomic_fna,data/unzipped_genomes/actinomyces_naeslundii/ncbi_dataset/data/GCF_963340285.1/GCF_963340285.1_bc1019_genomic.fna,2a1ef598f511af28fb8f45fc584940b34bc24d1a3bb2493d609de0105e8b9f83,3212177
GCF_963340285.1,protein_faa,data/unzipped_genomes/actinomyces_naeslundii/ncbi_dataset/data/GCF_963340285.1/protein.faa,6500f0370cfef3e52a7b5fe4e417d8d049eaca86ceadef8ea5554f81fda01e73,1119637
GCF_963340285.1,genomic_gff,data/unzipped_genomes/actinomyces_naeslundii/ncbi_dataset/data/GCF_963340285.1/genomic.gff,9db28a0803e1bb2c1b4775ada4112d2b668330b2b5648488c893efe1fe0d7533,1736597
GCF_963340415.1,genomic_fna,data/unzipped_genomes/actinomyces_naeslundii/ncbi_dataset/data/GCF_963340415.1/GCF_963340415.1_bc1017_genomic.fna,1bd575905df000c9eb00b695d95454b383dc3d99d92ef7ca1a6582d826aadc79,3212147
GCF_963340415.1,protein_faa,data/unzipped_genomes/actinomyces_naeslundii/ncbi_dataset/data/GCF_963340415.1/protein.faa,3bf1ea4c4b538d16eafe40189589696bd9f6333629efd76ba7ca8f9d6254dfde,1119675
GCF_963340415.1,genomic_gff,data/unzipped_genomes/actinomyces_naeslundii/ncbi_dataset/data/GCF_963340415.1/genomic.gff,ab61ed6f7d97ee2db5261a08e838be173a36e2ee82c72e90f457e4e22748ebfb,1738517
GCF_002156805.1,genomic_fna,data/unzipped_genomes/corynebacterium_striatum/ncbi_dataset/data/GCF_002156805.1/GCF_002156805.1_ASM215680v1_genomic.fna,86650749c25a580876800e963ee7e1410987aa85536d58f20c1903ed941d2185,2832932
GCF_002156805.1,protein_faa,data/unzipped_genomes/corynebacterium_striatum/ncbi_dataset/data/GCF_002156805.1/protein.faa,fda325d14b50b401ab6bb1884a7a963ed7e5f4eb586314e12160cd8a5783f42b,1015103
GCF_002156805.1,genomic_gff,data/unzipped_genomes/corynebacterium_striatum/ncbi_dataset/data/GCF_002156805.1/genomic.gff,d5f959acc7d1f58545afbc8da62d0c391cd54c04be9050e9773decef9253ca10,1671989
GCF_002803965.1,genomic_fna,data/unzipped_genomes/corynebacterium_striatum/ncbi_dataset/data/GCF_002803965.1/GCF_002803965.1_ASM280396v1_genomic.fna,155ec2a4236d63205b9d9213e7f730e3d10b5c411c1536967fce0dc6d7a3c041,3031487
GCF_002803965.1,protein_faa,data/unzipped_genomes/corynebacterium_striatum/ncbi_dataset/data/GCF_002803965.1/protein.faa,055e84abd98274962f9de40317a3dd1b6f0cb2e00b9079a4934e520b5a30353a,1058053
GCF_002803965.1,genomic_gff,data/unzipped_genomes/corynebacterium_striatum/ncbi_dataset/data/GCF_002803965.1/genomic.gff,34a6d56cb1c3c3b616e4f2013f3fe5b72207a7cd7bed92878257ee075cd13b72,1768542
GCF_002804085.1,genomic_fna,data/unzipped_genomes/corynebacterium_striatum/ncbi_dataset/data/GCF_002804085.1/GCF_002804085.1_ASM280408v1_genomic.fna,9cbbf0050ceb80c96935c13fd5d54711308ffc5aaad3523b7a24cb41cca5f757,3069461
GCF_002804085.1,protein_faa,data/unzipped_genomes/corynebacterium_striatum/ncbi_dataset/data/GCF_002804085.1/protein.faa,82d45a2d05cd8abaf04a704e513fd3338d0488946e0e711a57390a0394470f80,1055658
GCF_002804085.1,genomic_gff,data/unzipped_genomes/corynebacterium_striatum/ncbi_dataset/data/GCF_002804085.1/genomic.gff,f713b88e9abae3d47ad9e18bc54d08264610d1443a686c4dbad7247f53173bf4,1795156
GCF_016728105.1,genomic_fna,data/unzipped_genomes/corynebacterium_striatum/ncbi_dataset/data/GCF_016728105.1/GCF_016728105.1_ASM1672810v1_genomic.fna,2a503a5020053ee49708e14f97c5e11b44d764ce8427bc1d726b0e6178494379,2941231
GCF_016728105.1,protein_faa,data/unzipped_genomes/corynebacterium_striatum/ncbi_dataset/data/GCF_016728105.1/protein.faa,5490ab40328619a556cd5ea5cefe409b9e1c284423cb9c2f6760fb4dd04a8b52,1044594
GCF_016728105.1,genomic_gff,data/unzipped_genomes/corynebacterium_striatum/ncbi_dataset/data/GCF_016728105.1/genomic.gff,39ad964e16a18e3ede8c5e9108a8e811c9c7e13f4a0c4d09377443fd117f413c,1827073
GCF_016728205.1,genomic_fna,data/unzipped_genomes/corynebacterium_striatum/ncbi_dataset/data/GCF_016728205.1/GCF_016728205.1_ASM1672820v1_genomic.fna,5726d8df757083099cee94910a86530e04f22debca80baf44998c2004ac9fc36,2699093
GCF_016728205.1,protein_faa,data/unzipped_genomes/corynebacterium_striatum/ncbi_dataset/data/GCF_016728205.1/protein.faa,3ca2acab76cf58e2163909df1997fc329625d6830e43010a3977856d3a396b56,974859
GCF_016728205.1,genomic_gff,data/unzipped_genomes/corynebacterium_striatum/ncbi_dataset/data/GCF_016728205.1/genomic.gff,4b65cea7316c6a6cef50dad9d5e24963f4565f94a6f1728fe1d96e6da339ee61,1571796
GCF_001281065.1,genomic_fna,data/unzipped_genomes/cutibacterium_acnes/ncbi_dataset/data/GCF_001281065.1/GCF_001281065.1_ASM128106v1_genomic.fna,8222b2773b870cee0357819441f7131fd39fc8625c3cdf1f6b809d99e052f771,2554063
GCF_001281065.1,protein_faa,data/unzipped_genomes/cutibacterium_acnes/ncbi_dataset/data/GCF_001281065.1/protein.faa,d8d669cccb2435cbed531e3ca676d039088815fe25b1a9fb3691a8a9a9049bd3,889715
GCF_001281065.1,genomic_gff,data/unzipped_genomes/cutibacterium_acnes/ncbi_dataset/data/GCF_001281065.1/genomic.gff,86fbe1b70db246c26b5fb7a3bc044c25693b54b8f3bb0dd0e83b1ef39530345e,1519016
GCF_001469565.1,genomic_fna,data/unzipped_genomes/cutibacterium_acnes/ncbi_dataset/data/GCF_001469565.1/GCF_001469565.1_ASM146956v1_genomic.fna,b783ea0b6d6162db4b9edd7ca8a0b5d8d40625525ea4d2391a974c0c6170c863,2579980
GCF_001469565.1,protein_faa,data/unzipped_genomes/cutibacterium_acnes/ncbi_dataset/data/GCF_001469565.1/protein.faa,0ed6ae25bb0b38c9904a8c7c9e22f3b1b46e136bd0e23b36591d7829633cec8c,931200
GCF_001469565.1,genomic_gff,data/unzipped_genomes/cutibacterium_acnes/ncbi_dataset/data/GCF_001469565.1/genomic.gff,8c3275462c97b3e1131fce9a9516831865df21d10c7e32d30f2b211bc2976763,1587731
GCF_001469595.1,genomic_fna,data/unzipped_genomes/cutibacterium_acnes/ncbi_dataset/data/GCF_001469595.1/GCF_001469595.1_ASM146959v1_genomic.fna,6a9ee20309941b75a46279ac43818a76dd79413820b4bcb6acc610a3b5303d7a,2592440
GCF_001469595.1,protein_faa,data/unzipped_genomes/cutibacterium_acnes/ncbi_dataset/data/GCF_001469595.1/protein.faa,275fd035776dd55768475c9453b799936e5db0ea3dca1975f5efd37ecdf8c397,927384
GCF_001469595.1,genomic_gff,data/unzipped_genomes/cutibacterium_acnes/ncbi_dataset/data/GCF_001469595.1/genomic.gff,74cc3e96157ba87578e593c9c295d46cd1ea8cb4f6ac3bd2263771054b59cf07,1565835
GCF_001469615.1,genomic_fna,data/unzipped_genomes/cutibacterium_acnes/ncbi_dataset/data/GCF_001469615.1/GCF_001469615.1_ASM146961v1_genomic.fna,669a451c31c7c76d48f4e332d3d2b0ffc1c29eca29e1b266051453f6ee719c8b,2571840
GCF_001469615.1,protein_faa,data/unzipped_genomes/cutibacterium_acnes/ncbi_dataset/data/GCF_001469615.1/protein.faa,7f2af1eea58007f306d378e3373b3b93e5b78492ba8fb797c1a781d890c8a8c4,933690
GCF_001469615.1,genomic_gff,data/unzipped_genomes/cutibacterium_acnes/ncbi_dataset/data/GCF_001469615.1/genomic.gff,80be5e161c9d320265597fb812c76432eced92b1e24cca91b8c313f7b8ac1edf,1582219
GCF_001469655.1,genomic_fna,data/unzipped_genomes/cutibacterium_acnes/ncbi_dataset/data/GCF_001469655.1/GCF_001469655.1_ASM146965v1_genomic.fna,6f7f0084dc38d282099278e2ad4e4418ebf2cfdc0d5b7cfe067c07894115e2b8,2523192
GCF_001469655.1,protein_faa,data/unzipped_genomes/cutibacterium_acnes/ncbi_dataset/data/GCF_001469655.1/protein.faa,77dd166b35d06eb9b1ba94261656b593c66028daf226971ec65f24ed36b1e1ec,921343
GCF_001469655.1,genomic_gff,data/unzipped_genomes/cutibacterium_acnes/ncbi_dataset/data/GCF_001469655.1/genomic.gff,1b376afcb1626f0f6e0543832d0da9ad24cc49845832245c2029ee7f8bdaf267,1546077
GCF_001598635.1,genomic_fna,data/unzipped_genomes/enterococcus_faecalis/ncbi_dataset/data/GCF_001598635.1/GCF_001598635.1_ASM159863v1_genomic.fna,9ca31b8ff53e323762dcf95dc373081ac32c9534693f5ff256d3e5a3bece6ddd,2838549
GCF_001598635.1,protein_faa,data/unzipped_genomes/enterococcus_faecalis/ncbi_dataset/data/GCF_001598635.1/protein.faa,778e9a78eab6ebe6ee99823bb08b6a2f79028ac8e828f1ea717669a593a53668,1005131
GCF_001598635.1,genomic_gff,data/unzipped_genomes/enterococcus_faecalis/ncbi_dataset/data/GCF_001598635.1/genomic.gff,fdbefb28a5ae29bb9dcb62b8f143e6f58a934a07cc6f1a1485a2c6ae318c84e1,1762673
GCF_001689055.2,genomic_fna,data/unzipped_genomes/enterococcus_faecalis/ncbi_dataset/data/GCF_001689055.2/GCF_001689055.2_ASM168905v2_genomic.fna,115aa411c38a4473096014bb438a2bbe453e9ebdd3149ce2f9eca8da9695f006,3063911
GCF_001689055.2,protein_faa,data/unzipped_genomes/enterococcus_faecalis/ncbi_dataset/data/GCF_001689055.2/protein.faa,9bfc7c2444bd94c30afe6b1a0d7f4f00c27095f82f428be079eb09b1e745c4b9,1067451
GCF_001689055.2,genomic_gff,data/unzipped_genomes/enterococcus_faecalis/ncbi_dataset/data/GCF_001689055.2/genomic.gff,324230b371530ade6a6ae56ce7f7ab832d16c5f2c52d308713d37421b8f19146,1856041
GCF_001989555.1,genomic_fna,data/unzipped_genomes/enterococcus_faecalis/ncbi_dataset/data/GCF_001989555.1/GCF_001989555.1_ASM198955v1_genomic.fna,b30392f13c8f000cbbecdad4d6eab0a9979893e388ef54b0fc4be8ee1c8c028f,3284331
GCF_001989555.1,protein_faa,data/unzipped_genomes/enterococcus_faecalis/ncbi_dataset/data/GCF_001989555.1/protein.faa,b6666a371d48df4175a43ce8586d980d0049a4d3cff5d69561d4f88e8cbe1605,1173253
GCF_001989555.1,genomic_gff,data/unzipped_genomes/enterococcus_faecalis/ncbi_dataset/data/GCF_001989555.1/genomic.gff,93a406a431d7c4ad37eb648806b762f0a747580db8867a67a825a055d36bba95,2034595
GCF_002163735.1,genomic_fna,data/unzipped_genomes/enterococcus_faecalis/ncbi_dataset/data/GCF_002163735.1/GCF_002163735.1_ASM216373v1_genomic.fna,923adfbd964a6e72b935716c7c7373958c5ac83793553e45a0bbf190e4dcbdce,3092512
GCF_002163735.1,protein_faa,data/unzipped_genomes/enterococcus_faecalis/ncbi_dataset/data/GCF_002163735.1/protein.faa,70fac1bde434b701baf62495dbcd955f7a6e53939f0a029c5b7481c506165a7a,1103149
GCF_002163735.1,genomic_gff,data/unzipped_genomes/enterococcus_faecalis/ncbi_dataset/data/GCF_002163735.1/genomic.gff,bd954376c6db6e94a41859452732389e763ade5c28ad9a6a13565be894aae884,1870471
GCF_002208945.1,genomic_fna,data/unzipped_genomes/enterococcus_faecalis/ncbi_dataset/data/GCF_002208945.1/GCF_002208945.1_ASM220894v2_genomic.fna,8c4a19f69f3c94153f2500ec2579b0750b56cf5352443f484b67f7b410db08a3,2896870
GCF_002208945.1,protein_faa,data/unzipped_genomes/enterococcus_faecalis/ncbi_dataset/data/GCF_002208945.1/protein.faa,c486f01c20c911e6f53f05b374e33836a79cf9df25c39efb2619565e18140c98,1030826
GCF_002208945.1,genomic_gff,data/unzipped_genomes/enterococcus_faecalis/ncbi_dataset/data/GCF_002208945.1/genomic.gff,ea7f05778c2e05dd49465ab5a5eb51e13be508b496ca3eeca9b30498644011bc,1783260
GCF_028621975.1,genomic_fna,data/unzipped_genomes/fusobacterium_nucleatum/ncbi_dataset/data/GCF_028621975.1/GCF_028621975.1_ASM2862197v1_genomic.fna,71f2d48d58b21c6190819369ef77a8afdbfcf1acc2b2030972081c90bbdc98de,2222320
GCF_028621975.1,protein_faa,data/unzipped_genomes/fusobacterium_nucleatum/ncbi_dataset/data/GCF_028621975.1/protein.faa,5494615f94c84c60cb61684969fe404ec5b0f95da9acc2282ed1dbb15f035b68,816079
GCF_028621975.1,genomic_gff,data/unzipped_genomes/fusobacterium_nucleatum/ncbi_dataset/data/GCF_028621975.1/genomic.gff,0a414ce71c58c40e07cd3202fa431ad602d3cda27af2179c58cd5c3c0543236e,1290691
GCF_028621995.1,genomic_fna,data/unzipped_genomes/fusobacterium_nucleatum/ncbi_dataset/data/GCF_028621995.1/GCF_028621995.1_ASM2862199v1_genomic.fna,87a5d41b2bf5d2fdfeb5908e093a656c3bfe758b7e3d67d29cb71392b52a2d19,2083659
GCF_028621995.1,protein_faa,data/unzipped_genomes/fusobacterium_nucleatum/ncbi_dataset/data/GCF_028621995.1/protein.faa,fb492c056302bd2bb6abff8b76716a20267f1db64543c059c4699fa3a209a4df,766051
GCF_028621995.1,genomic_gff,data/unzipped_genomes/fusobacterium_nucleatum/ncbi_dataset/data/GCF_028621995.1/genomic.gff,e14f97c18cedeb05517c846bae2e2379b0650336e6026a435bc1afa14f46f98f,1251343
GCF_031191795.1,genomic_fna,data/unzipped_genomes/fusobacterium_nucleatum/ncbi_dataset/data/GCF_031191795.1/GCF_031191795.1_ASM3119179v1_genomic.fna,d1618cbe5e7c62d4d27745780956440712eb11fe69536081c3d83229cfe7869a,2208845
GCF_031191795.1,protein_faa,data/unzipped_genomes/fusobacterium_nucleatum/ncbi_dataset/data/GCF_031191795.1/protein.faa,12ad54aba1effca146ceb3e7554b4b72b3bc44b02092317a77732872cb354046,809039
GCF_031191795.1,genomic_gff,data/unzipped_genomes/fusobacterium_nucleatum/ncbi_dataset/data/GCF_031191795.1/genomic.gff,aa4c54c912b44e190408db506a75f8ad81642cd5e6bdd9e7e0822d817cfddafe,1309930
GCF_037889055.1,genomic_fna,data/unzipped_genomes/fusobacterium_nucleatum/ncbi_dataset/data/GCF_037889055.1/GCF_037889055.1_ASM3788905v1_genomic.fna,be3b9c557ca36ef58807d674b2104f0ed33100267c4817b62c699c9769d22ae2,2336556
GCF_037889055.1,protein_faa,data/unzipped_genomes/fusobacterium_nucleatum/ncbi_dataset/data/GCF_037889055.1/protein.faa,4b2f86d96d747cdd97088e3db2818435ad926aa663cb52e864e7ffe75543b0e9,851486
GCF_037889055.1,genomic_gff,data/unzipped_genomes/fusobacterium_nucleatum/ncbi_dataset/data/GCF_037889055.1/genomic.gff,dc35325df32218b57e9ce7fb9209a65c1ed26f46075ee120a0782eb0d8bb99db,1380213
GCF_037889065.1,genomic_fna,data/unzipped_genomes/fusobacterium_nucleatum/ncbi_dataset/data/GCF_037889065.1/GCF_037889065.1_ASM3788906v1_genomic.fna,bf742d2df593092dbb69734940abb7fc362164a4744ca8b04564ca64fac25bc1,2168229
GCF_037889065.1,protein_faa,data/unzipped_genomes/fusobacterium_nucleatum/ncbi_dataset/data/GCF_037889065.1/protein.faa,fed9dff61b0f1806b6c6a9227619113f6df8626e8311bd85579b57b8079351e1,791776
GCF_037889065.1,genomic_gff,data/unzipped_genomes/fusobacterium_nucleatum/ncbi_dataset/data/GCF_037889065.1/genomic.gff,e4f5cb13b13820829956b8952c78d237d3637d7222749ead272807cef5763ed4,1282400
GCF_001263815.1,genomic_fna,data/unzipped_genomes/porphyromonas_gingivalis/ncbi_dataset/data/GCF_001263815.1/GCF_001263815.1_ASM126381v1_genomic.fna,45c8c4d3bf850860ec89a57b98bbd458b2ef620a884dd503b3ccc232a028654b,2396698
GCF_001263815.1,protein_faa,data/unzipped_genomes/porphyromonas_gingivalis/ncbi_dataset/data/GCF_001263815.1/protein.faa,036ee0bf26323b535c29ac0cdec483e5d83b39d72958978319c84567a6a9d9e3,815805
GCF_001263815.1,genomic_gff,data/unzipped_genomes/porphyromonas_gingivalis/ncbi_dataset/data/GCF_001263815.1/genomic.gff,17d01d25a031f4f0fc34ab3801a03f8edb6020aa6799b6bbfd085098b953d4d5,1289072
GCF_002753935.1,genomic_fna,data/unzipped_genomes/porphyromonas_gingivalis/ncbi_dataset/data/GCF_002753935.1/GCF_002753935.1_ASM275393v1_genomic.fna,f7085c092c117d22e7bd5ad9a8f99402f3da07277a98d9f8b8613bd3cc9682cd,2388734
GCF_002753935.1,protein_faa,data/unzipped_genomes/porphyromonas_gingivalis/ncbi_dataset/data/GCF_002753935.1/protein.faa,fffa8d320ca79236eb85d44a6d9bcf4fc063a8dc19a76dce27ae80e9db93b126,809001
GCF_002753935.1,genomic_gff,data/unzipped_genomes/porphyromonas_gingivalis/ncbi_dataset/data/GCF_002753935.1/genomic.gff,8b2c9ce3bb41bd483e3e58afdcb1235861bad718561717a0d97aa81351f1543c,1280914
GCF_002753955.1,genomic_fna,data/unzipped_genomes/porphyromonas_gingivalis/ncbi_dataset/data/GCF_002753955.1/GCF_002753955.1_ASM275395v1_genomic.fna,5ea06e10bbfd7c7e4853581983823d6d6c96d05031049c516c9b9ea6a50bef31,2500318
GCF_002753955.1,protein_faa,data/unzipped_genomes/porphyromonas_gingivalis/ncbi_dataset/data/GCF_002753955.1/protein.faa,04fa9f715c1fe44beb9ab6b772eb94e1e651eae52eca9271e13dbffc1867cbe7,837997
GCF_002753955.1,genomic_gff,data/unzipped_genomes/porphyromonas_gingivalis/ncbi_dataset/data/GCF_002753955.1/genomic.gff,0851057dfe194161524a95f8b42208ae121fa6f09abfb754fa4c8ac66f566f7f,1358962
GCF_002753975.1,genomic_fna,data/unzipped_genomes/porphyromonas_gingivalis/ncbi_dataset/data/GCF_002753975.1/GCF_002753975.1_ASM275397v1_genomic.fna,48973b7c979c30d3cc18f6d71737580f41c0caef70deda817176a51a953f4d17,2509381
GCF_002753975.1,protein_faa,data/unzipped_genomes/porphyromonas_gingivalis/ncbi_dataset/data/GCF_002753975.1/protein.faa,f5ce26325343e44a7c22e0e721d0cc13108ae0510c066c446ffe8a53609cebb6,842638
GCF_002753975.1,genomic_gff,data/unzipped_genomes/porphyromonas_gingivalis/ncbi_dataset/data/GCF_002753975.1/genomic.gff,459cb73049ec9766848817bbba183dd4bffb4f951a4cea12bc6a73c12c21f092,1371581
GCF_002754015.1,genomic_fna,data/unzipped_genomes/porphyromonas_gingivalis/ncbi_dataset/data/GCF_002754015.1/GCF_002754015.1_ASM275401v1_genomic.fna,d556871db72e499711e743ec2a740e14094b876e95c6933b1ffbbc11e506216d,2403849
GCF_002754015.1,protein_faa,data/unzipped_genomes/porphyromonas_gingivalis/ncbi_dataset/data/GCF_002754015.1/protein.faa,1ed61305cff54302918d361db93ce3a5313bf0b135b5932f32854a5eb3725ac6,821739
GCF_002754015.1,genomic_gff,data/unzipped_genomes/porphyromonas_gingivalis/ncbi_dataset/data/GCF_002754015.1/genomic.gff,e563441fdd696cba292c156032767fe6301eaaca43307329a00f26870157b1b7,1308857
GCF_001548195.1,genomic_fna,data/unzipped_genomes/prevotella_intermedia/ncbi_dataset/data/GCF_001548195.1/GCF_001548195.1_ASM154819v1_genomic.fna,569a354638da5793684871b50cb2ad8b35619f179ce9d7ecdba1f5be878cb7a0,2771652
GCF_001548195.1,protein_faa,data/unzipped_genomes/prevotella_intermedia/ncbi_dataset/data/GCF_001548195.1/protein.faa,d96c3cd78a1bf1bfaece2d3af872c74f077026bb5c5575055162b10d0f9fcb03,908919
GCF_001548195.1,genomic_gff,data/unzipped_genomes/prevotella_intermedia/ncbi_dataset/data/GCF_001548195.1/genomic.gff,c0543224a43eb0ae582d094de6ecbc73ca3e801d5c176efc6aa70ab3bd5a76d8,1431185
GCF_001953935.1,genomic_fna,data/unzipped_genomes/prevotella_intermedia/ncbi_dataset/data/GCF_001953935.1/GCF_001953935.1_ASM195393v1_genomic.fna,70e9483bc273699b4d70e7620d73dd429ed85c3b37c5f9d589a660d5daea4c70,2770679
GCF_001953935.1,protein_faa,data/unzipped_genomes/prevotella_intermedia/ncbi_dataset/data/GCF_001953935.1/protein.faa,64a0f496c57e6421befc114fbdc78f88e2de539042c42e86d36b49b3407d2e8a,909351
GCF_001953935.1,genomic_gff,data/unzipped_genomes/prevotella_intermedia/ncbi_dataset/data/GCF_001953935.1/genomic.gff,ea50ed90107112496f9aad9427cd888b4464934be51654335ab8e3a96d7f691d,1427311
GCF_002355195.1,genomic_fna,data/unzipped_genomes/prevotella_intermedia/ncbi_dataset/data/GCF_002355195.1/GCF_002355195.1_ASM235519v1_genomic.fna,941deb2a250670d85ac4ec2153b01196f74211b5630cc748b3f7162b31e903b3,3187635
GCF_002355195.1,protein_faa,data/unzipped_genomes/prevotella_intermedia/ncbi_dataset/data/GCF_002355195.1/protein.faa,59396c0daa61c1606e01db5adcdd2ac5630149f1776138b83f7c0251a5cd05cb,987884
GCF_002355195.1,genomic_gff,data/unzipped_genomes/prevotella_intermedia/ncbi_dataset/data/GCF_002355195.1/genomic.gff,f1b244d7b9341a085e1677596fc4ba01e1a5d1186f3fcffa2d984731bca77eb5,1670504
GCF_002763535.1,genomic_fna,data/unzipped_genomes/prevotella_intermedia/ncbi_dataset/data/GCF_002763535.1/GCF_002763535.1_ASM276353v1_genomic.fna,8aecb27a6254bb7e5423de9b3e1c7ef378ce5e21d4fd7907652d8370f8927b35,2812610
GCF_002763535.1,protein_faa,data/unzipped_genomes/prevotella_intermedia/ncbi_dataset/data/GCF_002763535.1/protein.faa,96b14ab9f787109f2a65bcd2eb5bc91e5ac55263af6a5a6cde22445beb462dd0,931843
GCF_002763535.1,genomic_gff,data/unzipped_genomes/prevotella_intermedia/ncbi_dataset/data/GCF_002763535.1/genomic.gff,1b50c9fc6d265d9114638b528a0609b3e7135330ab7c9e9bcea71f175438379c,1445970
GCF_002763575.1,genomic_fna,data/unzipped_genomes/prevotella_intermedia/ncbi_dataset/data/GCF_002763575.1/GCF_002763575.1_ASM276357v1_genomic.fna,70c329cd651cb1ddb508ffc80a091d0cac8be3f9f1d0fff666d4ffbc075382ca,2795293
GCF_002763575.1,protein_faa,data/unzipped_genomes/prevotella_intermedia/ncbi_dataset/data/GCF_002763575.1/protein.faa,61e9987ee8b0e13d1fda6475599fe958fdc64bce1c9215681b87e55f363fdd3c,932934
GCF_002763575.1,genomic_gff,data/unzipped_genomes/prevotella_intermedia/ncbi_dataset/data/GCF_002763575.1/genomic.gff,1c325f6ebb03995f86b343d3ab3d069a8fb9da1c5ab7009b3b5ae03b1d371879,1424682
GCF_002356175.1,genomic_fna,data/unzipped_genomes/staphylococcus_capitis/ncbi_dataset/data/GCF_002356175.1/GCF_002356175.1_ASM235617v1_genomic.fna,ab524531e93048d1340b19d90fcf209c3412bd2c5fc997ff96b64cdfcddfe5ef,2518029
GCF_002356175.1,protein_faa,data/unzipped_genomes/staphylococcus_capitis/ncbi_dataset/data/GCF_002356175.1/protein.faa,6ddb6e8ac80a69d3da1166dc8464842ff93867680be1276df7adada339e30ab6,895854
GCF_002356175.1,genomic_gff,data/unzipped_genomes/staphylococcus_capitis/ncbi_dataset/data/GCF_002356175.1/genomic.gff,05c185cf55921e480d7651d3032f519e6c01bb1c7c1d5e1922a1f5599d1ce3ab,1598703
GCF_002591175.1,genomic_fna,data/unzipped_genomes/staphylococcus_capitis/ncbi_dataset/data/GCF_002591175.1/GCF_002591175.1_ASM259117v1_genomic.fna,9a0b0219499943bfa8517b452e0ee5679f1bb5bbbe8a1c1cb96d897307cdbeb6,2516398
GCF_002591175.1,protein_faa,data/unzipped_genomes/staphylococcus_capitis/ncbi_dataset/data/GCF_002591175.1/protein.faa,d0b87067f01ee4c883325a76b709d9a675e003f41047df3d19f55e597376e549,872576
GCF_002591175.1,genomic_gff,data/unzipped_genomes/staphylococcus_capitis/ncbi_dataset/data/GCF_002591175.1/genomic.gff,fcd48d9bfaa9dc8c0d5c7d8df3a811540d1f552f48ccf79053972dad660055cc,1543045
GCF_013267675.1,genomic_fna,data/unzipped_genomes/staphylococcus_capitis/ncbi_dataset/data/GCF_013267675.1/GCF_013267675.1_ASM1326767v1_genomic.fna,5594ddedb02f690fd388b136ec073e763a343f96894b7ae724cf7d66295b3102,2522421
GCF_013267675.1,protein_faa,data/unzipped_genomes/staphylococcus_capitis/ncbi_dataset/data/GCF_013267675.1/protein.faa,f8b5d080c5d333854207bcff33266992f3f9e92f644127bfa9af8277b9dbdc8a,860122
GCF_013267675.1,genomic_gff,data/unzipped_genomes/staphylococcus_capitis/ncbi_dataset/data/GCF_013267675.1/genomic.gff,ba84946a3f1ff4b07a20bf783e05357406397f4ebae48cd49355e524b2c60aaa,1578976
GCF_015243435.1,genomic_fna,data/unzipped_genomes/staphylococcus_capitis/ncbi_dataset/data/GCF_015243435.1/GCF_015243435.1_ASM1524343v1_genomic.fna,933fccac64b504e14ae277fff548023d90bbf11dc1c663617241740c5c414571,2560404
GCF_015243435.1,protein_faa,data/unzipped_genomes/staphylococcus_capitis/ncbi_dataset/data/GCF_015243435.1/protein.faa,7813c9a50ca09c810845dcb7096b8380058d9dd70aac069f522123d067c5787e,877579
GCF_015243435.1,genomic_gff,data/unzipped_genomes/staphylococcus_capitis/ncbi_dataset/data/GCF_015243435.1/genomic.gff,e5f23aab0df5b6cf1c210d2085a43399e0a7d09568668058990675a7b1bb022f,1564740
GCF_020883475.1,genomic_fna,data/unzipped_genomes/staphylococcus_capitis/ncbi_dataset/data/GCF_020883475.1/GCF_020883475.1_ASM2088347v1_genomic.fna,6dcf2c63342ac313acb9f2ccda7f2caefd80a05bbc85f9b14b3fe1e3ec03d4ce,2597622
GCF_020883475.1,protein_faa,data/unzipped_genomes/staphylococcus_capitis/ncbi_dataset/data/GCF_020883475.1/protein.faa,7dbd57f801bc7018135e7dd33f8aa143dfcc153f2bc28cebbfe0fd1d27f70e6c,923818
GCF_020883475.1,genomic_gff,data/unzipped_genomes/staphylococcus_capitis/ncbi_dataset/data/GCF_020883475.1/genomic.gff,eb999d7d8ee76925173b4e7a0c50ec5a79fdc46bb802006ea2c41e799c985b47,1537117
GCF_000759555.1,genomic_fna,data/unzipped_genomes/staphylococcus_epidermidis/ncbi_dataset/data/GCF_000759555.1/GCF_000759555.1_ASM75955v1_genomic.fna,4138d72d41b1ad0f2444fe4c34cc32d9e2c7cacf8562c02be03b9e2d4d788bf4,2570213
GCF_000759555.1,protein_faa,data/unzipped_genomes/staphylococcus_epidermidis/ncbi_dataset/data/GCF_000759555.1/protein.faa,60e3a1b712940df752cbd849a2492052d291406d70f1fdc3423c175da6c625bd,868682
GCF_000759555.1,genomic_gff,data/unzipped_genomes/staphylococcus_epidermidis/ncbi_dataset/data/GCF_000759555.1/genomic.gff,5aa16ba0d55c15944bad118b0566bff12bbb9d5fb3d95d6219efe41a7f1bcd95,1539550
GCF_001956655.1,genomic_fna,data/unzipped_genomes/staphylococcus_epidermidis/ncbi_dataset/data/GCF_001956655.1/GCF_001956655.1_ASM195665v2_genomic.fna,f0150d92affa13f6913e37cd6def621e9753f3625be312b85c96a2122116fa20,2639517
GCF_001956655.1,protein_faa,data/unzipped_genomes/staphylococcus_epidermidis/ncbi_dataset/data/GCF_001956655.1/protein.faa,b83228b50fe1315fdcab81ad7ee4932b59ae3932d6631c0f648b85d503a7bb65,871233
GCF_001956655.1,genomic_gff,data/unzipped_genomes/staphylococcus_epidermidis/ncbi_dataset/data/GCF_001956655.1/genomic.gff,81683559327bd02f2c15fcb3f24709008530e740d14f74e0cd25cf4501f2419e,1614090
GCF_002085695.1,genomic_fna,data/unzipped_genomes/staphylococcus_epidermidis/ncbi_dataset/data/GCF_002085695.1/GCF_002085695.1_ASM208569v1_genomic.fna,22f7d487f5ce37c462fe6cc711e32b97b8c74e9fcee0ab59d49d72ed610af876,2501117
GCF_002085695.1,protein_faa,data/unzipped_genomes/staphylococcus_epidermidis/ncbi_dataset/data/GCF_002085695.1/protein.faa,44d40a9abe544a5a43cf4f870ce81e63e72a8694ab54db0bf0f01aaabe455507,845797
GCF_002085695.1,genomic_gff,data/unzipped_genomes/staphylococcus_epidermidis/ncbi_dataset/data/GCF_002085695.1/genomic.gff,7288ee137d15cc4366ad8d3535a85c098ec7847c72b88872572026ebe8dd9c95,1508966
GCF_002215535.1,genomic_fna,data/unzipped_genomes/staphylococcus_epidermidis/ncbi_dataset/data/GCF_002215535.1/GCF_002215535.1_ASM221553v1_genomic.fna,69af31ef1ff52aedc961be755dba52232b1777a6566a33333e0c5540474df390,2603015
GCF_002215535.1,protein_faa,data/unzipped_genomes/staphylococcus_epidermidis/ncbi_dataset/data/GCF_002215535.1/protein.faa,49e3d69cb491b50ec9959f5bcec95b89452c6ddb293ed6735afca48eaca0048b,881407
GCF_002215535.1,genomic_gff,data/unzipped_genomes/staphylococcus_epidermidis/ncbi_dataset/data/GCF_002215535.1/genomic.gff,3c7799bc1469a03f0e3e04e869cc9b6329df0d1d954b73658007d2efa5642f3f,1581541
GCF_006094375.1,genomic_fna,data/unzipped_genomes/staphylococcus_epidermidis/ncbi_dataset/data/GCF_006094375.1/GCF_006094375.1_ASM609437v1_genomic.fna,b4feaf440f5dd7038ccec84c54c4b5f1ccc26b58093b3c027de9b476d3536964,2522478
GCF_006094375.1,protein_faa,data/unzipped_genomes/staphylococcus_epidermidis/ncbi_dataset/data/GCF_006094375.1/protein.faa,7e5e83f81a1e9380649ec25be85123f318318a512c3de545686f450b94d9bbb0,867728
GCF_006094375.1,genomic_gff,data/unzipped_genomes/staphylococcus_epidermidis/ncbi_dataset/data/GCF_006094375.1/genomic.gff,4a979fd008e632e262c34a86b8b295173d9c44a501cbd1138c1efce14a7dd8a2,1612401
GCF_001611955.1,genomic_fna,data/unzipped_genomes/staphylococcus_haemolyticus/ncbi_dataset/data/GCF_001611955.1/GCF_001611955.1_ASM161195v1_genomic.fna,f4bc3c2564a88a174e1f0e39eca0e844c56c0bc7f5d7029d7676fe817d1f4218,2592321
GCF_001611955.1,protein_faa,data/unzipped_genomes/staphylococcus_haemolyticus/ncbi_dataset/data/GCF_001611955.1/protein.faa,d14d003e3ddcb4f047e9f5e45af3c3f4a84b011416caeddd7fe7b46fcc54dac1,894653
GCF_001611955.1,genomic_gff,data/unzipped_genomes/staphylococcus_haemolyticus/ncbi_dataset/data/GCF_001611955.1/genomic.gff,ce4941e4c7b967a65fad1d69c91ba51219591c259c64708c32974d0f9dffd47c,1612660
GCF_002906595.1,genomic_fna,data/unzipped_genomes/staphylococcus_haemolyticus/ncbi_dataset/data/GCF_002906595.1/GCF_002906595.1_ASM290659v1_genomic.fna,0ff497244fa8fe7b00dc089aef0f7656c944e2393b37900ae970244a34ad6945,2643681
GCF_002906595.1,protein_faa,data/unzipped_genomes/staphylococcus_haemolyticus/ncbi_dataset/data/GCF_002906595.1/protein.faa,b22ca6936a67b2b97a563024b788008689356d7c76911f86f05b911c8f808c9d,909152
GCF_002906595.1,genomic_gff,data/unzipped_genomes/staphylococcus_haemolyticus/ncbi_dataset/data/GCF_002906595.1/genomic.gff,e420c98e90171e6998301d1c8187d1071a0c1a7f7f30f2723bf2c955459261b2,1628344
GCF_002906615.1,genomic_fna,data/unzipped_genomes/staphylococcus_haemolyticus/ncbi_dataset/data/GCF_002906615.1/GCF_002906615.1_ASM290661v1_genomic.fna,fca9c755e863a9031a51006f79a4638b2c626cd9b3fa91233c3af353b865fac2,2645582
GCF_002906615.1,protein_faa,data/unzipped_genomes/staphylococcus_haemolyticus/ncbi_dataset/data/GCF_002906615.1/protein.faa,46d30fab8f9ab05bbcdf549eb7445a08cf3b671884c2d3dbfcb2190a262bf5b9,909553
GCF_002906615.1,genomic_gff,data/unzipped_genomes/staphylococcus_haemolyticus/ncbi_dataset/data/GCF_002906615.1/genomic.gff,624f73806b2b541d54dace6aa6bebbc0c1c9653f9dd1b5c82cce3fdf2b0a35f8,1631503
GCF_002952715.2,genomic_fna,data/unzipped_genomes/staphylococcus_haemolyticus/ncbi_dataset/data/GCF_002952715.2/GCF_002952715.2_ASM295271v2_genomic.fna,32fb0ae8dae3062693775eeff674079fec484b21f635e08d6cfcd1bfb54173eb,2708213
GCF_002952715.2,protein_faa,data/unzipped_genomes/staphylococcus_haemolyticus/ncbi_dataset/data/GCF_002952715.2/protein.faa,718a94d28ec62d88b763b8e2a976b6958b580861f5618c039ccc20d502f5c0d1,923301
GCF_002952715.2,genomic_gff,data/unzipped_genomes/staphylococcus_haemolyticus/ncbi_dataset/data/GCF_002952715.2/genomic.gff,7617bd2f648dc8dc9f134d4f936d654220e5c409a69dbb26a0ad24c0d5eb2df7,1683916
GCF_006094395.1,genomic_fna,data/unzipped_genomes/staphylococcus_haemolyticus/ncbi_dataset/data/GCF_006094395.1/GCF_006094395.1_ASM609439v1_genomic.fna,86487125cab86c12ee57b1bd584fe496135e1d9a30f1417d0bde6494c6b3aeee,2604462
GCF_006094395.1,protein_faa,data/unzipped_genomes/staphylococcus_haemolyticus/ncbi_dataset/data/GCF_006094395.1/protein.faa,09bbc5726c3653ccf37f4ad1c2d18d829478a12d082cfb20f408ec07b44fc2c5,906602
GCF_006094395.1,genomic_gff,data/unzipped_genomes/staphylococcus_haemolyticus/ncbi_dataset/data/GCF_006094395.1/genomic.gff,43b8c774c4daf56cd7d2d7398e0e6fd8c12a2fbd8b4fdfdd1a00289bdce73c5c,1705999
GCF_000831165.1,genomic_fna,data/unzipped_genomes/streptococcus_anginosus/ncbi_dataset/data/GCF_000831165.1/GCF_000831165.1_ASM83116v1_genomic.fna,fb4bdcb75a59952e96684c4b87efb09a7121ec91b5ed51a47ab47417341bfda4,2061886
GCF_000831165.1,protein_faa,data/unzipped_genomes/streptococcus_anginosus/ncbi_dataset/data/GCF_000831165.1/protein.faa,0bf197e0ae181c736dc0304a08fd49e8b278ab8a2162c1a28d8ef803c5bc578f,732284
GCF_000831165.1,genomic_gff,data/unzipped_genomes/streptococcus_anginosus/ncbi_dataset/data/GCF_000831165.1/genomic.gff,96ec72e4e4bae8800d7e08899e6d86373f184a565d232539acdd2fc7cacc85cd,1268517
GCF_001412635.1,genomic_fna,data/unzipped_genomes/streptococcus_anginosus/ncbi_dataset/data/GCF_001412635.1/GCF_001412635.1_ASM141263v1_genomic.fna,c560cd150917c6a818a3d5f3a5e2641b77c30787c71c7845a63b4537c42b60cc,1948650
GCF_001412635.1,protein_faa,data/unzipped_genomes/streptococcus_anginosus/ncbi_dataset/data/GCF_001412635.1/protein.faa,d901239dbb71d354b11998f22ab3bc5b0083040008201a441da994a787594c24,701353
GCF_001412635.1,genomic_gff,data/unzipped_genomes/streptococcus_anginosus/ncbi_dataset/data/GCF_001412635.1/genomic.gff,a3916d2037092d0bcccd8c6982d05e5540f449d494d300810b6a76d4e77b8c39,1286228
GCF_001697145.1,genomic_fna,data/unzipped_genomes/streptococcus_anginosus/ncbi_dataset/data/GCF_001697145.1/GCF_001697145.1_ASM169714v1_genomic.fna,966dc9b1bc477ef473ad98948138b0793b332f64fc6954a679c98c7f6734f39b,2026449
GCF_001697145.1,protein_faa,data/unzipped_genomes/streptococcus_anginosus/ncbi_dataset/data/GCF_001697145.1/protein.faa,2312d4d18e82455215da7b320d00b0ca261a4360f0c661dcd492e860bffa6a10,721325
GCF_001697145.1,genomic_gff,data/unzipped_genomes/streptococcus_anginosus/ncbi_dataset/data/GCF_001697145.1/genomic.gff,1dfeb30fbc90a3b5b6538f73e57e1ba7cc640bc0408d14ee3cb0db2e035fe87f,1291859
GCF_008726365.3,genomic_fna,data/unzipped_genomes/streptococcus_anginosus/ncbi_dataset/data/GCF_008726365.3/GCF_008726365.3_ASM872636v3_genomic.fna,7b1f84ff4cb257187557d6ec071be31c3485a5ad868c0090b6d5556188ca237d,2068418
GCF_008726365.3,protein_faa,data/unzipped_genomes/streptococcus_anginosus/ncbi_dataset/data/GCF_008726365.3/protein.faa,a5e692f4cf49758bffbfea813f8a8d91164482ca781c4782d1f8957dee565108,718570
GCF_008726365.3,genomic_gff,data/unzipped_genomes/streptococcus_anginosus/ncbi_dataset/data/GCF_008726365.3/genomic.gff,fe3f850573b12a0007c9166f3356af20ecb51613d3b68e99317345510603b45e,1369716
GCF_900636475.1,genomic_fna,data/unzipped_genomes/streptococcus_anginosus/ncbi_dataset/data/GCF_900636475.1/GCF_900636475.1_42197_F01_genomic.fna,d219ded7a557b6b2812504283028ce9ca1701b01f50b5acfcb3b5e5104b588cb,1978163
GCF_900636475.1,protein_faa,data/unzipped_genomes/streptococcus_anginosus/ncbi_dataset/data/GCF_900636475.1/protein.faa,20db3716891e874eb48494bfb4e6876b85bfc164fa484d3ba9464e0f2d083fd0,702523
GCF_900636475.1,genomic_gff,data/unzipped_genomes/streptococcus_anginosus/ncbi_dataset/data/GCF_900636475.1/genomic.gff,a6218c59960210c4cf2aaa2b625a70bf44d3f9ba3fb9a3033f9c67d6241194b8,1315769
GCF_000722765.2,genomic_fna,data/unzipped_genomes/streptococcus_mitis/ncbi_dataset/data/GCF_000722765.2/GCF_000722765.2_ASM72276v2_genomic.fna,53580d89efb512f492a76b125993d9240c72f35158a426056fdd0cd8534267c2,1966460
GCF_000722765.2,protein_faa,data/unzipped_genomes/streptococcus_mitis/ncbi_dataset/data/GCF_000722765.2/protein.faa,839ef2ab7722e015e4c8b71378efdd7bc69b21c0198d02896af0d05bd57dcb6f,696700
GCF_000722765.2,genomic_gff,data/unzipped_genomes/streptococcus_mitis/ncbi_dataset/data/GCF_000722765.2/genomic.gff,09628b148d6a188f1c3050d6eaa2363a8401b8cf5150942f8d1ffbd91a072c40,1202047
GCF_001281025.1,genomic_fna,data/unzipped_genomes/streptococcus_mitis/ncbi_dataset/data/GCF_001281025.1/GCF_001281025.1_ASM128102v1_genomic.fna,bbd8933fb442426ded31753415188b65788a5ed938369a8cb52525fd1b436238,1930268
GCF_001281025.1,protein_faa,data/unzipped_genomes/streptococcus_mitis/ncbi_dataset/data/GCF_001281025.1/protein.faa,d738f180a30257826e26e3159e7a6b30558abbb7909938bb6b9e04ab56c47001,695612
GCF_001281025.1,genomic_gff,data/unzipped_genomes/streptococcus_mitis/ncbi_dataset/data/GCF_001281025.1/genomic.gff,ef3ee875725d3b034df816665f2f4ece2c90a979bc419554de1e4193fe57595c,1194464
GCF_009730515.1,genomic_fna,data/unzipped_genomes/streptococcus_mitis/ncbi_dataset/data/GCF_009730515.1/GCF_009730515.1_ASM973051v1_genomic.fna,9dbfa28dd890df9cdf0b41564e3a2cd31c47b21fb016be26082daba3b8284a8a,1892301
GCF_009730515.1,protein_faa,data/unzipped_genomes/streptococcus_mitis/ncbi_dataset/data/GCF_009730515.1/protein.faa,07b1aefcd05abf5fe773ef57d50be96b1e35a971745653ffdf849377279b6ef9,686393
GCF_009730515.1,genomic_gff,data/unzipped_genomes/streptococcus_mitis/ncbi_dataset/data/GCF_009730515.1/genomic.gff,54e7550ed9729691ab7337499ea4ba50a754db0b310ac631c2cffa87d01f56f5,1156390
GCF_013305725.1,genomic_fna,data/unzipped_genomes/streptococcus_mitis/ncbi_dataset/data/GCF_013305725.1/GCF_013305725.1_ASM1330572v1_genomic.fna,437097bbbd5c1d09a9f7829cda2330b3ab20e2fb98d569bdcbadb1518311e27f,2113126
GCF_013305725.1,protein_faa,data/unzipped_genomes/streptococcus_mitis/ncbi_dataset/data/GCF_013305725.1/protein.faa,41974d3c8fda7dad54243fb0af50a0dc5e39e3095b61ca1322ee2be1aac6034e,756328
GCF_013305725.1,genomic_gff,data/unzipped_genomes/streptococcus_mitis/ncbi_dataset/data/GCF_013305725.1/genomic.gff,fe049f8922045f6239b521f8d73db51e0af9eb355dfa4aad993c9ed19aee4f4a,1258852
GCF_018603625.2,genomic_fna,data/unzipped_genomes/streptococcus_mitis/ncbi_dataset/data/GCF_018603625.2/GCF_018603625.2_ASM1860362v2_genomic.fna,e59b9802adb65bad124dda025d38b2360211f79efe74664510a46a81ccf936de,1989844
GCF_018603625.2,protein_faa,data/unzipped_genomes/streptococcus_mitis/ncbi_dataset/data/GCF_018603625.2/protein.faa,bea79c72e94a032bcc977a8c2c24a045a794e1f8077bfbcc9af1ab2411b190c3,721875
GCF_018603625.2,genomic_gff,data/unzipped_genomes/streptococcus_mitis/ncbi_dataset/data/GCF_018603625.2/genomic.gff,8d1d570f8b5a287d2b81d69e2f7840e26498d87d10c225a1d4ecb8f9c6a1164e,1200433
GCF_001983955.1,genomic_fna,data/unzipped_genomes/streptococcus_oralis/ncbi_dataset/data/GCF_001983955.1/GCF_001983955.1_ASM198395v1_genomic.fna,5f504a35bc93bd99c0d7b868de4942bd8f1d0f24ceb4e4bf4d5d7c1fbf7dc1e6,1991585
GCF_001983955.1,protein_faa,data/unzipped_genomes/streptococcus_oralis/ncbi_dataset/data/GCF_001983955.1/protein.faa,e8ec0d13ddd309fc093291fcecce18f733d7f93b1da03f8cba49b8a7fdbe9f9a,724991
GCF_001983955.1,genomic_gff,data/unzipped_genomes/streptococcus_oralis/ncbi_dataset/data/GCF_001983955.1/genomic.gff,7477cf5583f7c155727fa01c59dccea4f228d150740aaf08360cf700d4a4eaea,1223145
GCF_002386345.1,genomic_fna,data/unzipped_genomes/streptococcus_oralis/ncbi_dataset/data/GCF_002386345.1/GCF_002386345.1_ASM238634v1_genomic.fna,8a2def7e4d1f579fb8ee0d7968b18eb437fc3f8906878602fd6893f6e9aa5ea4,2078959
GCF_002386345.1,protein_faa,data/unzipped_genomes/streptococcus_oralis/ncbi_dataset/data/GCF_002386345.1/protein.faa,d17ddc37755a2f06221376b37f3ac9ea0214fe9c8f5bc4143d9c7da029d11c5b,761161
GCF_002386345.1,genomic_gff,data/unzipped_genomes/streptococcus_oralis/ncbi_dataset/data/GCF_002386345.1/genomic.gff,460b467271d96839626da47d15fb397094c580c2430629ea7da1861b3210e2b7,1261773
GCF_007475365.1,genomic_fna,data/unzipped_genomes/streptococcus_oralis/ncbi_dataset/data/GCF_007475365.1/GCF_007475365.1_ASM747536v1_genomic.fna,9621bc36410dd246b7848084c82e694af0ef1420111d18906b68dc981d475f31,1950717
GCF_007475365.1,protein_faa,data/unzipped_genomes/streptococcus_oralis/ncbi_dataset/data/GCF_007475365.1/protein.faa,42498237a7af571df8b0f3c56b76b0e3423e1730084f3c885de25f5198c7161a,704195
GCF_007475365.1,genomic_gff,data/unzipped_genomes/streptococcus_oralis/ncbi_dataset/data/GCF_007475365.1/genomic.gff,3264c44c22a9fbc9de6ad97f3e7895b94550995a02dd14357aa512cea09c11d4,1193932
GCF_016028175.1,genomic_fna,data/unzipped_genomes/streptococcus_oralis/ncbi_dataset/data/GCF_016028175.1/GCF_016028175.1_ASM1602817v1_genomic.fna,2a967d9f07ae8c24217abee7d0c00b86c780a2e531c554fa66c86251abb40ad4,1937789
GCF_016028175.1,protein_faa,data/unzipped_genomes/streptococcus_oralis/ncbi_dataset/data/GCF_016028175.1/protein.faa,6a5eee483456ea84a00d1c0ec3d60eb5e0360b7b35e836396ca03911aa35d801,701464
GCF_016028175.1,genomic_gff,data/unzipped_genomes/streptococcus_oralis/ncbi_dataset/data/GCF_016028175.1/genomic.gff,90d66a61083bc8c6edd84f6dd3035951d6ebad3dada85d8cde397bea27a97cac,1211944
GCF_016028255.1,genomic_fna,data/unzipped_genomes/streptococcus_oralis/ncbi_dataset/data/GCF_016028255.1/GCF_016028255.1_ASM1602825v1_genomic.fna,4f4f6b1505c15416798304921bef3ba316fb6a95e8086dc4cb6ac6d4bb0b67c3,2049712
GCF_016028255.1,protein_faa,data/unzipped_genomes/streptococcus_oralis/ncbi_dataset/data/GCF_016028255.1/protein.faa,3d7627c5a42246564529facaa7e36c810ae29e7f670b66a2a02dfb1b8cff22fb,737092
GCF_016028255.1,genomic_gff,data/unzipped_genomes/streptococcus_oralis/ncbi_dataset/data/GCF_016028255.1/genomic.gff,7601033b133f38e1eb4228dddd984b03d50d09111548f8ee01f455ed9e79c78d,1260486
GCF_013343115.1,genomic_fna,data/unzipped_genomes/streptococcus_sanguinis/ncbi_dataset/data/GCF_013343115.1/GCF_013343115.1_ASM1334311v1_genomic.fna,d30c231346b0bc407f52cdcc25878e3770a706bd84b1d24154925f3d29ccc29f,2388419
GCF_013343115.1,protein_faa,data/unzipped_genomes/streptococcus_sanguinis/ncbi_dataset/data/GCF_013343115.1/protein.faa,4477cb185a3858c4cf8987403d255398ee35c74889965f9867f5b521a0558ac6,863933
GCF_013343115.1,genomic_gff,data/unzipped_genomes/streptococcus_sanguinis/ncbi_dataset/data/GCF_013343115.1/genomic.gff,060ad809bfa62dd68e0bc40bc7406d9769ca6ea2972f5e35a18538d88a4ccdb7,1464341
GCF_013378355.1,genomic_fna,data/unzipped_genomes/streptococcus_sanguinis/ncbi_dataset/data/GCF_013378355.1/GCF_013378355.1_ASM1337835v1_genomic.fna,3df2fed6f667641d4abda41dbb43a480f83a7cc72e89142f2d4a2ae04f44b835,2371930
GCF_013378355.1,protein_faa,data/unzipped_genomes/streptococcus_sanguinis/ncbi_dataset/data/GCF_013378355.1/protein.faa,7f86e1b361acce0929cf9faf09a7bedfde1b466d0e5f9bb1b3ac3edee193c468,812580
GCF_013378355.1,genomic_gff,data/unzipped_genomes/streptococcus_sanguinis/ncbi_dataset/data/GCF_013378355.1/genomic.gff,bc0c557300972a0cccafeed5a1057f09d1813a386eba76fafad94127a4284b7f,1486937
GCF_050220005.1,genomic_fna,data/unzipped_genomes/streptococcus_sanguinis/ncbi_dataset/data/GCF_050220005.1/GCF_050220005.1_x_genomic.fna,2f1fab7dbc388b4a19681cdf9417f4e5fd729d48a2ba298baa4c242b66dcc31d,2384340
GCF_050220005.1,protein_faa,data/unzipped_genomes/streptococcus_sanguinis/ncbi_dataset/data/GCF_050220005.1/protein.faa,09641f7efb50a93a95320ca22f40cf773259c78f14df49289f5dd1cb9945e5c0,870184
GCF_050220005.1,genomic_gff,data/unzipped_genomes/streptococcus_sanguinis/ncbi_dataset/data/GCF_050220005.1/genomic.gff,4fd9d77255e7d01e0c830d422481ffe2ef2e0b97d33ff995d25faedc3b31e51f,1460944
GCF_050220455.1,genomic_fna,data/unzipped_genomes/streptococcus_sanguinis/ncbi_dataset/data/GCF_050220455.1/GCF_050220455.1_x_genomic.fna,598d562197078b395cc8c23a2e86be55eb1ad52a0cfec0d716403a217eff66f6,2427301
GCF_050220455.1,protein_faa,data/unzipped_genomes/streptococcus_sanguinis/ncbi_dataset/data/GCF_050220455.1/protein.faa,ec55c2c7c7994dbe77d5c023d7c42c1787fb0387e9006cb1692e0cae101114c8,883756
GCF_050220455.1,genomic_gff,data/unzipped_genomes/streptococcus_sanguinis/ncbi_dataset/data/GCF_050220455.1/genomic.gff,c140de611daf814d905d2fb3165195aacab43ecc827d159f53d12ef5e1687078,1501820
GCF_900475505.1,genomic_fna,data/unzipped_genomes/streptococcus_sanguinis/ncbi_dataset/data/GCF_900475505.1/GCF_900475505.1_42925_G01_genomic.fna,d85a95c090d340a7954c6cf60a6fd877ccfad94d36896738d003927ead127e91,2325726
GCF_900475505.1,protein_faa,data/unzipped_genomes/streptococcus_sanguinis/ncbi_dataset/data/GCF_900475505.1/protein.faa,a4c2b85560080ed9024833d83a395c6eb354835d5151bd9fc160ce5d26d139e9,846097
GCF_900475505.1,genomic_gff,data/unzipped_genomes/streptococcus_sanguinis/ncbi_dataset/data/GCF_900475505.1/genomic.gff,b005d64e8ff31f89321634015e2ff8b39c76b85a6c56530d7e408fc7600f39c0,1523179
GCF_000238215.1,genomic_fna,data/unzipped_genomes/tannerella_forsythia/ncbi_dataset/data/GCF_000238215.1/GCF_000238215.1_ASM23821v1_genomic.fna,0adc5a2b06b9b3965d283e6c1219ccdf794d1c9945e4dbaf84e1e8c73cc98a45,3448149
GCF_000238215.1,protein_faa,data/unzipped_genomes/tannerella_forsythia/ncbi_dataset/data/GCF_000238215.1/protein.faa,6a5a47a5c8d0a085f365a85a96e7fe86240ec3c6319a3c8b90067afd79cfb214,1184265
GCF_000238215.1,genomic_gff,data/unzipped_genomes/tannerella_forsythia/ncbi_dataset/data/GCF_000238215.1/genomic.gff,0e22f44d370992171fe7391643adb6e34fc79bf1b44d2ae41751d91b31029bd4,1804364
GCF_001547855.1,genomic_fna,data/unzipped_genomes/tannerella_forsythia/ncbi_dataset/data/GCF_001547855.1/GCF_001547855.1_ASM154785v1_genomic.fna,4570bd50b18bcf9a410a42518eea59b465ee368986f06d45a6b0cb9ce90df2df,3435467
GCF_001547855.1,protein_faa,data/unzipped_genomes/tannerella_forsythia/ncbi_dataset/data/GCF_001547855.1/protein.faa,a080054358275e0e41113f86368bd756e92238e0bff61ce8e098c624843d8abb,1184835
GCF_001547855.1,genomic_gff,data/unzipped_genomes/tannerella_forsythia/ncbi_dataset/data/GCF_001547855.1/genomic.gff,d56925db590c9a8f84055d778fcada94502e76622abd5f72a5447de68636af7a,1763789
GCF_001547875.1,genomic_fna,data/unzipped_genomes/tannerella_forsythia/ncbi_dataset/data/GCF_001547875.1/GCF_001547875.1_ASM154787v1_genomic.fna,0596e81e3c88d0db95c39fcb8bccd067b93840e781903f63fd0a27b7c29a06c0,3392878
GCF_001547875.1,protein_faa,data/unzipped_genomes/tannerella_forsythia/ncbi_dataset/data/GCF_001547875.1/protein.faa,7c8cf27aaf806d38cd23ad839fdd1eb0f456721c28c3779f77cdbe507cb07913,1163662
GCF_001547875.1,genomic_gff,data/unzipped_genomes/tannerella_forsythia/ncbi_dataset/data/GCF_001547875.1/genomic.gff,f801ce49f7e76bed8501da0dccec98a0cbb562199aaffc32fb3ffd58f76eacba,1746314
GCF_024181405.1,genomic_fna,data/unzipped_genomes/treponema_denticola/ncbi_dataset/data/GCF_024181405.1/GCF_024181405.1_ASM2418140v1_genomic.fna,1108d888ce661b51c67cce2fab99995764373d8d45bcc70a71619797d2ceee75,2784027
GCF_024181405.1,protein_faa,data/unzipped_genomes/treponema_denticola/ncbi_dataset/data/GCF_024181405.1/protein.faa,1c29370b05aa82a0da32006cf81eed324296f9e6169f788a47d948b6f942b678,1025948
GCF_024181405.1,genomic_gff,data/unzipped_genomes/treponema_denticola/ncbi_dataset/data/GCF_024181405.1/genomic.gff,05dc8bae2d43c3e8415d2b9cd5c9e1b2c028316e4cb098d2e267c50279b684ba,1577127
GCF_024181425.1,genomic_fna,data/unzipped_genomes/treponema_denticola/ncbi_dataset/data/GCF_024181425.1/GCF_024181425.1_ASM2418142v1_genomic.fna,260199744cf5100ec584e996a7108b8c06b3e77a28e047616d97569ce6208ec6,2877315
GCF_024181425.1,protein_faa,data/unzipped_genomes/treponema_denticola/ncbi_dataset/data/GCF_024181425.1/protein.faa,47fe97c0f3e1b54cbf7f42fd64902f660f3471f80b298f2e03bed2feb2a6dc7d,1049880
GCF_024181425.1,genomic_gff,data/unzipped_genomes/treponema_denticola/ncbi_dataset/data/GCF_024181425.1/genomic.gff,07d5cad2ccb1f94447c8ee3872bc5b282bb8b4b1cadada599be057ee2acefccc,1621176
GCF_024181445.1,genomic_fna,data/unzipped_genomes/treponema_denticola/ncbi_dataset/data/GCF_024181445.1/GCF_024181445.1_ASM2418144v1_genomic.fna,b7e3e3b9d09d278f0cd44d3f60081f4cf9009b60f4c7f09bbbbd4eef81fd8461,2928689
GCF_024181445.1,protein_faa,data/unzipped_genomes/treponema_denticola/ncbi_dataset/data/GCF_024181445.1/protein.faa,1e0831c5822ff84388382fa97a4609c81d732533892513aff503680e3db5c2de,1063737
GCF_024181445.1,genomic_gff,data/unzipped_genomes/treponema_denticola/ncbi_dataset/data/GCF_024181445.1/genomic.gff,b5f8e8bc0fc73ddc04249863636c085ff71c61da9dfefcd1d929a9087ee674f1,1660063
GCF_024181465.1,genomic_fna,data/unzipped_genomes/treponema_denticola/ncbi_dataset/data/GCF_024181465.1/GCF_024181465.1_ASM2418146v1_genomic.fna,b940515ab4a1abcb2eb5b56530a8f1780ee1b5506d401070a29d807d6c181f37,2762569
GCF_024181465.1,protein_faa,data/unzipped_genomes/treponema_denticola/ncbi_dataset/data/GCF_024181465.1/protein.faa,40c826207a0ab241132dc40c402a04e67dea001e2150b5627c9d590ac9e877a4,1007854
GCF_024181465.1,genomic_gff,data/unzipped_genomes/treponema_denticola/ncbi_dataset/data/GCF_024181465.1/genomic.gff,b03a52b738d1713d08997764de51802aacb640e87205fe4539f22a50959269cc,1560434
GCF_024181485.1,genomic_fna,data/unzipped_genomes/treponema_denticola/ncbi_dataset/data/GCF_024181485.1/GCF_024181485.1_ASM2418148v1_genomic.fna,5e2234ac03c1cb757ad36f10d1d73d049c5f02b32870bf57fafa492caddf048e,2918763
GCF_024181485.1,protein_faa,data/unzipped_genomes/treponema_denticola/ncbi_dataset/data/GCF_024181485.1/protein.faa,8101fbe26e55c7e2121c21d632c0eb174bea31308c774a2a6892066705e2c09d,1076588
GCF_024181485.1,genomic_gff,data/unzipped_genomes/treponema_denticola/ncbi_dataset/data/GCF_024181485.1/genomic.gff,4cd672747cb96b2946eecdafe5644aeed4d8651b134d43cd0e0a86d7aa4246e9,1678655
GCF_002005185.1,genomic_fna,data/unzipped_genomes/veillonella_parvula/ncbi_dataset/data/GCF_002005185.1/GCF_002005185.1_ASM200518v1_genomic.fna,e7afb060bde8c9b5ee99c110f28ff97800190fec69c6b4e8876064cfdc36655c,2205828
GCF_002005185.1,protein_faa,data/unzipped_genomes/veillonella_parvula/ncbi_dataset/data/GCF_002005185.1/protein.faa,b36df4a62896c729caeaddd61b97cccb94b69f21cc36854935f5867e8cb56499,782792
GCF_002005185.1,genomic_gff,data/unzipped_genomes/veillonella_parvula/ncbi_dataset/data/GCF_002005185.1/genomic.gff,338fc0b5ff7a0d0231f1277c3ce0a601c056551ac21dfbcf4c7d2173f4ebb4c3,1236708
GCF_016127175.1,genomic_fna,data/unzipped_genomes/veillonella_parvula/ncbi_dataset/data/GCF_016127175.1/GCF_016127175.1_ASM1612717v1_genomic.fna,fc7658c81409fdbabb9cf7cb8f8214520d99872ec138f0ee24207deceba9eeb0,2159037
GCF_016127175.1,protein_faa,data/unzipped_genomes/veillonella_parvula/ncbi_dataset/data/GCF_016127175.1/protein.faa,fdf82dbccb13f0a2e2af0d6e89934e390c485531d8149dae9247e55ca8310a10,762662
GCF_016127175.1,genomic_gff,data/unzipped_genomes/veillonella_parvula/ncbi_dataset/data/GCF_016127175.1/genomic.gff,153e7b372e9a1ddf7cb3a286efff2d6f0196c37fb3b48c537926fdf408833fe4,1235809
GCF_031190775.1,genomic_fna,data/unzipped_genomes/veillonella_parvula/ncbi_dataset/data/GCF_031190775.1/GCF_031190775.1_ASM3119077v1_genomic.fna,c8ca3f46b439fef8aa7f4c7fc5014ae8da0983cf0852cfe85180cb6c02622eb8,2208973
GCF_031190775.1,protein_faa,data/unzipped_genomes/veillonella_parvula/ncbi_dataset/data/GCF_031190775.1/protein.faa,cefe323d085f07be8dd3ee43ded746d0283a4e1477cb2c555945f9eea3a92d45,786307
GCF_031190775.1,genomic_gff,data/unzipped_genomes/veillonella_parvula/ncbi_dataset/data/GCF_031190775.1/genomic.gff,42eca29d8cfbd59cbfb360fcea8b7af305d794569b8bc9a2ff5796750eac3b32,1289527
GCF_036456085.1,genomic_fna,data/unzipped_genomes/veillonella_parvula/ncbi_dataset/data/GCF_036456085.1/GCF_036456085.1_ASM3645608v1_genomic.fna,d215a04bc027e5b4d930fa07849f3ceedbcae1be5f154a44d07b496d5a91f13e,2241232
GCF_036456085.1,protein_faa,data/unzipped_genomes/veillonella_parvula/ncbi_dataset/data/GCF_036456085.1/protein.faa,2ee4740bf6e76d286b2a5c296819e6f85ca7904d94a5ca171b528e4a0055cac0,803314
GCF_036456085.1,genomic_gff,data/unzipped_genomes/veillonella_parvula/ncbi_dataset/data/GCF_036456085.1/genomic.gff,e3a2cdcdb11a94d0a1d4454668227bc1038f197609443c1ef6a494ade3a06b84,1327762
GCF_900186885.1,genomic_fna,data/unzipped_genomes/veillonella_parvula/ncbi_dataset/data/GCF_900186885.1/GCF_900186885.1_48903_D01_genomic.fna,c8c6451f79229f81fae92f8b8a8c836650dadb1161ed8ab39a8296bc3501bf19,2158878
GCF_900186885.1,protein_faa,data/unzipped_genomes/veillonella_parvula/ncbi_dataset/data/GCF_900186885.1/protein.faa,d4a783ef35422864c5cc58e289ca1e1ef75de2eeb395d0299818bf37c1100add,762529
GCF_900186885.1,genomic_gff,data/unzipped_genomes/veillonella_parvula/ncbi_dataset/data/GCF_900186885.1/genomic.gff,0fdade67448a5d9c34beb205afeb8885d1a553c3833ad7621ea9410bbebd0dd0,1321867
