Protein id	Contig id	Start	Stop	Strand	Element symbol	Element name	Scope	Type	Subtype	Class	Subclass	Method	Target length	Reference sequence length	% Coverage of reference	% Identity to reference	Alignment length	Closest reference accession	Closest reference name	HMM accession	HMM description
WP_021418929.1	NZ_CP007573.1	760594	760821	+	vanU-G	glycopeptide resistance transcriptional regulator VanU-G	core	AMR	AMR	GLYCOPEPTIDE	VANCOMYCIN	EXACTP	75	75	100.00	100.00	75	WP_021418929.1	glycopeptide resistance transcriptional regulator VanU-G	NF000090.1	glycopeptide resistance transcriptional regulator VanU
WP_021418928.1	NZ_CP007573.1	760823	761530	+	vanR-G	vancomycin resistance response regulator transcription factor VanR-G	core	AMR	AMR	GLYCOPEPTIDE	VANCOMYCIN	EXACTP	235	235	100.00	100.00	235	WP_021418928.1	vancomycin resistance response regulator transcription factor VanR-G	NF033117.2	VanR-ABDEGLN family response regulator transcription factor
WP_021418927.1	NZ_CP007573.1	761544	762650	+	vanS-G	vancomycin resistance histidine kinase VanS-G	core	AMR	AMR	GLYCOPEPTIDE	VANCOMYCIN	EXACTP	368	368	100.00	100.00	368	WP_021418927.1	vancomycin resistance histidine kinase VanS-G	NF033091.0	vancomycin resistance histidine kinase VanS
WP_021418926.1	NZ_CP007573.1	762787	763626	+	vanY-G1	D-Ala-D-Ala carboxypeptidase VanY-G1	core	AMR	AMR	GLYCOPEPTIDE	VANCOMYCIN	EXACTP	279	279	100.00	100.00	279	WP_021418926.1	D-Ala-D-Ala carboxypeptidase VanY-G1	NF000473.1	VanY-B/VanY-G family D-Ala-D-Ala carboxypeptidase
WP_021419095.1	NZ_CP007573.1	763702	764547	+	vanW-G	glycopeptide resistance accessory protein VanW-G	core	AMR	AMR	GLYCOPEPTIDE	VANCOMYCIN	EXACTP	281	281	100.00	100.00	281	WP_021419095.1	glycopeptide resistance accessory protein VanW-G	NF033123.1	glycopeptide resistance accessory protein VanW-G
WP_021418924.1	NZ_CP007573.1	764549	765598	+	vanG	D-alanine--D-serine ligase VanG	core	AMR	AMR	GLYCOPEPTIDE	VANCOMYCIN	EXACTP	349	349	100.00	100.00	349	WP_021418924.1	D-alanine--D-serine ligase VanG	NF000091.3	D-alanine--D-serine ligase VanG
WP_063856782.1	NZ_CP007573.1	765595	766359	+	vanXY	D-Ala-D-Ala dipeptidase/D-Ala-D-Ala carboxypeptidase VanXY-G	core	AMR	AMR	GLYCOPEPTIDE	VANCOMYCIN	EXACTP	254	254	100.00	100.00	254	WP_063856782.1	D-Ala-D-Ala dipeptidase/D-Ala-D-Ala carboxypeptidase VanXY-G	NF000149.1	D-Ala-D-Ala dipeptidase/D-Ala-D-Ala carboxypeptidase VanXY-G
WP_021418922.1	NZ_CP007573.1	766352	768490	+	vanT-G	membrane-bound serine racemase VanT-G	core	AMR	AMR	GLYCOPEPTIDE	VANCOMYCIN	EXACTP	712	712	100.00	100.00	712	WP_021418922.1	membrane-bound serine racemase VanT-G	NF033131.1	VanT-G-like membrane-bound serine racemase
WP_003505402.1	NZ_CP007573.1	787337	789256	+	tet(32)	tetracycline resistance ribosomal protection protein Tet(32)	core	AMR	AMR	TETRACYCLINE	TETRACYCLINE	EXACTP	639	639	100.00	100.00	639	WP_003505402.1	tetracycline resistance ribosomal protection protein Tet(32)	NF033148.1	TetM/TetW/TetO/TetS family tetracycline resistance ribosomal protection protein
