#FILE	SEQUENCE	START	END	STRAND	GENE	COVERAGE	COVERAGE_MAP	GAPS	%COVERAGE	%IDENTITY	DATABASE	ACCESSION	PRODUCT	RESISTANCE
data/unzipped_genomes/streptococcus_oralis/ncbi_dataset/data/GCF_007475365.1/GCF_007475365.1_ASM747536v1_genomic.fna	NZ_CP034442.1	16785	17867	-	gi|194172857:1496623-1497705	1-1083/1083	===============	0/0	100.00	92.24	victors	gi|194172857:1496623-1497705	Streptococcus pneumoniae TIGR4 chromosome complete genome	
data/unzipped_genomes/streptococcus_oralis/ncbi_dataset/data/GCF_007475365.1/GCF_007475365.1_ASM747536v1_genomic.fna	NZ_CP034442.1	25287	26075	-	gi|116515308:1430266-1431054	1-789/789	===============	0/0	100.00	84.54	victors	gi|116515308:1430266-1431054	Streptococcus pneumoniae D39 complete genome	
data/unzipped_genomes/streptococcus_oralis/ncbi_dataset/data/GCF_007475365.1/GCF_007475365.1_ASM747536v1_genomic.fna	NZ_CP034442.1	28374	29021	+	gi|194172857:567091-567738	1-648/648	===============	0/0	100.00	93.36	victors	gi|194172857:567091-567738	Streptococcus pneumoniae TIGR4 chromosome complete genome	
data/unzipped_genomes/streptococcus_oralis/ncbi_dataset/data/GCF_007475365.1/GCF_007475365.1_ASM747536v1_genomic.fna	NZ_CP034442.1	32719	33585	-	gi|15674250:1567023-1567904	16-882/882	========/======	2/2	98.19	86.41	victors	gi|15674250:1567023-1567904	Streptococcus pyogenes M1 GAS chromosome complete genome	
data/unzipped_genomes/streptococcus_oralis/ncbi_dataset/data/GCF_007475365.1/GCF_007475365.1_ASM747536v1_genomic.fna	NZ_CP034442.1	47322	47903	-	gi|194172857:1755276-1755857	1-582/582	===============	0/0	100.00	90.89	victors	gi|194172857:1755276-1755857	Streptococcus pneumoniae TIGR4 chromosome complete genome	
data/unzipped_genomes/streptococcus_oralis/ncbi_dataset/data/GCF_007475365.1/GCF_007475365.1_ASM747536v1_genomic.fna	NZ_CP034442.1	58386	59747	-	gi|194172857:1729329-1730690	1-1362/1362	===============	0/0	100.00	92.29	victors	gi|194172857:1729329-1730690	Streptococcus pneumoniae TIGR4 chromosome complete genome	
data/unzipped_genomes/streptococcus_oralis/ncbi_dataset/data/GCF_007475365.1/GCF_007475365.1_ASM747536v1_genomic.fna	NZ_CP034442.1	59744	60310	-	gi|194172857:1728766-1729332	1-567/567	===============	0/0	100.00	93.65	victors	gi|194172857:1728766-1729332	Streptococcus pneumoniae TIGR4 chromosome complete genome	
data/unzipped_genomes/streptococcus_oralis/ncbi_dataset/data/GCF_007475365.1/GCF_007475365.1_ASM747536v1_genomic.fna	NZ_CP034442.1	60321	61325	-	gi|194172857:1727751-1728755	1-1005/1005	===============	0/0	100.00	92.54	victors	gi|194172857:1727751-1728755	Streptococcus pneumoniae TIGR4 chromosome complete genome	
data/unzipped_genomes/streptococcus_oralis/ncbi_dataset/data/GCF_007475365.1/GCF_007475365.1_ASM747536v1_genomic.fna	NZ_CP034442.1	77784	79580	-	gi|194172857:1697767-1699563	1-1797/1797	===============	0/0	100.00	91.65	victors	gi|194172857:1697767-1699563	Streptococcus pneumoniae TIGR4 chromosome complete genome	
data/unzipped_genomes/streptococcus_oralis/ncbi_dataset/data/GCF_007475365.1/GCF_007475365.1_ASM747536v1_genomic.fna	NZ_CP034442.1	175154	175682	-	gi|221230948:1461838-1462386	1-529/549	========/======	2/2	96.17	90.94	victors	gi|221230948:1461838-1462386	Streptococcus pneumoniae ATCC 700669 complete genome	
data/unzipped_genomes/streptococcus_oralis/ncbi_dataset/data/GCF_007475365.1/GCF_007475365.1_ASM747536v1_genomic.fna	NZ_CP034442.1	182228	183626	-	gi|194172857:1446900-1448300	3-1401/1401	===============	0/0	99.86	86.13	victors	gi|194172857:1446900-1448300	Streptococcus pneumoniae TIGR4 chromosome complete genome	
data/unzipped_genomes/streptococcus_oralis/ncbi_dataset/data/GCF_007475365.1/GCF_007475365.1_ASM747536v1_genomic.fna	NZ_CP034442.1	189210	190788	-	gi|194172857:1439696-1441285	12-1590/1590	========/======	4/6	99.12	82.30	victors	gi|194172857:1439696-1441285	Streptococcus pneumoniae TIGR4 chromosome complete genome	
data/unzipped_genomes/streptococcus_oralis/ncbi_dataset/data/GCF_007475365.1/GCF_007475365.1_ASM747536v1_genomic.fna	NZ_CP034442.1	211019	211936	-	gi|194172857:1322142-1323059	1-918/918	===============	0/0	100.00	86.17	victors	gi|194172857:1322142-1323059	Streptococcus pneumoniae TIGR4 chromosome complete genome	
data/unzipped_genomes/streptococcus_oralis/ncbi_dataset/data/GCF_007475365.1/GCF_007475365.1_ASM747536v1_genomic.fna	NZ_CP034442.1	211926	212810	-	gi|194172857:1321268-1322152	1-885/885	===============	0/0	100.00	87.12	victors	gi|194172857:1321268-1322152	Streptococcus pneumoniae TIGR4 chromosome complete genome	
data/unzipped_genomes/streptococcus_oralis/ncbi_dataset/data/GCF_007475365.1/GCF_007475365.1_ASM747536v1_genomic.fna	NZ_CP034442.1	213637	214395	-	gi|194172857:1319683-1320441	1-759/759	===============	0/0	100.00	86.69	victors	gi|194172857:1319683-1320441	Streptococcus pneumoniae TIGR4 chromosome complete genome	
data/unzipped_genomes/streptococcus_oralis/ncbi_dataset/data/GCF_007475365.1/GCF_007475365.1_ASM747536v1_genomic.fna	NZ_CP034442.1	227319	228389	-	gi|221230948:1324319-1325389	1-1071/1071	===============	0/0	100.00	88.14	victors	gi|221230948:1324319-1325389	Streptococcus pneumoniae ATCC 700669 complete genome	
data/unzipped_genomes/streptococcus_oralis/ncbi_dataset/data/GCF_007475365.1/GCF_007475365.1_ASM747536v1_genomic.fna	NZ_CP034442.1	231854	233307	-	gi|194172857:1304782-1306236	2-1455/1455	===============	0/0	99.93	84.11	victors	gi|194172857:1304782-1306236	Streptococcus pneumoniae TIGR4 chromosome complete genome	
data/unzipped_genomes/streptococcus_oralis/ncbi_dataset/data/GCF_007475365.1/GCF_007475365.1_ASM747536v1_genomic.fna	NZ_CP034442.1	233572	234742	-	gi|194172857:1300389-1301561	1-1171/1173	========/======	5/10	99.40	82.65	victors	gi|194172857:1300389-1301561	Streptococcus pneumoniae TIGR4 chromosome complete genome	
data/unzipped_genomes/streptococcus_oralis/ncbi_dataset/data/GCF_007475365.1/GCF_007475365.1_ASM747536v1_genomic.fna	NZ_CP034442.1	234739	235416	-	gi|194172857:1299715-1300392	1-678/678	===============	0/0	100.00	81.12	victors	gi|194172857:1299715-1300392	Streptococcus pneumoniae TIGR4 chromosome complete genome	
data/unzipped_genomes/streptococcus_oralis/ncbi_dataset/data/GCF_007475365.1/GCF_007475365.1_ASM747536v1_genomic.fna	NZ_CP034442.1	267872	268477	+	gi|182682970:712398-713003	1-606/606	===============	0/0	100.00	93.73	victors	gi|182682970:712398-713003	Streptococcus pneumoniae CGSP14 complete genome	
data/unzipped_genomes/streptococcus_oralis/ncbi_dataset/data/GCF_007475365.1/GCF_007475365.1_ASM747536v1_genomic.fna	NZ_CP034442.1	268631	269158	+	gi|194172857:726140-726652	1-510/513	========/======	3/20	99.22	84.31	victors	gi|194172857:726140-726652	Streptococcus pneumoniae TIGR4 chromosome complete genome	
data/unzipped_genomes/streptococcus_oralis/ncbi_dataset/data/GCF_007475365.1/GCF_007475365.1_ASM747536v1_genomic.fna	NZ_CP034442.1	277524	277686	+	gi|194172857:731418-731627	1-163/210	============...	0/0	77.62	80.37	victors	gi|194172857:731418-731627	Streptococcus pneumoniae TIGR4 chromosome complete genome	
data/unzipped_genomes/streptococcus_oralis/ncbi_dataset/data/GCF_007475365.1/GCF_007475365.1_ASM747536v1_genomic.fna	NZ_CP034442.1	294799	296076	+	gi|194172857:788996-790273	1-1278/1278	===============	0/0	100.00	83.57	victors	gi|194172857:788996-790273	Streptococcus pneumoniae TIGR4 chromosome complete genome	
data/unzipped_genomes/streptococcus_oralis/ncbi_dataset/data/GCF_007475365.1/GCF_007475365.1_ASM747536v1_genomic.fna	NZ_CP034442.1	313280	314301	+	gi|194172857:803302-804324	2-1023/1023	===============	0/0	99.90	85.71	victors	gi|194172857:803302-804324	Streptococcus pneumoniae TIGR4 chromosome complete genome	
data/unzipped_genomes/streptococcus_oralis/ncbi_dataset/data/GCF_007475365.1/GCF_007475365.1_ASM747536v1_genomic.fna	NZ_CP034442.1	347173	348840	-	gi|194172857:1135215-1136882	1-1668/1668	===============	0/0	100.00	85.67	victors	gi|194172857:1135215-1136882	Streptococcus pneumoniae TIGR4 chromosome complete genome	
data/unzipped_genomes/streptococcus_oralis/ncbi_dataset/data/GCF_007475365.1/GCF_007475365.1_ASM747536v1_genomic.fna	NZ_CP034442.1	414701	415390	+	gi|194172857:1025575-1026264	1-690/690	========/======	2/2	99.86	84.81	victors	gi|194172857:1025575-1026264	Streptococcus pneumoniae TIGR4 chromosome complete genome	
data/unzipped_genomes/streptococcus_oralis/ncbi_dataset/data/GCF_007475365.1/GCF_007475365.1_ASM747536v1_genomic.fna	NZ_CP034442.1	431431	432287	+	gi|194172857:1044703-1045566	2-858/864	========/======	3/4	98.96	81.84	victors	gi|194172857:1044703-1045566	Streptococcus pneumoniae TIGR4 chromosome complete genome	
data/unzipped_genomes/streptococcus_oralis/ncbi_dataset/data/GCF_007475365.1/GCF_007475365.1_ASM747536v1_genomic.fna	NZ_CP034442.1	439923	441850	+	gi|194172857:1053718-1055646	2-1929/1929	===============	0/0	99.95	82.88	victors	gi|194172857:1053718-1055646	Streptococcus pneumoniae TIGR4 chromosome complete genome	
data/unzipped_genomes/streptococcus_oralis/ncbi_dataset/data/GCF_007475365.1/GCF_007475365.1_ASM747536v1_genomic.fna	NZ_CP034442.1	455759	456223	-	gi|221230948:1049769-1050233	1-465/465	===============	0/0	100.00	93.76	victors	gi|221230948:1049769-1050233	Streptococcus pneumoniae ATCC 700669 complete genome	
data/unzipped_genomes/streptococcus_oralis/ncbi_dataset/data/GCF_007475365.1/GCF_007475365.1_ASM747536v1_genomic.fna	NZ_CP034442.1	468505	469284	-	gi|194172857:1091179-1091958	1-780/780	===============	0/0	100.00	81.67	victors	gi|194172857:1091179-1091958	Streptococcus pneumoniae TIGR4 chromosome complete genome	
data/unzipped_genomes/streptococcus_oralis/ncbi_dataset/data/GCF_007475365.1/GCF_007475365.1_ASM747536v1_genomic.fna	NZ_CP034442.1	470919	472096	-	gi|194172857:1082493-1083671	1-1178/1179	===============	0/0	99.92	83.70	victors	gi|194172857:1082493-1083671	Streptococcus pneumoniae TIGR4 chromosome complete genome	
data/unzipped_genomes/streptococcus_oralis/ncbi_dataset/data/GCF_007475365.1/GCF_007475365.1_ASM747536v1_genomic.fna	NZ_CP034442.1	490614	492073	-	gi|194172857:869868-871343	2-1461/1476	========/======	2/2	98.85	88.98	victors	gi|194172857:869868-871343	Streptococcus pneumoniae TIGR4 chromosome complete genome	
data/unzipped_genomes/streptococcus_oralis/ncbi_dataset/data/GCF_007475365.1/GCF_007475365.1_ASM747536v1_genomic.fna	NZ_CP034442.1	562454	563782	-	gi|194172857:970424-972055	2-1330/1632	=============..	0/0	81.43	88.86	victors	gi|194172857:970424-972055	Streptococcus pneumoniae TIGR4 chromosome complete genome	
data/unzipped_genomes/streptococcus_oralis/ncbi_dataset/data/GCF_007475365.1/GCF_007475365.1_ASM747536v1_genomic.fna	NZ_CP034442.1	567814	568245	-	gi|194172857:965957-966388	1-432/432	===============	0/0	100.00	89.35	victors	gi|194172857:965957-966388	Streptococcus pneumoniae TIGR4 chromosome complete genome	
data/unzipped_genomes/streptococcus_oralis/ncbi_dataset/data/GCF_007475365.1/GCF_007475365.1_ASM747536v1_genomic.fna	NZ_CP034442.1	571227	571826	-	gi|194172857:962373-962972	1-600/600	===============	0/0	100.00	92.33	victors	gi|194172857:962373-962972	Streptococcus pneumoniae TIGR4 chromosome complete genome	
data/unzipped_genomes/streptococcus_oralis/ncbi_dataset/data/GCF_007475365.1/GCF_007475365.1_ASM747536v1_genomic.fna	NZ_CP034442.1	603486	603911	+	gi|194172857:1129404-1129829	1-426/426	===============	0/0	100.00	91.78	victors	gi|194172857:1129404-1129829	Streptococcus pneumoniae TIGR4 chromosome complete genome	
data/unzipped_genomes/streptococcus_oralis/ncbi_dataset/data/GCF_007475365.1/GCF_007475365.1_ASM747536v1_genomic.fna	NZ_CP034442.1	607071	607568	-	gi|194172857:612683-613180	1-498/498	===============	0/0	100.00	91.77	victors	gi|194172857:612683-613180	Streptococcus pneumoniae TIGR4 chromosome complete genome	
data/unzipped_genomes/streptococcus_oralis/ncbi_dataset/data/GCF_007475365.1/GCF_007475365.1_ASM747536v1_genomic.fna	NZ_CP034442.1	629879	630569	+	gi|15902044:1337590-1338288	1-691/699	===============	0/0	98.86	88.13	victors	gi|15902044:1337590-1338288	Streptococcus pneumoniae R6 complete genome	
data/unzipped_genomes/streptococcus_oralis/ncbi_dataset/data/GCF_007475365.1/GCF_007475365.1_ASM747536v1_genomic.fna	NZ_CP034442.1	660837	661386	-	gi|194172857:634195-634758	2-546/564	========/======	3/9	96.28	80.98	victors	gi|194172857:634195-634758	Streptococcus pneumoniae TIGR4 chromosome complete genome	
data/unzipped_genomes/streptococcus_oralis/ncbi_dataset/data/GCF_007475365.1/GCF_007475365.1_ASM747536v1_genomic.fna	NZ_CP034442.1	663185	663922	-	gi|194172857:631654-632391	1-738/738	===============	0/0	100.00	92.55	victors	gi|194172857:631654-632391	Streptococcus pneumoniae TIGR4 chromosome complete genome	
data/unzipped_genomes/streptococcus_oralis/ncbi_dataset/data/GCF_007475365.1/GCF_007475365.1_ASM747536v1_genomic.fna	NZ_CP034442.1	696540	698341	-	gi|194172857:924530-926332	2-1803/1803	===============	0/0	99.94	87.07	victors	gi|194172857:924530-926332	Streptococcus pneumoniae TIGR4 chromosome complete genome	
data/unzipped_genomes/streptococcus_oralis/ncbi_dataset/data/GCF_007475365.1/GCF_007475365.1_ASM747536v1_genomic.fna	NZ_CP034442.1	709563	711218	-	gi|194172857:913088-914743	1-1656/1656	===============	0/0	100.00	89.13	victors	gi|194172857:913088-914743	Streptococcus pneumoniae TIGR4 chromosome complete genome	
data/unzipped_genomes/streptococcus_oralis/ncbi_dataset/data/GCF_007475365.1/GCF_007475365.1_ASM747536v1_genomic.fna	NZ_CP034442.1	714969	716179	-	gi|194172857:778425-779636	2-1212/1212	===============	0/0	99.92	92.07	victors	gi|194172857:778425-779636	Streptococcus pneumoniae TIGR4 chromosome complete genome	
data/unzipped_genomes/streptococcus_oralis/ncbi_dataset/data/GCF_007475365.1/GCF_007475365.1_ASM747536v1_genomic.fna	NZ_CP034442.1	721849	722584	-	gi|116515308:714756-715496	6-741/741	===============	0/0	99.33	87.09	victors	gi|116515308:714756-715496	Streptococcus pneumoniae D39 complete genome	
data/unzipped_genomes/streptococcus_oralis/ncbi_dataset/data/GCF_007475365.1/GCF_007475365.1_ASM747536v1_genomic.fna	NZ_CP034442.1	722654	725179	-	gi|194172857:749306-751852	1-2526/2547	===============	0/0	99.18	89.79	victors	gi|194172857:749306-751852	Streptococcus pneumoniae TIGR4 chromosome complete genome	
data/unzipped_genomes/streptococcus_oralis/ncbi_dataset/data/GCF_007475365.1/GCF_007475365.1_ASM747536v1_genomic.fna	NZ_CP034442.1	745572	746904	-	gi|194172857:892923-894293	39-1371/1371	===============	0/0	97.23	90.70	victors	gi|194172857:892923-894293	Streptococcus pneumoniae TIGR4 chromosome complete genome	
data/unzipped_genomes/streptococcus_oralis/ncbi_dataset/data/GCF_007475365.1/GCF_007475365.1_ASM747536v1_genomic.fna	NZ_CP034442.1	770202	771110	-	gi|194172857:879941-880849	1-909/909	===============	0/0	100.00	90.98	victors	gi|194172857:879941-880849	Streptococcus pneumoniae TIGR4 chromosome complete genome	
data/unzipped_genomes/streptococcus_oralis/ncbi_dataset/data/GCF_007475365.1/GCF_007475365.1_ASM747536v1_genomic.fna	NZ_CP034442.1	774360	775442	+	gi|194172857:1395292-1396374	1-1083/1083	===============	0/0	100.00	89.94	victors	gi|194172857:1395292-1396374	Streptococcus pneumoniae TIGR4 chromosome complete genome	
data/unzipped_genomes/streptococcus_oralis/ncbi_dataset/data/GCF_007475365.1/GCF_007475365.1_ASM747536v1_genomic.fna	NZ_CP034442.1	798584	799098	+	gi|194172857:1213698-1214219	3-517/522	===============	0/0	98.66	86.80	victors	gi|194172857:1213698-1214219	Streptococcus pneumoniae TIGR4 chromosome complete genome	
data/unzipped_genomes/streptococcus_oralis/ncbi_dataset/data/GCF_007475365.1/GCF_007475365.1_ASM747536v1_genomic.fna	NZ_CP034442.1	800607	800983	+	gi|194172857:1215723-1216088	1-366/366	========/======	2/13	99.73	82.80	victors	gi|194172857:1215723-1216088	Streptococcus pneumoniae TIGR4 chromosome complete genome	
data/unzipped_genomes/streptococcus_oralis/ncbi_dataset/data/GCF_007475365.1/GCF_007475365.1_ASM747536v1_genomic.fna	NZ_CP034442.1	804481	805194	+	gi|194172857:1219485-1220198	1-714/714	===============	0/0	100.00	87.67	victors	gi|194172857:1219485-1220198	Streptococcus pneumoniae TIGR4 chromosome complete genome	
data/unzipped_genomes/streptococcus_oralis/ncbi_dataset/data/GCF_007475365.1/GCF_007475365.1_ASM747536v1_genomic.fna	NZ_CP034442.1	805417	806736	+	gi|194172857:1220465-1221784	1-1320/1320	===============	0/0	100.00	87.58	victors	gi|194172857:1220465-1221784	Streptococcus pneumoniae TIGR4 chromosome complete genome	
data/unzipped_genomes/streptococcus_oralis/ncbi_dataset/data/GCF_007475365.1/GCF_007475365.1_ASM747536v1_genomic.fna	NZ_CP034442.1	819712	821664	-	gi|194172857:824351-826303	1-1953/1953	===============	0/0	100.00	91.70	victors	gi|194172857:824351-826303	Streptococcus pneumoniae TIGR4 chromosome complete genome	
data/unzipped_genomes/streptococcus_oralis/ncbi_dataset/data/GCF_007475365.1/GCF_007475365.1_ASM747536v1_genomic.fna	NZ_CP034442.1	837319	838696	+	gi|221230948:1390887-1392266	3-1380/1380	===============	0/0	99.86	89.55	victors	gi|221230948:1390887-1392266	Streptococcus pneumoniae ATCC 700669 complete genome	
data/unzipped_genomes/streptococcus_oralis/ncbi_dataset/data/GCF_007475365.1/GCF_007475365.1_ASM747536v1_genomic.fna	NZ_CP034442.1	861573	862256	-	gi|15902044:726846-727535	7-690/690	========/======	2/2	98.99	81.31	victors	gi|15902044:726846-727535	Streptococcus pneumoniae R6 complete genome	
data/unzipped_genomes/streptococcus_oralis/ncbi_dataset/data/GCF_007475365.1/GCF_007475365.1_ASM747536v1_genomic.fna	NZ_CP034442.1	893885	894475	-	gi|194172857:706881-707471	1-591/591	===============	0/0	100.00	88.33	victors	gi|194172857:706881-707471	Streptococcus pneumoniae TIGR4 chromosome complete genome	
data/unzipped_genomes/streptococcus_oralis/ncbi_dataset/data/GCF_007475365.1/GCF_007475365.1_ASM747536v1_genomic.fna	NZ_CP034442.1	951873	958329	-	gi|194172857:615441-622142	1-6457/6702	========/======	4/6	96.30	86.70	victors	gi|194172857:615441-622142	Streptococcus pneumoniae TIGR4 chromosome complete genome	
data/unzipped_genomes/streptococcus_oralis/ncbi_dataset/data/GCF_007475365.1/GCF_007475365.1_ASM747536v1_genomic.fna	NZ_CP034442.1	967964	969667	-	gi|194172857:640561-642282	1-1704/1722	===============	0/0	98.95	86.39	victors	gi|194172857:640561-642282	Streptococcus pneumoniae TIGR4 chromosome complete genome	
data/unzipped_genomes/streptococcus_oralis/ncbi_dataset/data/GCF_007475365.1/GCF_007475365.1_ASM747536v1_genomic.fna	NZ_CP034442.1	976239	976776	-	gi|194172857:634195-634758	22-559/564	===============	0/0	95.39	80.11	victors	gi|194172857:634195-634758	Streptococcus pneumoniae TIGR4 chromosome complete genome	
data/unzipped_genomes/streptococcus_oralis/ncbi_dataset/data/GCF_007475365.1/GCF_007475365.1_ASM747536v1_genomic.fna	NZ_CP034442.1	981539	983314	-	gi|169832377:762997-764772	1-1776/1776	===============	0/0	100.00	95.72	victors	gi|169832377:762997-764772	Streptococcus pneumoniae Hungary19A-6 complete genome	
data/unzipped_genomes/streptococcus_oralis/ncbi_dataset/data/GCF_007475365.1/GCF_007475365.1_ASM747536v1_genomic.fna	NZ_CP034442.1	983528	985509	-	gi|194172857:692672-694654	2-1983/1983	========/======	2/2	99.90	90.97	victors	gi|194172857:692672-694654	Streptococcus pneumoniae TIGR4 chromosome complete genome	
data/unzipped_genomes/streptococcus_oralis/ncbi_dataset/data/GCF_007475365.1/GCF_007475365.1_ASM747536v1_genomic.fna	NZ_CP034442.1	985781	986152	-	gi|194172857:692030-692401	1-372/372	===============	0/0	100.00	90.32	victors	gi|194172857:692030-692401	Streptococcus pneumoniae TIGR4 chromosome complete genome	
data/unzipped_genomes/streptococcus_oralis/ncbi_dataset/data/GCF_007475365.1/GCF_007475365.1_ASM747536v1_genomic.fna	NZ_CP034442.1	986919	987709	-	gi|194172857:690467-691258	2-792/792	===============	0/0	99.87	89.63	victors	gi|194172857:690467-691258	Streptococcus pneumoniae TIGR4 chromosome complete genome	
data/unzipped_genomes/streptococcus_oralis/ncbi_dataset/data/GCF_007475365.1/GCF_007475365.1_ASM747536v1_genomic.fna	NZ_CP034442.1	991071	992452	-	gi|194172857:685560-686945	1-1382/1386	===============	0/0	99.71	89.65	victors	gi|194172857:685560-686945	Streptococcus pneumoniae TIGR4 chromosome complete genome	
data/unzipped_genomes/streptococcus_oralis/ncbi_dataset/data/GCF_007475365.1/GCF_007475365.1_ASM747536v1_genomic.fna	NZ_CP034442.1	992453	993013	-	gi|194172857:684999-685559	1-561/561	===============	0/0	100.00	93.05	victors	gi|194172857:684999-685559	Streptococcus pneumoniae TIGR4 chromosome complete genome	
data/unzipped_genomes/streptococcus_oralis/ncbi_dataset/data/GCF_007475365.1/GCF_007475365.1_ASM747536v1_genomic.fna	NZ_CP034442.1	994761	995441	-	gi|15902044:631680-632360	1-681/681	===============	0/0	100.00	93.69	victors	gi|15902044:631680-632360	Streptococcus pneumoniae R6 complete genome	
data/unzipped_genomes/streptococcus_oralis/ncbi_dataset/data/GCF_007475365.1/GCF_007475365.1_ASM747536v1_genomic.fna	NZ_CP034442.1	995401	996078	-	gi|15902044:631043-631720	1-678/678	===============	0/0	100.00	93.22	victors	gi|15902044:631043-631720	Streptococcus pneumoniae R6 complete genome	
data/unzipped_genomes/streptococcus_oralis/ncbi_dataset/data/GCF_007475365.1/GCF_007475365.1_ASM747536v1_genomic.fna	NZ_CP034442.1	1007207	1008199	+	gi|194172857:1761890-1762897	1-993/1008	===============	0/0	98.51	90.63	victors	gi|194172857:1761890-1762897	Streptococcus pneumoniae TIGR4 chromosome complete genome	
data/unzipped_genomes/streptococcus_oralis/ncbi_dataset/data/GCF_007475365.1/GCF_007475365.1_ASM747536v1_genomic.fna	NZ_CP034442.1	1011786	1012514	+	gi|194172857:1768968-1769696	1-729/729	===============	0/0	100.00	90.40	victors	gi|194172857:1768968-1769696	Streptococcus pneumoniae TIGR4 chromosome complete genome	
data/unzipped_genomes/streptococcus_oralis/ncbi_dataset/data/GCF_007475365.1/GCF_007475365.1_ASM747536v1_genomic.fna	NZ_CP034442.1	1019954	1022110	+	gi|194172857:1804474-1806636	10-2163/2163	========/======	4/5	99.54	90.73	victors	gi|194172857:1804474-1806636	Streptococcus pneumoniae TIGR4 chromosome complete genome	
data/unzipped_genomes/streptococcus_oralis/ncbi_dataset/data/GCF_007475365.1/GCF_007475365.1_ASM747536v1_genomic.fna	NZ_CP034442.1	1072556	1073901	-	gi|116515308:456040-457386	2-1347/1347	========/======	2/2	99.85	93.10	victors	gi|116515308:456040-457386	Streptococcus pneumoniae D39 complete genome	
data/unzipped_genomes/streptococcus_oralis/ncbi_dataset/data/GCF_007475365.1/GCF_007475365.1_ASM747536v1_genomic.fna	NZ_CP034442.1	1085079	1086049	+	gi|194172857:1774496-1775470	1-971/975	===============	0/0	99.59	89.91	victors	gi|194172857:1774496-1775470	Streptococcus pneumoniae TIGR4 chromosome complete genome	
data/unzipped_genomes/streptococcus_oralis/ncbi_dataset/data/GCF_007475365.1/GCF_007475365.1_ASM747536v1_genomic.fna	NZ_CP034442.1	1092306	1092827	+	gi|194172857:1781907-1782428	1-522/522	===============	0/0	100.00	86.97	victors	gi|194172857:1781907-1782428	Streptococcus pneumoniae TIGR4 chromosome complete genome	
data/unzipped_genomes/streptococcus_oralis/ncbi_dataset/data/GCF_007475365.1/GCF_007475365.1_ASM747536v1_genomic.fna	NZ_CP034442.1	1110057	1110599	-	gi|194172857:304678-305220	1-543/543	===============	0/0	100.00	89.32	victors	gi|194172857:304678-305220	Streptococcus pneumoniae TIGR4 chromosome complete genome	
data/unzipped_genomes/streptococcus_oralis/ncbi_dataset/data/GCF_007475365.1/GCF_007475365.1_ASM747536v1_genomic.fna	NZ_CP034442.1	1127201	1128200	+	gi|15902044:1611987-1612988	3-1002/1002	===============	0/0	99.80	82.00	victors	gi|15902044:1611987-1612988	Streptococcus pneumoniae R6 complete genome	
data/unzipped_genomes/streptococcus_oralis/ncbi_dataset/data/GCF_007475365.1/GCF_007475365.1_ASM747536v1_genomic.fna	NZ_CP034442.1	1150834	1151727	+	gi|194172857:1620920-1621813	1-894/894	===============	0/0	100.00	88.81	victors	gi|194172857:1620920-1621813	Streptococcus pneumoniae TIGR4 chromosome complete genome	
data/unzipped_genomes/streptococcus_oralis/ncbi_dataset/data/GCF_007475365.1/GCF_007475365.1_ASM747536v1_genomic.fna	NZ_CP034442.1	1159707	1161138	-	gi|194172857:459147-460586	9-1440/1440	===============	0/0	99.44	84.78	victors	gi|194172857:459147-460586	Streptococcus pneumoniae TIGR4 chromosome complete genome	
data/unzipped_genomes/streptococcus_oralis/ncbi_dataset/data/GCF_007475365.1/GCF_007475365.1_ASM747536v1_genomic.fna	NZ_CP034442.1	1163248	1164174	+	gi|194172857:1793112-1794038	1-927/927	===============	0/0	100.00	83.06	victors	gi|194172857:1793112-1794038	Streptococcus pneumoniae TIGR4 chromosome complete genome	
data/unzipped_genomes/streptococcus_oralis/ncbi_dataset/data/GCF_007475365.1/GCF_007475365.1_ASM747536v1_genomic.fna	NZ_CP034442.1	1164174	1165670	+	gi|194172857:1794038-1795534	1-1497/1497	========/======	2/2	99.93	84.51	victors	gi|194172857:1794038-1795534	Streptococcus pneumoniae TIGR4 chromosome complete genome	
data/unzipped_genomes/streptococcus_oralis/ncbi_dataset/data/GCF_007475365.1/GCF_007475365.1_ASM747536v1_genomic.fna	NZ_CP034442.1	1169725	1170538	+	gi|194172857:1872209-1873033	12-825/825	===============	0/0	98.67	80.96	victors	gi|194172857:1872209-1873033	Streptococcus pneumoniae TIGR4 chromosome complete genome	
data/unzipped_genomes/streptococcus_oralis/ncbi_dataset/data/GCF_007475365.1/GCF_007475365.1_ASM747536v1_genomic.fna	NZ_CP034442.1	1174449	1175440	+	gi|194172857:1876951-1877943	2-993/993	===============	0/0	99.90	84.68	victors	gi|194172857:1876951-1877943	Streptococcus pneumoniae TIGR4 chromosome complete genome	
data/unzipped_genomes/streptococcus_oralis/ncbi_dataset/data/GCF_007475365.1/GCF_007475365.1_ASM747536v1_genomic.fna	NZ_CP034442.1	1178414	1179206	+	gi|194172857:1880925-1881719	3-795/795	===============	0/0	99.75	87.77	victors	gi|194172857:1880925-1881719	Streptococcus pneumoniae TIGR4 chromosome complete genome	
data/unzipped_genomes/streptococcus_oralis/ncbi_dataset/data/GCF_007475365.1/GCF_007475365.1_ASM747536v1_genomic.fna	NZ_CP034442.1	1197742	1198704	+	gi|194172857:1900695-1901657	1-963/963	===============	0/0	100.00	82.35	victors	gi|194172857:1900695-1901657	Streptococcus pneumoniae TIGR4 chromosome complete genome	
data/unzipped_genomes/streptococcus_oralis/ncbi_dataset/data/GCF_007475365.1/GCF_007475365.1_ASM747536v1_genomic.fna	NZ_CP034442.1	1198758	1199782	+	gi|15902044:1783326-1784366	1-1025/1041	========/======	2/2	98.37	82.26	victors	gi|15902044:1783326-1784366	Streptococcus pneumoniae R6 complete genome	
data/unzipped_genomes/streptococcus_oralis/ncbi_dataset/data/GCF_007475365.1/GCF_007475365.1_ASM747536v1_genomic.fna	NZ_CP034442.1	1212816	1214150	-	gi|116515308:259029-260363	1-1335/1335	===============	0/0	100.00	92.73	victors	gi|116515308:259029-260363	Streptococcus pneumoniae D39 complete genome	
data/unzipped_genomes/streptococcus_oralis/ncbi_dataset/data/GCF_007475365.1/GCF_007475365.1_ASM747536v1_genomic.fna	NZ_CP034442.1	1216729	1221120	-	gi|194172857:250617-255008	1-4392/4392	===============	0/0	100.00	89.62	victors	gi|194172857:250617-255008	Streptococcus pneumoniae TIGR4 chromosome complete genome	
data/unzipped_genomes/streptococcus_oralis/ncbi_dataset/data/GCF_007475365.1/GCF_007475365.1_ASM747536v1_genomic.fna	NZ_CP034442.1	1221308	1222687	-	gi|194172857:238197-239576	1-1380/1380	===============	0/0	100.00	84.28	victors	gi|194172857:238197-239576	Streptococcus pneumoniae TIGR4 chromosome complete genome	
data/unzipped_genomes/streptococcus_oralis/ncbi_dataset/data/GCF_007475365.1/GCF_007475365.1_ASM747536v1_genomic.fna	NZ_CP034442.1	1246485	1248986	-	gi|194172857:224751-227252	1-2502/2502	===============	0/0	100.00	91.61	victors	gi|194172857:224751-227252	Streptococcus pneumoniae TIGR4 chromosome complete genome	
data/unzipped_genomes/streptococcus_oralis/ncbi_dataset/data/GCF_007475365.1/GCF_007475365.1_ASM747536v1_genomic.fna	NZ_CP034442.1	1249159	1249833	-	gi|194172857:209956-210648	8-682/693	===============	0/0	97.40	84.59	victors	gi|194172857:209956-210648	Streptococcus pneumoniae TIGR4 chromosome complete genome	
data/unzipped_genomes/streptococcus_oralis/ncbi_dataset/data/GCF_007475365.1/GCF_007475365.1_ASM747536v1_genomic.fna	NZ_CP034442.1	1295453	1295909	-	gi|194172857:157863-158321	3-459/459	===============	0/0	99.56	87.97	victors	gi|194172857:157863-158321	Streptococcus pneumoniae TIGR4 chromosome complete genome	
data/unzipped_genomes/streptococcus_oralis/ncbi_dataset/data/GCF_007475365.1/GCF_007475365.1_ASM747536v1_genomic.fna	NZ_CP034442.1	1295950	1298484	+	gi|194172857:1984956-1987489	1-2534/2534	========/======	1/1	100.00	88.95	victors	gi|194172857:1984956-1987489	Streptococcus pneumoniae TIGR4 chromosome complete genome	
data/unzipped_genomes/streptococcus_oralis/ncbi_dataset/data/GCF_007475365.1/GCF_007475365.1_ASM747536v1_genomic.fna	NZ_CP034442.1	1312950	1314323	-	gi|194172857:147450-148823	1-1374/1374	===============	0/0	100.00	90.90	victors	gi|194172857:147450-148823	Streptococcus pneumoniae TIGR4 chromosome complete genome	
data/unzipped_genomes/streptococcus_oralis/ncbi_dataset/data/GCF_007475365.1/GCF_007475365.1_ASM747536v1_genomic.fna	NZ_CP034442.1	1316692	1317348	-	gi|194172857:144439-145095	1-657/657	===============	0/0	100.00	89.50	victors	gi|194172857:144439-145095	Streptococcus pneumoniae TIGR4 chromosome complete genome	
data/unzipped_genomes/streptococcus_oralis/ncbi_dataset/data/GCF_007475365.1/GCF_007475365.1_ASM747536v1_genomic.fna	NZ_CP034442.1	1318322	1319548	-	gi|194172857:142668-143894	1-1227/1227	===============	0/0	100.00	85.00	victors	gi|194172857:142668-143894	Streptococcus pneumoniae TIGR4 chromosome complete genome	
data/unzipped_genomes/streptococcus_oralis/ncbi_dataset/data/GCF_007475365.1/GCF_007475365.1_ASM747536v1_genomic.fna	NZ_CP034442.1	1320401	1321263	-	gi|194172857:139838-140701	2-864/864	========/======	2/2	99.77	88.08	victors	gi|194172857:139838-140701	Streptococcus pneumoniae TIGR4 chromosome complete genome	
data/unzipped_genomes/streptococcus_oralis/ncbi_dataset/data/GCF_007475365.1/GCF_007475365.1_ASM747536v1_genomic.fna	NZ_CP034442.1	1322361	1322798	-	gi|194172857:128979-129416	1-438/438	===============	0/0	100.00	91.10	victors	gi|194172857:128979-129416	Streptococcus pneumoniae TIGR4 chromosome complete genome	
data/unzipped_genomes/streptococcus_oralis/ncbi_dataset/data/GCF_007475365.1/GCF_007475365.1_ASM747536v1_genomic.fna	NZ_CP034442.1	1324681	1326359	-	gi|194172857:125050-126729	2-1680/1680	===============	0/0	99.94	92.32	victors	gi|194172857:125050-126729	Streptococcus pneumoniae TIGR4 chromosome complete genome	
data/unzipped_genomes/streptococcus_oralis/ncbi_dataset/data/GCF_007475365.1/GCF_007475365.1_ASM747536v1_genomic.fna	NZ_CP034442.1	1334503	1336577	-	gi|194172857:111156-113240	1-2075/2085	===============	0/0	99.52	89.49	victors	gi|194172857:111156-113240	Streptococcus pneumoniae TIGR4 chromosome complete genome	
data/unzipped_genomes/streptococcus_oralis/ncbi_dataset/data/GCF_007475365.1/GCF_007475365.1_ASM747536v1_genomic.fna	NZ_CP034442.1	1348263	1348588	-	gi|194172857:101779-102105	2-327/327	===============	0/0	99.69	89.26	victors	gi|194172857:101779-102105	Streptococcus pneumoniae TIGR4 chromosome complete genome	
data/unzipped_genomes/streptococcus_oralis/ncbi_dataset/data/GCF_007475365.1/GCF_007475365.1_ASM747536v1_genomic.fna	NZ_CP034442.1	1352163	1353149	-	gi|194172857:96869-97855	1-987/987	===============	0/0	100.00	93.92	victors	gi|194172857:96869-97855	Streptococcus pneumoniae TIGR4 chromosome complete genome	
data/unzipped_genomes/streptococcus_oralis/ncbi_dataset/data/GCF_007475365.1/GCF_007475365.1_ASM747536v1_genomic.fna	NZ_CP034442.1	1354498	1355978	-	gi|194172857:95122-96597	1-1475/1476	========/======	1/6	99.93	92.44	victors	gi|194172857:95122-96597	Streptococcus pneumoniae TIGR4 chromosome complete genome	
data/unzipped_genomes/streptococcus_oralis/ncbi_dataset/data/GCF_007475365.1/GCF_007475365.1_ASM747536v1_genomic.fna	NZ_CP034442.1	1361259	1362128	+	gi|194172857:2052445-2053314	1-870/870	===============	0/0	100.00	89.08	victors	gi|194172857:2052445-2053314	Streptococcus pneumoniae TIGR4 chromosome complete genome	
data/unzipped_genomes/streptococcus_oralis/ncbi_dataset/data/GCF_007475365.1/GCF_007475365.1_ASM747536v1_genomic.fna	NZ_CP034442.1	1362225	1364883	+	gi|194172857:2053397-2056057	2-2661/2661	========/======	1/1	99.92	87.74	victors	gi|194172857:2053397-2056057	Streptococcus pneumoniae TIGR4 chromosome complete genome	
data/unzipped_genomes/streptococcus_oralis/ncbi_dataset/data/GCF_007475365.1/GCF_007475365.1_ASM747536v1_genomic.fna	NZ_CP034442.1	1366376	1368459	+	gi|194172857:2057585-2059669	1-2084/2085	===============	0/0	99.95	87.57	victors	gi|194172857:2057585-2059669	Streptococcus pneumoniae TIGR4 chromosome complete genome	
data/unzipped_genomes/streptococcus_oralis/ncbi_dataset/data/GCF_007475365.1/GCF_007475365.1_ASM747536v1_genomic.fna	NZ_CP034442.1	1368500	1370179	+	gi|194172857:2059709-2061388	1-1680/1680	===============	0/0	100.00	86.19	victors	gi|194172857:2059709-2061388	Streptococcus pneumoniae TIGR4 chromosome complete genome	
data/unzipped_genomes/streptococcus_oralis/ncbi_dataset/data/GCF_007475365.1/GCF_007475365.1_ASM747536v1_genomic.fna	NZ_CP034442.1	1379001	1379807	+	gi|194172857:2088331-2089137	1-807/807	========/======	2/2	99.88	85.15	victors	gi|194172857:2088331-2089137	Streptococcus pneumoniae TIGR4 chromosome complete genome	
data/unzipped_genomes/streptococcus_oralis/ncbi_dataset/data/GCF_007475365.1/GCF_007475365.1_ASM747536v1_genomic.fna	NZ_CP034442.1	1382598	1383839	+	gi|194172857:2091943-2093184	1-1242/1242	========/======	4/4	99.84	82.07	victors	gi|194172857:2091943-2093184	Streptococcus pneumoniae TIGR4 chromosome complete genome	
data/unzipped_genomes/streptococcus_oralis/ncbi_dataset/data/GCF_007475365.1/GCF_007475365.1_ASM747536v1_genomic.fna	NZ_CP034442.1	1383839	1385389	+	gi|194172857:2093184-2094734	1-1551/1551	===============	0/0	100.00	88.52	victors	gi|194172857:2093184-2094734	Streptococcus pneumoniae TIGR4 chromosome complete genome	
data/unzipped_genomes/streptococcus_oralis/ncbi_dataset/data/GCF_007475365.1/GCF_007475365.1_ASM747536v1_genomic.fna	NZ_CP034442.1	1417461	1418378	+	gi|194172857:2130641-2131561	1-918/921	===============	0/0	99.67	88.34	victors	gi|194172857:2130641-2131561	Streptococcus pneumoniae TIGR4 chromosome complete genome	
data/unzipped_genomes/streptococcus_oralis/ncbi_dataset/data/GCF_007475365.1/GCF_007475365.1_ASM747536v1_genomic.fna	NZ_CP034442.1	1435905	1438446	+	gi|194172857:2150516-2153068	1-2551/2553	========/======	3/11	99.53	83.35	victors	gi|194172857:2150516-2153068	Streptococcus pneumoniae TIGR4 chromosome complete genome	
data/unzipped_genomes/streptococcus_oralis/ncbi_dataset/data/GCF_007475365.1/GCF_007475365.1_ASM747536v1_genomic.fna	NZ_CP034442.1	1472344	1473735	+	gi|194172857:25916-27307	1-1392/1392	===============	0/0	100.00	90.95	victors	gi|194172857:25916-27307	Streptococcus pneumoniae TIGR4 chromosome complete genome	
data/unzipped_genomes/streptococcus_oralis/ncbi_dataset/data/GCF_007475365.1/GCF_007475365.1_ASM747536v1_genomic.fna	NZ_CP034442.1	1489354	1493079	+	gi|194396645:44071-47796	1-3726/3726	===============	0/0	100.00	89.91	victors	gi|194396645:44071-47796	Streptococcus pneumoniae G54 chromosome complete genome	
data/unzipped_genomes/streptococcus_oralis/ncbi_dataset/data/GCF_007475365.1/GCF_007475365.1_ASM747536v1_genomic.fna	NZ_CP034442.1	1495594	1496115	+	gi|116515308:52811-53356	1-522/546	===============	0/0	95.60	89.85	victors	gi|116515308:52811-53356	Streptococcus pneumoniae D39 complete genome	
data/unzipped_genomes/streptococcus_oralis/ncbi_dataset/data/GCF_007475365.1/GCF_007475365.1_ASM747536v1_genomic.fna	NZ_CP034442.1	1496156	1497702	+	gi|194172857:53070-54617	2-1548/1548	===============	0/0	99.94	89.40	victors	gi|194172857:53070-54617	Streptococcus pneumoniae TIGR4 chromosome complete genome	
data/unzipped_genomes/streptococcus_oralis/ncbi_dataset/data/GCF_007475365.1/GCF_007475365.1_ASM747536v1_genomic.fna	NZ_CP034442.1	1504762	1506041	+	gi|116515308:59174-60472	20-1299/1299	===============	0/0	98.54	89.69	victors	gi|116515308:59174-60472	Streptococcus pneumoniae D39 complete genome	
data/unzipped_genomes/streptococcus_oralis/ncbi_dataset/data/GCF_007475365.1/GCF_007475365.1_ASM747536v1_genomic.fna	NZ_CP034442.1	1506462	1509694	+	gi|194172857:59623-63561	187-3419/3939	========/=====.	2/2	82.05	82.84	victors	gi|194172857:59623-63561	Streptococcus pneumoniae TIGR4 chromosome complete genome	
data/unzipped_genomes/streptococcus_oralis/ncbi_dataset/data/GCF_007475365.1/GCF_007475365.1_ASM747536v1_genomic.fna	NZ_CP034442.1	1514643	1515456	+	gi|194172857:68134-68949	1-814/816	===============	0/0	99.75	93.86	victors	gi|194172857:68134-68949	Streptococcus pneumoniae TIGR4 chromosome complete genome	
data/unzipped_genomes/streptococcus_oralis/ncbi_dataset/data/GCF_007475365.1/GCF_007475365.1_ASM747536v1_genomic.fna	NZ_CP034442.1	1570062	1571330	-	gi|194172857:2020749-2022020	1-1272/1272	========/======	3/5	99.69	86.96	victors	gi|194172857:2020749-2022020	Streptococcus pneumoniae TIGR4 chromosome complete genome	
data/unzipped_genomes/streptococcus_oralis/ncbi_dataset/data/GCF_007475365.1/GCF_007475365.1_ASM747536v1_genomic.fna	NZ_CP034442.1	1576950	1579002	-	gi|194172857:2010641-2012704	12-2064/2064	===============	0/0	99.47	95.37	victors	gi|194172857:2010641-2012704	Streptococcus pneumoniae TIGR4 chromosome complete genome	
data/unzipped_genomes/streptococcus_oralis/ncbi_dataset/data/GCF_007475365.1/GCF_007475365.1_ASM747536v1_genomic.fna	NZ_CP034442.1	1585933	1586472	-	gi|194172857:2003047-2003586	1-540/540	===============	0/0	100.00	84.81	victors	gi|194172857:2003047-2003586	Streptococcus pneumoniae TIGR4 chromosome complete genome	
data/unzipped_genomes/streptococcus_oralis/ncbi_dataset/data/GCF_007475365.1/GCF_007475365.1_ASM747536v1_genomic.fna	NZ_CP034442.1	1650412	1651282	-	gi|194172857:1952670-1953542	1-871/873	========/======	2/2	99.66	87.16	victors	gi|194172857:1952670-1953542	Streptococcus pneumoniae TIGR4 chromosome complete genome	
data/unzipped_genomes/streptococcus_oralis/ncbi_dataset/data/GCF_007475365.1/GCF_007475365.1_ASM747536v1_genomic.fna	NZ_CP034442.1	1693777	1695146	-	gi|194172857:1841736-1843106	2-1371/1371	===============	0/0	99.93	87.37	victors	gi|194172857:1841736-1843106	Streptococcus pneumoniae TIGR4 chromosome complete genome	
data/unzipped_genomes/streptococcus_oralis/ncbi_dataset/data/GCF_007475365.1/GCF_007475365.1_ASM747536v1_genomic.fna	NZ_CP034442.1	1713160	1714860	+	gi|194172857:417448-419148	1-1701/1701	===============	0/0	100.00	85.89	victors	gi|194172857:417448-419148	Streptococcus pneumoniae TIGR4 chromosome complete genome	
data/unzipped_genomes/streptococcus_oralis/ncbi_dataset/data/GCF_007475365.1/GCF_007475365.1_ASM747536v1_genomic.fna	NZ_CP034442.1	1723518	1724363	+	gi|116515308:417194-418039	1-846/846	===============	0/0	100.00	82.86	victors	gi|116515308:417194-418039	Streptococcus pneumoniae D39 complete genome	
data/unzipped_genomes/streptococcus_oralis/ncbi_dataset/data/GCF_007475365.1/GCF_007475365.1_ASM747536v1_genomic.fna	NZ_CP034442.1	1728411	1730500	+	gi|194172857:310722-312827	17-2106/2106	===============	0/0	99.24	90.72	victors	gi|194172857:310722-312827	Streptococcus pneumoniae TIGR4 chromosome complete genome	
data/unzipped_genomes/streptococcus_oralis/ncbi_dataset/data/GCF_007475365.1/GCF_007475365.1_ASM747536v1_genomic.fna	NZ_CP034442.1	1730559	1731041	+	gi|116515308:308501-308983	1-483/483	===============	0/0	100.00	91.92	victors	gi|116515308:308501-308983	Streptococcus pneumoniae D39 complete genome	
data/unzipped_genomes/streptococcus_oralis/ncbi_dataset/data/GCF_007475365.1/GCF_007475365.1_ASM747536v1_genomic.fna	NZ_CP034442.1	1744516	1745247	+	gi|194396645:305221-305952	1-732/732	========/======	2/2	99.86	81.45	victors	gi|194396645:305221-305952	Streptococcus pneumoniae G54 chromosome complete genome	
data/unzipped_genomes/streptococcus_oralis/ncbi_dataset/data/GCF_007475365.1/GCF_007475365.1_ASM747536v1_genomic.fna	NZ_CP034442.1	1770542	1771231	+	gi|194396645:336110-336799	1-690/690	===============	0/0	100.00	85.65	victors	gi|194396645:336110-336799	Streptococcus pneumoniae G54 chromosome complete genome	
data/unzipped_genomes/streptococcus_oralis/ncbi_dataset/data/GCF_007475365.1/GCF_007475365.1_ASM747536v1_genomic.fna	NZ_CP034442.1	1776388	1777086	+	gi|194172857:365195-365893	1-699/699	===============	0/0	100.00	85.84	victors	gi|194172857:365195-365893	Streptococcus pneumoniae TIGR4 chromosome complete genome	
data/unzipped_genomes/streptococcus_oralis/ncbi_dataset/data/GCF_007475365.1/GCF_007475365.1_ASM747536v1_genomic.fna	NZ_CP034442.1	1873860	1874726	+	gi|194172857:556411-557277	1-867/867	===============	0/0	100.00	88.81	victors	gi|194172857:556411-557277	Streptococcus pneumoniae TIGR4 chromosome complete genome	
data/unzipped_genomes/streptococcus_oralis/ncbi_dataset/data/GCF_007475365.1/GCF_007475365.1_ASM747536v1_genomic.fna	NZ_CP034442.1	1881996	1883125	-	gi|194172857:1485134-1486264	2-1131/1131	===============	0/0	99.91	93.54	victors	gi|194172857:1485134-1486264	Streptococcus pneumoniae TIGR4 chromosome complete genome	
data/unzipped_genomes/streptococcus_oralis/ncbi_dataset/data/GCF_007475365.1/GCF_007475365.1_ASM747536v1_genomic.fna	NZ_CP034442.1	1883270	1885484	-	gi|194172857:1541750-1543972	3-2223/2223	========/======	1/6	99.64	87.53	victors	gi|194172857:1541750-1543972	Streptococcus pneumoniae TIGR4 chromosome complete genome	
data/unzipped_genomes/streptococcus_oralis/ncbi_dataset/data/GCF_007475365.1/GCF_007475365.1_ASM747536v1_genomic.fna	NZ_CP034442.1	1887846	1888775	-	gi|15902044:1470685-1471614	1-930/930	========/======	2/6	99.68	89.92	victors	gi|15902044:1470685-1471614	Streptococcus pneumoniae R6 complete genome	
data/unzipped_genomes/streptococcus_oralis/ncbi_dataset/data/GCF_007475365.1/GCF_007475365.1_ASM747536v1_genomic.fna	NZ_CP034442.1	1888816	1889650	-	gi|116515308:1477336-1478184	1-835/849	===============	0/0	98.35	83.47	victors	gi|116515308:1477336-1478184	Streptococcus pneumoniae D39 complete genome	
data/unzipped_genomes/streptococcus_oralis/ncbi_dataset/data/GCF_007475365.1/GCF_007475365.1_ASM747536v1_genomic.fna	NZ_CP034442.1	1889647	1890369	-	gi|116515308:1476617-1477339	1-723/723	===============	0/0	100.00	82.02	victors	gi|116515308:1476617-1477339	Streptococcus pneumoniae D39 complete genome	
data/unzipped_genomes/streptococcus_oralis/ncbi_dataset/data/GCF_007475365.1/GCF_007475365.1_ASM747536v1_genomic.fna	NZ_CP034442.1	1892536	1893165	-	gi|194172857:1544931-1545560	1-630/630	===============	0/0	100.00	83.97	victors	gi|194172857:1544931-1545560	Streptococcus pneumoniae TIGR4 chromosome complete genome	
data/unzipped_genomes/streptococcus_oralis/ncbi_dataset/data/GCF_007475365.1/GCF_007475365.1_ASM747536v1_genomic.fna	NZ_CP034442.1	1896185	1896862	-	gi|194172857:1533514-1534191	1-678/678	===============	0/0	100.00	86.28	victors	gi|194172857:1533514-1534191	Streptococcus pneumoniae TIGR4 chromosome complete genome	
data/unzipped_genomes/streptococcus_oralis/ncbi_dataset/data/GCF_007475365.1/GCF_007475365.1_ASM747536v1_genomic.fna	NZ_CP034442.1	1906884	1907542	+	gi|15902044:532101-532760	2-660/660	===============	0/0	99.85	90.44	victors	gi|15902044:532101-532760	Streptococcus pneumoniae R6 complete genome	
data/unzipped_genomes/streptococcus_oralis/ncbi_dataset/data/GCF_007475365.1/GCF_007475365.1_ASM747536v1_genomic.fna	NZ_CP034442.1	1907552	1908229	+	gi|15902044:532770-533447	1-678/678	===============	0/0	100.00	93.07	victors	gi|15902044:532770-533447	Streptococcus pneumoniae R6 complete genome	
data/unzipped_genomes/streptococcus_oralis/ncbi_dataset/data/GCF_007475365.1/GCF_007475365.1_ASM747536v1_genomic.fna	NZ_CP034442.1	1914108	1914876	+	gi|194172857:581578-582357	1-769/780	===============	0/0	98.59	82.31	victors	gi|194172857:581578-582357	Streptococcus pneumoniae TIGR4 chromosome complete genome	
data/unzipped_genomes/streptococcus_oralis/ncbi_dataset/data/GCF_007475365.1/GCF_007475365.1_ASM747536v1_genomic.fna	NZ_CP034442.1	1921929	1922534	+	gi|194172857:589566-590171	1-606/606	===============	0/0	100.00	92.08	victors	gi|194172857:589566-590171	Streptococcus pneumoniae TIGR4 chromosome complete genome	
