database	species_folder	accession	source_file	data/unzipped_genomes/corynebacterium_striatum/ncbi_dataset/data/GCF_002156805.1/GCF_002156805.1_ASM215680v1_genomic.fna	NZ_CP021252.1	767252	767698	-	aac(3)-XI_1	1-447/447	===============	0/0	100.00	100.00.1	resfinder	CTEG01000046	aac(3)-XI	Unnamed: 14	data/unzipped_genomes/corynebacterium_striatum/ncbi_dataset/data/GCF_002803965.1/GCF_002803965.1_ASM280396v1_genomic.fna	NZ_CP024931.1	1962974	1964424	+	tet(O/W)_4	470-1920/1920	...============	75.57	99.86	AM889121	tet(O/W)	Doxycycline;Minocycline;Tetracycline	data/unzipped_genomes/corynebacterium_striatum/ncbi_dataset/data/GCF_002804085.1/GCF_002804085.1_ASM280408v1_genomic.fna	NZ_CP024932.1	2378958	2379404	data/unzipped_genomes/corynebacterium_striatum/ncbi_dataset/data/GCF_016728105.1/GCF_016728105.1_ASM1672810v1_genomic.fna	NZ_CP068158.1	24724	25170	data/unzipped_genomes/enterococcus_faecalis/ncbi_dataset/data/GCF_001989555.1/GCF_001989555.1_ASM198955v1_genomic.fna	NZ_CP019512.1	2525483	2526979	lsa(A)_3	1-1497/1497	98.53	AY737526	lsa(A)	Clindamycin;Dalfopristin;Lincomycin;Pristinamycin_IIA;Virginiamycin_M	data/unzipped_genomes/enterococcus_faecalis/ncbi_dataset/data/GCF_002208945.1/GCF_002208945.1_ASM220894v2_genomic.fna	NZ_CP022059.1	736880	738799	tet(M)_5	1-1920/1920	98.33	U58985	tet(M)	data/unzipped_genomes/fusobacterium_nucleatum/ncbi_dataset/data/GCF_028621975.1/GCF_028621975.1_ASM2862197v1_genomic.fna	NZ_CP117525.1	1966491	1967253	erm(B)_18	1-762/762	========/======	1/1	98.95	X66468	erm(B)	Clindamycin;Erythromycin;Lincomycin;Pristinamycin_IA;Quinupristin;Virginiamycin_S	data/unzipped_genomes/prevotella_intermedia/ncbi_dataset/data/GCF_002763535.1/GCF_002763535.1_ASM276353v1_genomic.fna	NZ_CP024696.1	16531	17496	cfxA3_1	1-966/966	99.90	AF472622	cfxA3	Ampicillin	data/unzipped_genomes/prevotella_intermedia/ncbi_dataset/data/GCF_002763575.1/GCF_002763575.1_ASM276357v1_genomic.fna	NZ_CP024697.1	2516446	2517411	data/unzipped_genomes/staphylococcus_capitis/ncbi_dataset/data/GCF_002356175.1/GCF_002356175.1_ASM235617v1_genomic.fna	NZ_AP014956.1	39427	39825	bleO_1	1-399/399	AF051917	bleO	Bleomycin	data/unzipped_genomes/staphylococcus_capitis/ncbi_dataset/data/GCF_015243435.1/GCF_015243435.1_ASM1524343v1_genomic.fna	NZ_CP042341.1	518613	519512	mph(C)_2	1-900/900	AF167161	mph(C)	Erythromycin;Spiramycin;Telithromycin	data/unzipped_genomes/staphylococcus_capitis/ncbi_dataset/data/GCF_020883475.1/GCF_020883475.1_ASM2088347v1_genomic.fna	NZ_CP086659.1	108336	109118	ant(9)-Ia_1	1-783/783	X02588	ant(9)-Ia	Spectinomycin	data/unzipped_genomes/staphylococcus_epidermidis/ncbi_dataset/data/GCF_002215535.1/GCF_002215535.1_ASM221553v1_genomic.fna	NZ_CP022247.1	1414727	1415368	fusB_1	1-642/642	AY373761	fusB	Fusidic_acid	data/unzipped_genomes/staphylococcus_epidermidis/ncbi_dataset/data/GCF_006094375.1/GCF_006094375.1_ASM609437v1_genomic.fna	NZ_CP035288.1	955026	955923	blaZ_29	3-900/900	99.78	99.00	JDXN01000019	blaZ	Amoxicillin;Ampicillin;Penicillin;Piperacillin	data/unzipped_genomes/staphylococcus_haemolyticus/ncbi_dataset/data/GCF_001611955.1/GCF_001611955.1_ASM161195v1_genomic.fna	NZ_CP013911.1	2511891	2513897	mecA_6	1-2007/2007	BX571856	mecA	Amoxicillin;Amoxicillin+Clavulanic_acid;Ampicillin;Ampicillin+Clavulanic_acid;Cefepime;Cefixime;Cefotaxime;Cefoxitin;Ceftazidime;Ertapenem;Imipenem;Meropenem;Piperacillin;Piperacillin+Tazobactam	data/unzipped_genomes/staphylococcus_haemolyticus/ncbi_dataset/data/GCF_002906595.1/GCF_002906595.1_ASM290659v1_genomic.fna	NZ_CP024809.1	70429	72435	mecA_8	NC_007168	data/unzipped_genomes/staphylococcus_haemolyticus/ncbi_dataset/data/GCF_002906615.1/GCF_002906615.1_ASM290661v1_genomic.fna	NZ_CP025396.1	data/unzipped_genomes/staphylococcus_haemolyticus/ncbi_dataset/data/GCF_002952715.2/GCF_002952715.2_ASM295271v2_genomic.fna	NZ_CP025031.1	866051	867430	tet(K)_1	1-1380/1380	U38656	tet(K)	Doxycycline;Tetracycline	data/unzipped_genomes/streptococcus_anginosus/ncbi_dataset/data/GCF_000831165.1/GCF_000831165.1_ASM83116v1_genomic.fna	NZ_CP007573.1	764549	766359	VanGXY_1	1-1811/1811	AY271782	VanGXY	Vancomycin	data/unzipped_genomes/streptococcus_anginosus/ncbi_dataset/data/GCF_008726365.3/GCF_008726365.3_ASM872636v3_genomic.fna	NZ_CP136160.1	1260795	1262714	tet(O)_2	99.58	M20925	tet(O)	data/unzipped_genomes/streptococcus_mitis/ncbi_dataset/data/GCF_000722765.2/GCF_000722765.2_ASM72276v2_genomic.fna	NZ_CP028415.1	972009	973472	msr(D)_2	1-1464/1464	99.93	AF274302	msr(D)	Azithromycin;Erythromycin;Pristinamycin_IA;Quinupristin;Telithromycin;Virginiamycin_S	data/unzipped_genomes/streptococcus_mitis/ncbi_dataset/data/GCF_013305725.1/GCF_013305725.1_ASM1330572v1_genomic.fna	NZ_CP047883.1	982363	983580	mef(A)_2	1-1218/1218	U83667	mef(A)	Azithromycin;Erythromycin	data/unzipped_genomes/streptococcus_mitis/ncbi_dataset/data/GCF_018603625.2/GCF_018603625.2_ASM1860362v2_genomic.fna	NZ_CP190759.1	934867	936084	data/unzipped_genomes/streptococcus_oralis/ncbi_dataset/data/GCF_001983955.1/GCF_001983955.1_ASM198395v1_genomic.fna	NZ_CP019562.1	935477	936694	97.37	data/unzipped_genomes/streptococcus_oralis/ncbi_dataset/data/GCF_002386345.1/GCF_002386345.1_ASM238634v1_genomic.fna	NZ_CP023507.1	938564	940027	data/unzipped_genomes/streptococcus_oralis/ncbi_dataset/data/GCF_016028175.1/GCF_016028175.1_ASM1602817v1_genomic.fna	NZ_CP065706.1	1181294	1182757	data/unzipped_genomes/streptococcus_sanguinis/ncbi_dataset/data/GCF_050220455.1/GCF_050220455.1_x_genomic.fna	NZ_CP071414.1	1489781	1491244
resfinder	corynebacterium_striatum	GCF_002156805.1	results/abricate_extra/resfinder/corynebacterium_striatum_GCF_002156805.1_resfinder.tsv	data/unzipped_genomes/corynebacterium_striatum/ncbi_dataset/data/GCF_002156805.1/GCF_002156805.1_ASM215680v1_genomic.fna	NZ_CP021252.1	2089553.0	2090407.0	+	erm(X)_1	1-855/855	========/======	2/2	99.88	99.3	resfinder	M36726	erm(X)	Clindamycin;Erythromycin;Lincomycin;Pristinamycin_IA;Quinupristin;Virginiamycin_S																																																																																																																																																																																																				
resfinder	corynebacterium_striatum	GCF_002803965.1	results/abricate_extra/resfinder/corynebacterium_striatum_GCF_002803965.1_resfinder.tsv									0/0			resfinder				data/unzipped_genomes/corynebacterium_striatum/ncbi_dataset/data/GCF_002803965.1/GCF_002803965.1_ASM280396v1_genomic.fna	NZ_CP024931.1	1991808.0	1992983.0	+	cmx_1	1-1176/1176	===============	100.0	99.83	U85507	cmx	Chloramphenicol																																																																																																																																																																																							
resfinder	corynebacterium_striatum	GCF_002803965.1	results/abricate_extra/resfinder/corynebacterium_striatum_GCF_002803965.1_resfinder.tsv									0/0			resfinder				data/unzipped_genomes/corynebacterium_striatum/ncbi_dataset/data/GCF_002803965.1/GCF_002803965.1_ASM280396v1_genomic.fna	NZ_CP024931.1	1993187.0	1994023.0	-	aph(6)-Id_1	1-837/837	===============	100.0	99.76	M28829	aph(6)-Id	Streptomycin																																																																																																																																																																																							
resfinder	corynebacterium_striatum	GCF_002803965.1	results/abricate_extra/resfinder/corynebacterium_striatum_GCF_002803965.1_resfinder.tsv									0/0			resfinder				data/unzipped_genomes/corynebacterium_striatum/ncbi_dataset/data/GCF_002803965.1/GCF_002803965.1_ASM280396v1_genomic.fna	NZ_CP024931.1	1994023.0	1994825.0	-	aph(3'')-Ib_2	2-804/804	===============	99.88	100.0	AF024602	aph(3'')-Ib	Streptomycin																																																																																																																																																																																							
resfinder	corynebacterium_striatum	GCF_002803965.1	results/abricate_extra/resfinder/corynebacterium_striatum_GCF_002803965.1_resfinder.tsv									0/0			resfinder				data/unzipped_genomes/corynebacterium_striatum/ncbi_dataset/data/GCF_002803965.1/GCF_002803965.1_ASM280396v1_genomic.fna	NZ_CP024931.1	1996127.0	1996942.0	-	aph(3')-Ia_7	1-816/816	===============	100.0	100.0	X62115	aph(3')-Ia	Kanamycin																																																																																																																																																																																							
resfinder	corynebacterium_striatum	GCF_002803965.1	results/abricate_extra/resfinder/corynebacterium_striatum_GCF_002803965.1_resfinder.tsv									2/2			resfinder				data/unzipped_genomes/corynebacterium_striatum/ncbi_dataset/data/GCF_002803965.1/GCF_002803965.1_ASM280396v1_genomic.fna	NZ_CP024931.1	2009676.0	2010530.0	+	erm(X)_1	1-855/855	========/======	99.88	99.18	M36726	erm(X)	Clindamycin;Erythromycin;Lincomycin;Pristinamycin_IA;Quinupristin;Virginiamycin_S																																																																																																																																																																																							
resfinder	corynebacterium_striatum	GCF_002803965.1	results/abricate_extra/resfinder/corynebacterium_striatum_GCF_002803965.1_resfinder.tsv									0/0			resfinder				data/unzipped_genomes/corynebacterium_striatum/ncbi_dataset/data/GCF_002803965.1/GCF_002803965.1_ASM280396v1_genomic.fna	NZ_CP024931.1	2011330.0	2011776.0	+	aac(3)-XI_1	1-447/447	===============	100.0	100.0	CTEG01000046	aac(3)-XI																																																																																																																																																																																								
resfinder	corynebacterium_striatum	GCF_002804085.1	results/abricate_extra/resfinder/corynebacterium_striatum_GCF_002804085.1_resfinder.tsv					-	erm(X)_1	1-855/855	========/======	2/2	99.88	99.18	resfinder	M36726	erm(X)	Clindamycin;Erythromycin;Lincomycin;Pristinamycin_IA;Quinupristin;Virginiamycin_S														data/unzipped_genomes/corynebacterium_striatum/ncbi_dataset/data/GCF_002804085.1/GCF_002804085.1_ASM280408v1_genomic.fna	NZ_CP024932.1	2380204.0	2381058.0																																																																																																																																																																																			
resfinder	corynebacterium_striatum	GCF_002804085.1	results/abricate_extra/resfinder/corynebacterium_striatum_GCF_002804085.1_resfinder.tsv					-	tet(W)_4	1-1920/1920	===============	0/0	100.0	99.11	resfinder	FN396364	tet(W)	Doxycycline;Minocycline;Tetracycline														data/unzipped_genomes/corynebacterium_striatum/ncbi_dataset/data/GCF_002804085.1/GCF_002804085.1_ASM280408v1_genomic.fna	NZ_CP024932.1	2400796.0	2402715.0																																																																																																																																																																																			
resfinder	corynebacterium_striatum	GCF_016728105.1	results/abricate_extra/resfinder/corynebacterium_striatum_GCF_016728105.1_resfinder.tsv					-	erm(X)_1	1-855/855	========/======	2/2	99.88	99.18	resfinder	M36726	erm(X)	Clindamycin;Erythromycin;Lincomycin;Pristinamycin_IA;Quinupristin;Virginiamycin_S																		data/unzipped_genomes/corynebacterium_striatum/ncbi_dataset/data/GCF_016728105.1/GCF_016728105.1_ASM1672810v1_genomic.fna	NZ_CP068158.1	27295.0	28149.0																																																																																																																																																																															
resfinder	enterococcus_faecalis	GCF_001989555.1	results/abricate_extra/resfinder/enterococcus_faecalis_GCF_001989555.1_resfinder.tsv					+			===============	0/0	100.0		resfinder																									data/unzipped_genomes/enterococcus_faecalis/ncbi_dataset/data/GCF_001989555.1/GCF_001989555.1_ASM198955v1_genomic.fna	NZ_CP019512.1	3088429.0	3090348.0	tet(M)_13	1-1920/1920	100.0	AM990992	tet(M)	Doxycycline;Minocycline;Tetracycline																																																																																																																																																																					
resfinder	enterococcus_faecalis	GCF_001989555.1	results/abricate_extra/resfinder/enterococcus_faecalis_GCF_001989555.1_resfinder.tsv					-			===============	0/0	100.0		resfinder																									data/unzipped_genomes/enterococcus_faecalis/ncbi_dataset/data/GCF_001989555.1/GCF_001989555.1_ASM198955v1_genomic.fna	NZ_CP019513.1	38390.0	39829.0	aac(6')-aph(2'')_1	1-1440/1440	100.0	M13771	aac(6')-aph(2'')	Amikacin;Dibekacin;Fortimicin;Gentamicin;Isepamicin;Kanamycin;Netilmicin;Streptomycin;Tobramycin																																																																																																																																																																					
resfinder	enterococcus_faecalis	GCF_001989555.1	results/abricate_extra/resfinder/enterococcus_faecalis_GCF_001989555.1_resfinder.tsv					+			===============	0/0	100.0		resfinder																									data/unzipped_genomes/enterococcus_faecalis/ncbi_dataset/data/GCF_001989555.1/GCF_001989555.1_ASM198955v1_genomic.fna	NZ_CP019513.1	45436.0	45933.0	dfrG_1	1-498/498	100.0	AB205645	dfrG	Trimethoprim																																																																																																																																																																					
resfinder	enterococcus_faecalis	GCF_001989555.1	results/abricate_extra/resfinder/enterococcus_faecalis_GCF_001989555.1_resfinder.tsv					+			========/======	1/1	100.0		resfinder																									data/unzipped_genomes/enterococcus_faecalis/ncbi_dataset/data/GCF_001989555.1/GCF_001989555.1_ASM198955v1_genomic.fna	NZ_CP019514.1	49569.0	50331.0	erm(B)_18	1-762/762	99.48	X66468	erm(B)	Clindamycin;Erythromycin;Lincomycin;Pristinamycin_IA;Quinupristin;Virginiamycin_S																																																																																																																																																																					
resfinder	enterococcus_faecalis	GCF_001989555.1	results/abricate_extra/resfinder/enterococcus_faecalis_GCF_001989555.1_resfinder.tsv					+			===============	0/0	100.0		resfinder																									data/unzipped_genomes/enterococcus_faecalis/ncbi_dataset/data/GCF_001989555.1/GCF_001989555.1_ASM198955v1_genomic.fna	NZ_CP019514.1	53590.0	54498.0	ant(6)-Ia_1	1-909/909	100.0	AF330699	ant(6)-Ia	Streptomycin																																																																																																																																																																					
resfinder	enterococcus_faecalis	GCF_001989555.1	results/abricate_extra/resfinder/enterococcus_faecalis_GCF_001989555.1_resfinder.tsv					+			===============	0/0	100.0		resfinder																									data/unzipped_genomes/enterococcus_faecalis/ncbi_dataset/data/GCF_001989555.1/GCF_001989555.1_ASM198955v1_genomic.fna	NZ_CP019514.1	55130.0	55924.0	aph(3')-III_1	1-795/795	100.0	M26832	aph(3')-III	Amikacin;Butirosin;Isepamicin;Kanamycin;Lividomycin;Neomycin;Paromomycin;Ribostamycin																																																																																																																																																																					
resfinder	enterococcus_faecalis	GCF_002208945.1	results/abricate_extra/resfinder/enterococcus_faecalis_GCF_002208945.1_resfinder.tsv								===============	0/0	100.0		resfinder								-								Clindamycin;Dalfopristin;Lincomycin;Pristinamycin_IIA;Virginiamycin_M																			data/unzipped_genomes/enterococcus_faecalis/ncbi_dataset/data/GCF_002208945.1/GCF_002208945.1_ASM220894v2_genomic.fna	NZ_CP022059.1	2699472.0	2700968.0	lsa(A)_3	1-1497/1497	98.46	AY737526	lsa(A)																																																																																																																																																												
resfinder	fusobacterium_nucleatum	GCF_028621975.1	results/abricate_extra/resfinder/fusobacterium_nucleatum_GCF_028621975.1_resfinder.tsv										99.95		resfinder								+																																				data/unzipped_genomes/fusobacterium_nucleatum/ncbi_dataset/data/GCF_028621975.1/GCF_028621975.1_ASM2862197v1_genomic.fna	NZ_CP117525.1	1977171.0	1979089.0	tet(M)_12	1-1919/1920	===============	0/0	97.81	FR671418	tet(M)	Doxycycline;Minocycline;Tetracycline																																																																																																																																																
resfinder	prevotella_intermedia	GCF_002763535.1	results/abricate_extra/resfinder/prevotella_intermedia_GCF_002763535.1_resfinder.tsv								===============	0/0	100.0		resfinder								+																																																data/unzipped_genomes/prevotella_intermedia/ncbi_dataset/data/GCF_002763535.1/GCF_002763535.1_ASM276353v1_genomic.fna	NZ_CP024696.1	2717210.0	2719135.0	tet(Q)_1	1-1926/1926	99.84	L33696	tet(Q)	Doxycycline;Minocycline;Tetracycline																																																																																																																																						
resfinder	prevotella_intermedia	GCF_002763575.1	results/abricate_extra/resfinder/prevotella_intermedia_GCF_002763575.1_resfinder.tsv								========/======	1/1	99.85		resfinder								+																																																				tet(Q)_3	1-1963/1965	99.75	U73497	tet(Q)	Doxycycline;Minocycline;Tetracycline	data/unzipped_genomes/prevotella_intermedia/ncbi_dataset/data/GCF_002763575.1/GCF_002763575.1_ASM276357v1_genomic.fna	NZ_CP024697.1	2610372.0	2612333.0																																																																																																																																		
resfinder	staphylococcus_capitis	GCF_002356175.1	results/abricate_extra/resfinder/staphylococcus_capitis_GCF_002356175.1_resfinder.tsv					-			===============	0/0	100.0	99.74	resfinder																																																																						data/unzipped_genomes/staphylococcus_capitis/ncbi_dataset/data/GCF_002356175.1/GCF_002356175.1_ASM235617v1_genomic.fna	NZ_AP014956.1	40048.0	40818.0	aadD_1	1-771/771	AF181950	aadD	Amikacin;Tobramycin																																																																																																																									
resfinder	staphylococcus_capitis	GCF_002356175.1	results/abricate_extra/resfinder/staphylococcus_capitis_GCF_002356175.1_resfinder.tsv					-			===============	0/0	100.0	100.0	resfinder																																																																						data/unzipped_genomes/staphylococcus_capitis/ncbi_dataset/data/GCF_002356175.1/GCF_002356175.1_ASM235617v1_genomic.fna	NZ_AP014956.1	44220.0	46226.0	mecA_6	1-2007/2007	BX571856	mecA	Amoxicillin;Amoxicillin+Clavulanic_acid;Ampicillin;Ampicillin+Clavulanic_acid;Cefepime;Cefixime;Cefotaxime;Cefoxitin;Ceftazidime;Ertapenem;Imipenem;Meropenem;Piperacillin;Piperacillin+Tazobactam																																																																																																																									
resfinder	staphylococcus_capitis	GCF_002356175.1	results/abricate_extra/resfinder/staphylococcus_capitis_GCF_002356175.1_resfinder.tsv					+			===============	0/0	100.0	100.0	resfinder																																																																						data/unzipped_genomes/staphylococcus_capitis/ncbi_dataset/data/GCF_002356175.1/GCF_002356175.1_ASM235617v1_genomic.fna	NZ_AP014956.1	55166.0	55897.0	erm(A)_1	1-732/732	X03216	erm(A)	Clindamycin;Erythromycin;Lincomycin;Pristinamycin_IA;Quinupristin;Virginiamycin_S																																																																																																																									
resfinder	staphylococcus_capitis	GCF_002356175.1	results/abricate_extra/resfinder/staphylococcus_capitis_GCF_002356175.1_resfinder.tsv					-			===============	0/0	100.0	100.0	resfinder																																																																						data/unzipped_genomes/staphylococcus_capitis/ncbi_dataset/data/GCF_002356175.1/GCF_002356175.1_ASM235617v1_genomic.fna	NZ_AP014956.1	56023.0	56805.0	ant(9)-Ia_1	1-783/783	X02588	ant(9)-Ia	Spectinomycin																																																																																																																									
resfinder	staphylococcus_capitis	GCF_002356175.1	results/abricate_extra/resfinder/staphylococcus_capitis_GCF_002356175.1_resfinder.tsv					+			===============	0/0	100.0	100.0	resfinder																																																																						data/unzipped_genomes/staphylococcus_capitis/ncbi_dataset/data/GCF_002356175.1/GCF_002356175.1_ASM235617v1_genomic.fna	NZ_AP014956.1	1165560.0	1166342.0	ant(9)-Ia_1	1-783/783	X02588	ant(9)-Ia	Spectinomycin																																																																																																																									
resfinder	staphylococcus_capitis	GCF_002356175.1	results/abricate_extra/resfinder/staphylococcus_capitis_GCF_002356175.1_resfinder.tsv					-			===============	0/0	100.0	100.0	resfinder																																																																						data/unzipped_genomes/staphylococcus_capitis/ncbi_dataset/data/GCF_002356175.1/GCF_002356175.1_ASM235617v1_genomic.fna	NZ_AP014956.1	1166468.0	1167199.0	erm(A)_1	1-732/732	X03216	erm(A)	Clindamycin;Erythromycin;Lincomycin;Pristinamycin_IA;Quinupristin;Virginiamycin_S																																																																																																																									
resfinder	staphylococcus_capitis	GCF_002356175.1	results/abricate_extra/resfinder/staphylococcus_capitis_GCF_002356175.1_resfinder.tsv					+			===============	0/0	100.0	100.0	resfinder																																																																						data/unzipped_genomes/staphylococcus_capitis/ncbi_dataset/data/GCF_002356175.1/GCF_002356175.1_ASM235617v1_genomic.fna	NZ_AP014956.1	2003882.0	2005801.0	tet(M)_13	1-1920/1920	AM990992	tet(M)	Doxycycline;Minocycline;Tetracycline																																																																																																																									
resfinder	staphylococcus_capitis	GCF_015243435.1	results/abricate_extra/resfinder/staphylococcus_capitis_GCF_015243435.1_resfinder.tsv					-			===============	0/0	100.0	99.05	resfinder																																																																															data/unzipped_genomes/staphylococcus_capitis/ncbi_dataset/data/GCF_015243435.1/GCF_015243435.1_ASM1524343v1_genomic.fna	NZ_CP042341.1	519611.0	521077.0	msr(A)_1	1-1467/1467	X52085	msr(A)	Azithromycin;Erythromycin;Pristinamycin_IA;Quinupristin;Telithromycin;Virginiamycin_S																																																																																																																
resfinder	staphylococcus_capitis	GCF_020883475.1	results/abricate_extra/resfinder/staphylococcus_capitis_GCF_020883475.1_resfinder.tsv								===============	0/0	100.0	100.0	resfinder								-																																																																																data/unzipped_genomes/staphylococcus_capitis/ncbi_dataset/data/GCF_020883475.1/GCF_020883475.1_ASM2088347v1_genomic.fna	NZ_CP086659.1	109244.0	109975.0	erm(A)_1	1-732/732	X03216	erm(A)	Clindamycin;Erythromycin;Lincomycin;Pristinamycin_IA;Quinupristin;Virginiamycin_S																																																																																																							
resfinder	staphylococcus_capitis	GCF_020883475.1	results/abricate_extra/resfinder/staphylococcus_capitis_GCF_020883475.1_resfinder.tsv								===============	0/0	100.0	100.0	resfinder								+																																																																																data/unzipped_genomes/staphylococcus_capitis/ncbi_dataset/data/GCF_020883475.1/GCF_020883475.1_ASM2088347v1_genomic.fna	NZ_CP086659.1	118914.0	120920.0	mecA_6	1-2007/2007	BX571856	mecA	Amoxicillin;Amoxicillin+Clavulanic_acid;Ampicillin;Ampicillin+Clavulanic_acid;Cefepime;Cefixime;Cefotaxime;Cefoxitin;Ceftazidime;Ertapenem;Imipenem;Meropenem;Piperacillin;Piperacillin+Tazobactam																																																																																																							
resfinder	staphylococcus_capitis	GCF_020883475.1	results/abricate_extra/resfinder/staphylococcus_capitis_GCF_020883475.1_resfinder.tsv								===============	0/0	100.0	99.74	resfinder								+																																																																																data/unzipped_genomes/staphylococcus_capitis/ncbi_dataset/data/GCF_020883475.1/GCF_020883475.1_ASM2088347v1_genomic.fna	NZ_CP086659.1	124283.0	125053.0	aadD_1	1-771/771	AF181950	aadD	Amikacin;Tobramycin																																																																																																							
resfinder	staphylococcus_capitis	GCF_020883475.1	results/abricate_extra/resfinder/staphylococcus_capitis_GCF_020883475.1_resfinder.tsv								===============	0/0	100.0	100.0	resfinder								+																																																																																data/unzipped_genomes/staphylococcus_capitis/ncbi_dataset/data/GCF_020883475.1/GCF_020883475.1_ASM2088347v1_genomic.fna	NZ_CP086659.1	125276.0	125674.0	bleO_1	1-399/399	AF051917	bleO	Bleomycin																																																																																																							
resfinder	staphylococcus_capitis	GCF_020883475.1	results/abricate_extra/resfinder/staphylococcus_capitis_GCF_020883475.1_resfinder.tsv								===============	0/0	100.0	100.0	resfinder								+																																																																																data/unzipped_genomes/staphylococcus_capitis/ncbi_dataset/data/GCF_020883475.1/GCF_020883475.1_ASM2088347v1_genomic.fna	NZ_CP086659.1	1329442.0	1330224.0	ant(9)-Ia_1	1-783/783	X02588	ant(9)-Ia	Spectinomycin																																																																																																							
resfinder	staphylococcus_capitis	GCF_020883475.1	results/abricate_extra/resfinder/staphylococcus_capitis_GCF_020883475.1_resfinder.tsv								===============	0/0	100.0	100.0	resfinder								-																																																																																data/unzipped_genomes/staphylococcus_capitis/ncbi_dataset/data/GCF_020883475.1/GCF_020883475.1_ASM2088347v1_genomic.fna	NZ_CP086659.1	1330350.0	1331081.0	erm(A)_1	1-732/732	X03216	erm(A)	Clindamycin;Erythromycin;Lincomycin;Pristinamycin_IA;Quinupristin;Virginiamycin_S																																																																																																							
resfinder	staphylococcus_epidermidis	GCF_002215535.1	results/abricate_extra/resfinder/staphylococcus_epidermidis_GCF_002215535.1_resfinder.tsv					+			===============	0/0	99.78	98.78	resfinder																																																																																																	data/unzipped_genomes/staphylococcus_epidermidis/ncbi_dataset/data/GCF_002215535.1/GCF_002215535.1_ASM221553v1_genomic.fna	NZ_CP022250.1	8930.0	9827.0	blaZ_29	3-900/900	JDXN01000019	blaZ	Amoxicillin;Ampicillin;Penicillin;Piperacillin																																																																																														
resfinder	staphylococcus_epidermidis	GCF_002215535.1	results/abricate_extra/resfinder/staphylococcus_epidermidis_GCF_002215535.1_resfinder.tsv					-			===============	0/0	100.0	100.0	resfinder																																																																																																	data/unzipped_genomes/staphylococcus_epidermidis/ncbi_dataset/data/GCF_002215535.1/GCF_002215535.1_ASM221553v1_genomic.fna	NZ_CP022251.1	640.0	2208.0	vga(A)LC_1	1-1569/1569	GQ891882	vga(A)LC	Clindamycin;Dalfopristin;Lincomycin;Pristinamycin_IIA;Tiamulin;Virginiamycin_M																																																																																														
resfinder	staphylococcus_epidermidis	GCF_006094375.1	results/abricate_extra/resfinder/staphylococcus_epidermidis_GCF_006094375.1_resfinder.tsv					-			...============	0/0			resfinder																																																																																																										data/unzipped_genomes/staphylococcus_epidermidis/ncbi_dataset/data/GCF_006094375.1/GCF_006094375.1_ASM609437v1_genomic.fna	NZ_CP035290.1	3417.0	4439.0	tet(K)_1	358-1380/1380	74.13	100.0	U38656	tet(K)	Doxycycline;Tetracycline																																																																																			
resfinder	staphylococcus_haemolyticus	GCF_001611955.1	results/abricate_extra/resfinder/staphylococcus_haemolyticus_GCF_001611955.1_resfinder.tsv								===============	0/0	100.0	99.66	resfinder								-																																																																																																													data/unzipped_genomes/staphylococcus_haemolyticus/ncbi_dataset/data/GCF_001611955.1/GCF_001611955.1_ASM161195v1_genomic.fna	NZ_CP013912.1	2762.0	3649.0	blaZ_78	1-888/888	KU607301	blaZ	Amoxicillin;Ampicillin;Penicillin;Piperacillin																																																																										
resfinder	staphylococcus_haemolyticus	GCF_002906595.1	results/abricate_extra/resfinder/staphylococcus_haemolyticus_GCF_002906595.1_resfinder.tsv								===============	0/0	100.0	100.0	resfinder								-																																																																																																																		1-498/498		dfrG	Trimethoprim	data/unzipped_genomes/staphylococcus_haemolyticus/ncbi_dataset/data/GCF_002906595.1/GCF_002906595.1_ASM290659v1_genomic.fna	NZ_CP024809.1	1184546.0	1185043.0	dfrG_1	AB205645																																																																				
resfinder	staphylococcus_haemolyticus	GCF_002906595.1	results/abricate_extra/resfinder/staphylococcus_haemolyticus_GCF_002906595.1_resfinder.tsv								===============	0/0	100.0	100.0	resfinder								-																																																																																																																		1-1440/1440		aac(6')-aph(2'')	Amikacin;Dibekacin;Fortimicin;Gentamicin;Isepamicin;Kanamycin;Netilmicin;Streptomycin;Tobramycin	data/unzipped_genomes/staphylococcus_haemolyticus/ncbi_dataset/data/GCF_002906595.1/GCF_002906595.1_ASM290659v1_genomic.fna	NZ_CP024809.1	1678136.0	1679575.0	aac(6')-aph(2'')_1	M13771																																																																				
resfinder	staphylococcus_haemolyticus	GCF_002906595.1	results/abricate_extra/resfinder/staphylococcus_haemolyticus_GCF_002906595.1_resfinder.tsv								===============	0/0	100.0	100.0	resfinder								+																																																																																																																		1-1440/1440		aac(6')-aph(2'')	Amikacin;Dibekacin;Fortimicin;Gentamicin;Isepamicin;Kanamycin;Netilmicin;Streptomycin;Tobramycin	data/unzipped_genomes/staphylococcus_haemolyticus/ncbi_dataset/data/GCF_002906595.1/GCF_002906595.1_ASM290659v1_genomic.fna	NZ_CP024809.1	2266835.0	2268274.0	aac(6')-aph(2'')_1	M13771																																																																				
resfinder	staphylococcus_haemolyticus	GCF_002906595.1	results/abricate_extra/resfinder/staphylococcus_haemolyticus_GCF_002906595.1_resfinder.tsv								===============	0/0	100.0	99.05	resfinder								+																																																																																																																		1-1467/1467		msr(A)	Azithromycin;Erythromycin;Pristinamycin_IA;Quinupristin;Telithromycin;Virginiamycin_S	data/unzipped_genomes/staphylococcus_haemolyticus/ncbi_dataset/data/GCF_002906595.1/GCF_002906595.1_ASM290659v1_genomic.fna	NZ_CP024809.1	2271833.0	2273299.0	msr(A)_1	X52085																																																																				
resfinder	staphylococcus_haemolyticus	GCF_002906595.1	results/abricate_extra/resfinder/staphylococcus_haemolyticus_GCF_002906595.1_resfinder.tsv								===============	0/0	100.0	100.0	resfinder								+																																																																																																																		1-900/900		mph(C)	Erythromycin;Spiramycin;Telithromycin	data/unzipped_genomes/staphylococcus_haemolyticus/ncbi_dataset/data/GCF_002906595.1/GCF_002906595.1_ASM290659v1_genomic.fna	NZ_CP024809.1	2273398.0	2274297.0	mph(C)_2	AF167161																																																																				
resfinder	staphylococcus_haemolyticus	GCF_002906595.1	results/abricate_extra/resfinder/staphylococcus_haemolyticus_GCF_002906595.1_resfinder.tsv								===============	0/0	100.0	100.0	resfinder								-																																																																																																																		1-795/795		aph(3')-III	Amikacin;Butirosin;Isepamicin;Kanamycin;Lividomycin;Neomycin;Paromomycin;Ribostamycin	data/unzipped_genomes/staphylococcus_haemolyticus/ncbi_dataset/data/GCF_002906595.1/GCF_002906595.1_ASM290659v1_genomic.fna	NZ_CP024809.1	2503419.0	2504213.0	aph(3')-III_1	M26832																																																																				
resfinder	staphylococcus_haemolyticus	GCF_002906595.1	results/abricate_extra/resfinder/staphylococcus_haemolyticus_GCF_002906595.1_resfinder.tsv								....====/======	1/1	70.52	99.84	resfinder								-																																																																																																																		269-909/909		ant(6)-Ia	Streptomycin	data/unzipped_genomes/staphylococcus_haemolyticus/ncbi_dataset/data/GCF_002906595.1/GCF_002906595.1_ASM290659v1_genomic.fna	NZ_CP024809.1	2504845.0	2505486.0	ant(6)-Ia_1	AF330699																																																																				
resfinder	staphylococcus_haemolyticus	GCF_002906595.1	results/abricate_extra/resfinder/staphylococcus_haemolyticus_GCF_002906595.1_resfinder.tsv								===============	0/0	100.0	99.66	resfinder								-																																																																																																																		1-888/888		blaZ	Amoxicillin;Ampicillin;Penicillin;Piperacillin	data/unzipped_genomes/staphylococcus_haemolyticus/ncbi_dataset/data/GCF_002906595.1/GCF_002906595.1_ASM290659v1_genomic.fna	NZ_CP024809.1	2510043.0	2510930.0	blaZ_78	KU607301																																																																				
resfinder	staphylococcus_haemolyticus	GCF_002906615.1	results/abricate_extra/resfinder/staphylococcus_haemolyticus_GCF_002906615.1_resfinder.tsv								===============	0/0	100.0	100.0	resfinder								-																																																																																																																		1-498/498		dfrG	Trimethoprim			1183549.0	1184046.0	dfrG_1	AB205645	data/unzipped_genomes/staphylococcus_haemolyticus/ncbi_dataset/data/GCF_002906615.1/GCF_002906615.1_ASM290661v1_genomic.fna	NZ_CP025396.1																																																																		
resfinder	staphylococcus_haemolyticus	GCF_002906615.1	results/abricate_extra/resfinder/staphylococcus_haemolyticus_GCF_002906615.1_resfinder.tsv								===============	0/0	100.0	100.0	resfinder								-																																																																																																																		1-1440/1440		aac(6')-aph(2'')	Amikacin;Dibekacin;Fortimicin;Gentamicin;Isepamicin;Kanamycin;Netilmicin;Streptomycin;Tobramycin			1677139.0	1678578.0	aac(6')-aph(2'')_1	M13771	data/unzipped_genomes/staphylococcus_haemolyticus/ncbi_dataset/data/GCF_002906615.1/GCF_002906615.1_ASM290661v1_genomic.fna	NZ_CP025396.1																																																																		
resfinder	staphylococcus_haemolyticus	GCF_002906615.1	results/abricate_extra/resfinder/staphylococcus_haemolyticus_GCF_002906615.1_resfinder.tsv								===============	0/0	100.0	100.0	resfinder								+																																																																																																																		1-1440/1440		aac(6')-aph(2'')	Amikacin;Dibekacin;Fortimicin;Gentamicin;Isepamicin;Kanamycin;Netilmicin;Streptomycin;Tobramycin			2265838.0	2267277.0	aac(6')-aph(2'')_1	M13771	data/unzipped_genomes/staphylococcus_haemolyticus/ncbi_dataset/data/GCF_002906615.1/GCF_002906615.1_ASM290661v1_genomic.fna	NZ_CP025396.1																																																																		
resfinder	staphylococcus_haemolyticus	GCF_002906615.1	results/abricate_extra/resfinder/staphylococcus_haemolyticus_GCF_002906615.1_resfinder.tsv								===============	0/0	100.0	99.05	resfinder								+																																																																																																																		1-1467/1467		msr(A)	Azithromycin;Erythromycin;Pristinamycin_IA;Quinupristin;Telithromycin;Virginiamycin_S			2270836.0	2272302.0	msr(A)_1	X52085	data/unzipped_genomes/staphylococcus_haemolyticus/ncbi_dataset/data/GCF_002906615.1/GCF_002906615.1_ASM290661v1_genomic.fna	NZ_CP025396.1																																																																		
resfinder	staphylococcus_haemolyticus	GCF_002906615.1	results/abricate_extra/resfinder/staphylococcus_haemolyticus_GCF_002906615.1_resfinder.tsv								===============	0/0	100.0	100.0	resfinder								+																																																																																																																		1-900/900		mph(C)	Erythromycin;Spiramycin;Telithromycin			2272401.0	2273300.0	mph(C)_2	AF167161	data/unzipped_genomes/staphylococcus_haemolyticus/ncbi_dataset/data/GCF_002906615.1/GCF_002906615.1_ASM290661v1_genomic.fna	NZ_CP025396.1																																																																		
resfinder	staphylococcus_haemolyticus	GCF_002906615.1	results/abricate_extra/resfinder/staphylococcus_haemolyticus_GCF_002906615.1_resfinder.tsv								===============	0/0	100.0	100.0	resfinder								-																																																																																																																		1-795/795		aph(3')-III	Amikacin;Butirosin;Isepamicin;Kanamycin;Lividomycin;Neomycin;Paromomycin;Ribostamycin			2502854.0	2503648.0	aph(3')-III_1	M26832	data/unzipped_genomes/staphylococcus_haemolyticus/ncbi_dataset/data/GCF_002906615.1/GCF_002906615.1_ASM290661v1_genomic.fna	NZ_CP025396.1																																																																		
resfinder	staphylococcus_haemolyticus	GCF_002906615.1	results/abricate_extra/resfinder/staphylococcus_haemolyticus_GCF_002906615.1_resfinder.tsv								....====/======	1/1	70.52	99.84	resfinder								-																																																																																																																		269-909/909		ant(6)-Ia	Streptomycin			2504280.0	2504921.0	ant(6)-Ia_1	AF330699	data/unzipped_genomes/staphylococcus_haemolyticus/ncbi_dataset/data/GCF_002906615.1/GCF_002906615.1_ASM290661v1_genomic.fna	NZ_CP025396.1																																																																		
resfinder	staphylococcus_haemolyticus	GCF_002906615.1	results/abricate_extra/resfinder/staphylococcus_haemolyticus_GCF_002906615.1_resfinder.tsv								===============	0/0	100.0	99.66	resfinder								-																																																																																																																		1-888/888		blaZ	Amoxicillin;Ampicillin;Penicillin;Piperacillin			2509478.0	2510365.0	blaZ_78	KU607301	data/unzipped_genomes/staphylococcus_haemolyticus/ncbi_dataset/data/GCF_002906615.1/GCF_002906615.1_ASM290661v1_genomic.fna	NZ_CP025396.1																																																																		
resfinder	staphylococcus_haemolyticus	GCF_002952715.2	results/abricate_extra/resfinder/staphylococcus_haemolyticus_GCF_002952715.2_resfinder.tsv					+			===============	0/0	100.0	100.0	resfinder																																																																																																																																						data/unzipped_genomes/staphylococcus_haemolyticus/ncbi_dataset/data/GCF_002952715.2/GCF_002952715.2_ASM295271v2_genomic.fna	NZ_CP025031.1	879415.0	881421.0	mecA_8	1-2007/2007	NC_007168	mecA	Amoxicillin;Amoxicillin+Clavulanic_acid;Ampicillin;Ampicillin+Clavulanic_acid;Cefepime;Cefixime;Cefotaxime;Cefoxitin;Ceftazidime;Ertapenem;Imipenem;Meropenem;Piperacillin;Piperacillin+Tazobactam																																																									
resfinder	staphylococcus_haemolyticus	GCF_002952715.2	results/abricate_extra/resfinder/staphylococcus_haemolyticus_GCF_002952715.2_resfinder.tsv					-			===============	0/0	100.0	100.0	resfinder																																																																																																																																						data/unzipped_genomes/staphylococcus_haemolyticus/ncbi_dataset/data/GCF_002952715.2/GCF_002952715.2_ASM295271v2_genomic.fna	NZ_CP025031.1	978231.0	979670.0	aac(6')-aph(2'')_1	1-1440/1440	M13771	aac(6')-aph(2'')	Amikacin;Dibekacin;Fortimicin;Gentamicin;Isepamicin;Kanamycin;Netilmicin;Streptomycin;Tobramycin																																																									
resfinder	staphylococcus_haemolyticus	GCF_002952715.2	results/abricate_extra/resfinder/staphylococcus_haemolyticus_GCF_002952715.2_resfinder.tsv					+			===============	0/0	100.0	99.66	resfinder																																																																																																																																						data/unzipped_genomes/staphylococcus_haemolyticus/ncbi_dataset/data/GCF_002952715.2/GCF_002952715.2_ASM295271v2_genomic.fna	NZ_CP025031.1	990355.0	991242.0	blaZ_78	1-888/888	KU607301	blaZ	Amoxicillin;Ampicillin;Penicillin;Piperacillin																																																									
resfinder	staphylococcus_haemolyticus	GCF_002952715.2	results/abricate_extra/resfinder/staphylococcus_haemolyticus_GCF_002952715.2_resfinder.tsv					-			===============	0/0	100.0	100.0	resfinder																																																																																																																																						data/unzipped_genomes/staphylococcus_haemolyticus/ncbi_dataset/data/GCF_002952715.2/GCF_002952715.2_ASM295271v2_genomic.fna	NZ_CP025033.1	15083.0	15982.0	mph(C)_2	1-900/900	AF167161	mph(C)	Erythromycin;Spiramycin;Telithromycin																																																									
resfinder	staphylococcus_haemolyticus	GCF_002952715.2	results/abricate_extra/resfinder/staphylococcus_haemolyticus_GCF_002952715.2_resfinder.tsv					-			===============	0/0	100.0	99.05	resfinder																																																																																																																																						data/unzipped_genomes/staphylococcus_haemolyticus/ncbi_dataset/data/GCF_002952715.2/GCF_002952715.2_ASM295271v2_genomic.fna	NZ_CP025033.1	16081.0	17547.0	msr(A)_1	1-1467/1467	X52085	msr(A)	Azithromycin;Erythromycin;Pristinamycin_IA;Quinupristin;Telithromycin;Virginiamycin_S																																																									
resfinder	streptococcus_anginosus	GCF_000831165.1	results/abricate_extra/resfinder/streptococcus_anginosus_GCF_000831165.1_resfinder.tsv								===============	0/0	100.0	100.0	resfinder								+																																																																																																																																							data/unzipped_genomes/streptococcus_anginosus/ncbi_dataset/data/GCF_000831165.1/GCF_000831165.1_ASM83116v1_genomic.fna	NZ_CP007573.1	787337.0	789256.0	tet(32)_1	1-1920/1920	EU722333	tet(32)	Doxycycline;Minocycline;Tetracycline																																																
resfinder	streptococcus_anginosus	GCF_008726365.3	results/abricate_extra/resfinder/streptococcus_anginosus_GCF_008726365.3_resfinder.tsv					-			===============	0/0	100.0		resfinder																Azithromycin;Erythromycin;Pristinamycin_IA;Quinupristin;Telithromycin;Virginiamycin_S																								1-1464/1464																																																																																																																data/unzipped_genomes/streptococcus_anginosus/ncbi_dataset/data/GCF_008726365.3/GCF_008726365.3_ASM872636v3_genomic.fna	NZ_CP136160.1	1349393.0	1350856.0	msr(D)_2	99.93	AF274302	msr(D)																																								
resfinder	streptococcus_anginosus	GCF_008726365.3	results/abricate_extra/resfinder/streptococcus_anginosus_GCF_008726365.3_resfinder.tsv					-			===============	0/0	100.0		resfinder																Azithromycin;Erythromycin																								1-1218/1218																																																																																																																data/unzipped_genomes/streptococcus_anginosus/ncbi_dataset/data/GCF_008726365.3/GCF_008726365.3_ASM872636v3_genomic.fna	NZ_CP136160.1	1350976.0	1352193.0	mef(A)_2	99.75	U83667	mef(A)																																								
resfinder	streptococcus_mitis	GCF_000722765.2	results/abricate_extra/resfinder/streptococcus_mitis_GCF_000722765.2_resfinder.tsv					-			===============	0/0	100.0		resfinder																																																																																																																																																																data/unzipped_genomes/streptococcus_mitis/ncbi_dataset/data/GCF_000722765.2/GCF_000722765.2_ASM72276v2_genomic.fna	NZ_CP028415.1	973592.0	974809.0	mef(A)_2	1-1218/1218	100.0	U83667	mef(A)	Azithromycin;Erythromycin																														
resfinder	streptococcus_mitis	GCF_013305725.1	results/abricate_extra/resfinder/streptococcus_mitis_GCF_013305725.1_resfinder.tsv								===============	0/0	100.0	100.0	resfinder								+																																																																																																																																																																		data/unzipped_genomes/streptococcus_mitis/ncbi_dataset/data/GCF_013305725.1/GCF_013305725.1_ASM1330572v1_genomic.fna	NZ_CP047883.1	983700.0	985163.0	msr(D)_2	1-1464/1464	AF274302	msr(D)	Azithromycin;Erythromycin;Pristinamycin_IA;Quinupristin;Telithromycin;Virginiamycin_S																					
resfinder	streptococcus_mitis	GCF_013305725.1	results/abricate_extra/resfinder/streptococcus_mitis_GCF_013305725.1_resfinder.tsv								===============	0/0	100.0	98.28	resfinder								+																																																																																																																																																																		data/unzipped_genomes/streptococcus_mitis/ncbi_dataset/data/GCF_013305725.1/GCF_013305725.1_ASM1330572v1_genomic.fna	NZ_CP047883.1	1005010.0	1006929.0	tet(M)_13	1-1920/1920	AM990992	tet(M)	Doxycycline;Minocycline;Tetracycline																					
resfinder	streptococcus_mitis	GCF_018603625.2	results/abricate_extra/resfinder/streptococcus_mitis_GCF_018603625.2_resfinder.tsv								===============	0/0	100.0	100.0	resfinder								+																																																																																																																																																																						msr(D)_2	1-1464/1464	AF274302	msr(D)	Azithromycin;Erythromycin;Pristinamycin_IA;Quinupristin;Telithromycin;Virginiamycin_S	data/unzipped_genomes/streptococcus_mitis/ncbi_dataset/data/GCF_018603625.2/GCF_018603625.2_ASM1860362v2_genomic.fna	NZ_CP190759.1	936204.0	937667.0																	
resfinder	streptococcus_oralis	GCF_001983955.1	results/abricate_extra/resfinder/streptococcus_oralis_GCF_001983955.1_resfinder.tsv								===============	0/0	100.0		resfinder								+																																																																																																																																																																						msr(D)_2	1-1464/1464	AF274302	msr(D)	Azithromycin;Erythromycin;Pristinamycin_IA;Quinupristin;Telithromycin;Virginiamycin_S					data/unzipped_genomes/streptococcus_oralis/ncbi_dataset/data/GCF_001983955.1/GCF_001983955.1_ASM198395v1_genomic.fna	NZ_CP019562.1	936814.0	938277.0	100.0												
resfinder	streptococcus_oralis	GCF_002386345.1	results/abricate_extra/resfinder/streptococcus_oralis_GCF_002386345.1_resfinder.tsv					-			===============	0/0	100.0	100.0	resfinder																																																																																																																																																																				mef(A)_2	1-1218/1218		U83667	mef(A)	Azithromycin;Erythromycin																			data/unzipped_genomes/streptococcus_oralis/ncbi_dataset/data/GCF_002386345.1/GCF_002386345.1_ASM238634v1_genomic.fna	NZ_CP023507.1	940147.0	941364.0								
resfinder	streptococcus_oralis	GCF_016028175.1	results/abricate_extra/resfinder/streptococcus_oralis_GCF_016028175.1_resfinder.tsv					-			===============	0/0	100.0	100.0	resfinder																																																																																																																																																																				mef(A)_2	1-1218/1218		U83667	mef(A)	Azithromycin;Erythromycin																							data/unzipped_genomes/streptococcus_oralis/ncbi_dataset/data/GCF_016028175.1/GCF_016028175.1_ASM1602817v1_genomic.fna	NZ_CP065706.1	1182877.0	1184094.0				
resfinder	streptococcus_sanguinis	GCF_050220455.1	results/abricate_extra/resfinder/streptococcus_sanguinis_GCF_050220455.1_resfinder.tsv					-			===============	0/0	100.0	100.0	resfinder																																																																																																																																																																				mef(A)_2	1-1218/1218		U83667	mef(A)	Azithromycin;Erythromycin																											data/unzipped_genomes/streptococcus_sanguinis/ncbi_dataset/data/GCF_050220455.1/GCF_050220455.1_x_genomic.fna	NZ_CP071414.1	1491364.0	1492581.0
