database	species_folder	bacmet2_hit_count
bacmet2	enterococcus_faecalis	630
bacmet2	staphylococcus_haemolyticus	594
bacmet2	staphylococcus_epidermidis	582
bacmet2	treponema_denticola	568
bacmet2	staphylococcus_capitis	545
bacmet2	corynebacterium_striatum	504
bacmet2	streptococcus_sanguinis	496
bacmet2	veillonella_parvula	439
bacmet2	cutibacterium_acnes	437
bacmet2	fusobacterium_nucleatum	419
bacmet2	actinomyces_naeslundii	410
bacmet2	streptococcus_oralis	394
bacmet2	streptococcus_mitis	385
bacmet2	streptococcus_anginosus	380
bacmet2	porphyromonas_gingivalis	215
bacmet2	prevotella_intermedia	181
bacmet2	tannerella_forsythia	151
