database	species_folder	hit_count
bacmet2	enterococcus_faecalis	630
bacmet2	staphylococcus_haemolyticus	594
bacmet2	staphylococcus_epidermidis	582
bacmet2	treponema_denticola	568
bacmet2	staphylococcus_capitis	545
bacmet2	corynebacterium_striatum	504
bacmet2	streptococcus_sanguinis	496
bacmet2	veillonella_parvula	439
bacmet2	cutibacterium_acnes	437
bacmet2	fusobacterium_nucleatum	419
bacmet2	actinomyces_naeslundii	410
bacmet2	streptococcus_oralis	394
bacmet2	streptococcus_mitis	385
bacmet2	streptococcus_anginosus	380
bacmet2	porphyromonas_gingivalis	215
bacmet2	prevotella_intermedia	181
bacmet2	tannerella_forsythia	151
card	enterococcus_faecalis	34
card	staphylococcus_haemolyticus	32
card	staphylococcus_capitis	26
card	streptococcus_mitis	19
card	staphylococcus_epidermidis	18
card	streptococcus_oralis	16
card	streptococcus_anginosus	10
card	corynebacterium_striatum	8
card	prevotella_intermedia	2
card	fusobacterium_nucleatum	1
plasmidfinder	staphylococcus_haemolyticus	8
plasmidfinder	staphylococcus_capitis	5
plasmidfinder	staphylococcus_epidermidis	4
plasmidfinder	enterococcus_faecalis	3
resfinder	staphylococcus_haemolyticus	22
resfinder	staphylococcus_capitis	14
resfinder	corynebacterium_striatum	10
resfinder	enterococcus_faecalis	7
resfinder	streptococcus_mitis	4
resfinder	staphylococcus_epidermidis	3
resfinder	streptococcus_anginosus	3
resfinder	streptococcus_oralis	3
resfinder	prevotella_intermedia	2
resfinder	fusobacterium_nucleatum	1
resfinder	streptococcus_sanguinis	1
victors	streptococcus_mitis	839
victors	streptococcus_oralis	716
victors	enterococcus_faecalis	149
victors	streptococcus_sanguinis	69
victors	streptococcus_anginosus	47
victors	staphylococcus_haemolyticus	30
victors	staphylococcus_epidermidis	25
victors	staphylococcus_capitis	24
