path,bytes,sha256
data/Primary_inputs.zip,120768654,5a93bd9e90b4d66df0bccb4e04fd1f5b10634d656242a4bfa3f9cae74b764a63
figures/Fig1.eps,38426,588d10a46bbb030375b823773e66ccb17dc6a5a3819cd8caee270c82dc7b8977
figures/Fig1.pdf,38107,af7b45258648e1c5ad85288917625c836470d1b638ec7a01f90da67a571c238d
figures/Fig1.png,71699,33283b8c4d74ee101c87af63383932e9a0c93458dfe0febb334685274935416c
figures/Fig1.tiff,1108521,1ab4ef1ce3eb296ffdea908c03a420c56818a3153543b725eb9491077584df29
figures/Fig2.eps,1294403,b19d53d1ff0237fd78d37774912b9202200bdb9c368ed0015c0c5b2c60b68b0d
figures/Fig2.pdf,43866,68260162c1795df29c843b955c4d65987eba5932cd937d7b67fd491a74c78169
figures/Fig2.png,312159,7dea151152620a18e1c414e7b4305e98ede9a1248d1df3208c70c64849b89558
figures/Fig2.tiff,2180350,33e042750bf5cfbaeddd37d3c7fc0efeaac0c6d74a5d6d89ed913f2d0f25f420
figures/Fig3.eps,59805,c03ab11a6cca031225ffcac14fbff80e655bac3012631f34ac532f8736c6ae90
figures/Fig3.pdf,49828,b0c3f9d1b81c31b915a4039500132ae69acca9c826b9d0d99c320db3fa2998e0
figures/Fig3.png,131376,dd668d294b456628a6f08db7615adc0b110857ac64fba9dae5be4405e589b84e
figures/Fig3.tiff,1200694,154d49297d64868cc8dae0e460479db1bdba525fb8490517a2eaf6de53aabe4d
figures/Fig4.eps,823080,f2fb865051a40e92030fc3f02718589596f10e4c8fe99de1053d4839277bdbfb
figures/Fig4.pdf,57998,865fc17c4239b99c36f85a636f268dbc1aba17e059d4b389256723efc1dc8c72
figures/Fig4.png,292212,bfadad89208729f9b1e4e3e22c3c3cfb81f8990e60626394921c2cdaf4d447fb
figures/Fig4.tiff,1896290,7090536783d9511490d0f8cfa19ce10a0f560261be225d9fe13df542b870782e
figures/FigS1.eps,78856,db03aff128cca855ec807cc4484f0bda2b3e321e7dfb842cd9faf94734f6034f
figures/FigS1.pdf,58035,7485190bf5435ea70054297b98b6b411b8885264fbe9ef40ec49eb8b0c079da7
figures/FigS1.png,136207,5549e7717f1db480e4df4dce529d6f76f8b40eaa3596cb24d8e7b4511d5cb3fb
figures/FigS1.tiff,817763,96014db8ee8438ef500015dfaefc241928147f372f5c665ded945f4cffa23fa4
LEIA_PRIMEIRO.md,3124,f4b56dad964f21cc5d59caf1b824604a82fc6ab579e2d5c7819ae4c26a799ed3
manuscript/Cover_letter.docx,38111,584370d4114214a8686cc9105b8b7f0e29526a8ff14747d9a3a953babce9cd1c
manuscript/Cover_letter.pdf,58237,776feca3063be4c55b9d6c4062e92d2acbfa7ceafab731a5a3f2da8c023d2073
manuscript/Manuscript.docx,789907,8932eed9be434f001bf2d362cfc4df7f85fb577a80240b18f77914659bbd64ab
manuscript/Manuscript.md,26883,e3958b4a8d7a8302c7f8bcd780bc55d7d13d27fb9f9d2517a8ceec406a02f4cc
manuscript/Manuscript.pdf,1006684,fb1fd6062954fa56b52ead86d8626918c936dc4c6f4ec7ac54925f6ceaba15bb
manuscript/Title_page.docx,37637,f335398cfe93e9a03ea3cfbd516dc7dfb998c1f3df0d2968166b83fc72928936
manuscript/Title_page.pdf,60619,ae7d5a9483a060dda6526dd2bd8e7d382060d81f72b13f73365803787e2d31e3
provenance/abricate_1.4.0_source_verified.txt,16307,27bd53a2c988b7160e501d762442245c13cef76d52c4990015e25837c23939ae
provenance/ABRicate_database_inventory.txt,378,36171c54442253629b70b1c382c0ebfd1e13de6381d77c38ebddf07a109745cb
provenance/abricate_galaxy_wrapper.xml,8740,ea5b471639375c58cbe36bd8b5a3dc14326b164c0b55c8c39123078b05bbbb4e
provenance/accession_selection_audit.csv,2085,49f9255095dbbf060cf577a28d6be7935549b5f89a8dcace0ae76320fad8465a
provenance/analysis_run_audit.csv,145124,998de46af06acfc52eec1673705e55de1a92c30ada5a1b9dc95989b63d063259
provenance/archived_input_inventory.csv,210505,4bce0f74bd956814151dad1c7b9aae52e0473ceac5681eef4838ca90a90ebfef
provenance/Galaxy_comparison.json,136759,c98d4cec1189b6337d1bec902c82f2edeef66695f8b8db0b43aef6feb1da0ebd
provenance/Galaxy_jobs.json,30750,e24a32ad05cc932d15dd91332c253d5c95a75c322f9f7cc73082e473a511cc90
provenance/input_sha256.csv,49734,4c7a738bc33882818a57d4a8b2b9e92e660c09e87c857c6d53f28919a4dfbd29
provenance/manuscript_checks.json,424,33a6cf139fc90009777feba0df6abebfa938202743516085cf5ee352abc3e51b
provenance/portable_repository_run_verified.json,126,ec4f6c352a69b9fdd2214bb77e008b65cb189e432634f6c8f62ac8d212c7f915
provenance/reference_audit.json,16945,431495a6747da554153fd9128215035aa4f85388a12b26990c0ded34599e95e9
provenance/revision_software_versions.json,97,f282f7f65a7cf9e53e8dee0e439c69ddf7da12c0a40e46e794ec92dca99b5dd9
provenance/validation_checks.json,1631,a7d2e75a15467b3799981cb136b2e909005e05ebd65697d6c4913e52d15fa602
reproducibility/analyze_hof.py,22594,fbc25d3b9052be2fd27a54e2cb8e7dc370d1efef1d896de029aeea1dd9202783
reproducibility/audit_galaxy.py,2671,bd7f8d95e3aa0650d25a457f8e2ac4e2d5f18ae4f7893cf2ce243a5b1057b71e
reproducibility/make_figures.py,6914,b98e9fa6f19b4fbdaccc39013e9ef83148a0b5155d4e2e2d4021944e21d0e404
reproducibility/README.md,1085,2642950597eb96353916f6f5349cc5ab3bdd488c1d7c339b5fb9f43371ca4681
reproducibility/requirements.txt,49,e65ae218970fc0394c4f743f6ba8a31a104321d1266be3adb43cb95f3d5c53e4
supplementary/ESM_1.docx,161582,bd6cb727dd1437e701f5c2a062acff91779dc2767ccd35611df2633d08d1506c
supplementary/ESM_1.pdf,224313,10db4367d20c23157aa235ac74c4e1651008bd77601b3b23b6a06c9a4d230cc9
supplementary/ESM_2.zip,377163,fbfcdfa56b1a989e66d475edd7e589ee9e12bc55075b3562056efdd29b1b8db2
supplementary/ESM_2_README.txt,552,1cd06d748439693f3609099c2139d5b502c17269aa1e2b4b7b448621070810cc
supplementary/ESM_3.zip,330117,9b2ca503e4c47cc0ffc5fc86fcf2e7cdb83109badd1f09c0813e3a74d64822b0
supplementary/ESM_3_README.txt,618,0247daf1e083560615304bd4a459888c1e0b2e4aa0022c921ea7e7d7fdc08076
tables/Galaxy_records_per_genome.csv,21664,c87519664f294b549ca1649ad0e4a4deb7d756921338d32e7a73026148cf4d8a
tables/S10_corrected_annotation_PCA.csv,6530,fab944c3b5ff49e0039dc16ffc2e7d55424929ae36ea8a9bffbbcbcdfa33e08b
tables/S10_PCA_explained_variance.csv,762,4de8737614e94cd2df0893685da79e0408b0077979fe5139ec609f349481685a
tables/S10_PCA_loadings.csv,1692,2dce16337736d4a0abc7a34aafacca620241344184f8a763979caf6bf0f3f7b9
tables/S11_corrected_annotation_network_edges.csv,12611,a87997bdbe4d07c72fde5d789bef50e44eeaafeb2db5d2f72a3a6ad719c41eae
tables/S1_genome_metadata_QC.csv,36255,f7e35d5aa23cb07a8094f8d00249f5495dd11c9a5cec48d619a970e9e191d2d6
tables/S2_annotation_screen_panel.csv,6807,b035e2f6cc11084dbe61cb9dcc8e2e83d9482c46ba37a03446c897609dc7f4c7
tables/S3_corrected_annotation_candidates.csv,211499,ac33a35ab32a2a8e901381a3197f04feceaad32458f116c39b50aa1e9e2657ef
tables/S4_legacy_regex_audit_all_genomes.csv,219904,6025018d6ce27eb35c8fa94932fa3b55020b27b17acaaa06dbd6b2c0e0da7253
tables/S5_exact_sequence_duplicates.csv,516,2a062923fee109090be4c7e89fc9ddf08cdd3aab211d242e6cfd8ade712b1ecd
tables/S5_repeated_strain_labels.csv,516,2a062923fee109090be4c7e89fc9ddf08cdd3aab211d242e6cfd8ade712b1ecd
tables/S6_amrfinder_corrected_records.tsv,59299,f9df9ab384a3a330496f03f313a6d2ecd8af377d909ae528a95040155d07e52e
tables/S6_bacmet2_corrected_records.tsv,66426,0aa1fb89e742814fb86bd640d94ef60f2b53498cda60ca2e0c6d4a60ae84a130
tables/S6_bacmet2_new_Galaxy_records.tsv,54196,d5e1da256226705ad24bc6f302be6ec867d8839f71a4eb171c97b88e54d3e672
tables/S6_card_corrected_records.tsv,99557,ae9ed502d7ab9c69bcaebcd98d34403c578cd4b8717de8128fccc80fb2cb93d1
tables/S6_card_new_Galaxy_records.tsv,86124,de4ee9ffebbcbff48a6ab2124d57e004ca48d367fd6f79e31ff09385a9ad6cce
tables/S6_database_records_per_genome.csv,33394,c5112ea597697de4f514b13888021361607231fb442b13f96af29f34a1d1ffe6
tables/S6_plasmidfinder_corrected_records.tsv,12603,84cbc43db8231cc1efa78c339d3119acb3752ddfb688b390f4910a520666ae82
tables/S6_plasmidfinder_new_Galaxy_records.tsv,10034,65248347dbc8c30e436772ff0c1f86d627762c3e6ba6866b87ac6109279d9e59
tables/S6_resfinder_corrected_records.tsv,34476,18b14467fbc44873d4eaceb724cb900faf7a931c7bb605216197c68664abc44c
tables/S6_resfinder_new_Galaxy_records.tsv,27828,f50195dab55b638387be4e88820ece9480676fba73f4e48376e0c2f8f5c32c18
tables/S6_vfdb_corrected_records.tsv,64743,b4b19f7068633c3238e949e9ff950a12374326f84b344e4ab3bb9b1198466a03
tables/S6_vfdb_new_Galaxy_records.tsv,54255,79954729f5e736d94626353982006f6f626f7fb7f2efd0cb5a0a385097f0adfa
tables/S6_victors_corrected_records.tsv,678122,d4d83c6c06dd25fd8b46e65d18e8f8e4022d152344841a9fba8219ac465a96ac
tables/S7_annotation_category_presence_matrix.csv,9104,5ba54b50661ff76af7451c96e8a91d403947878fb3be6790d8abb99bcc9fcaa1
tables/S7_named_symbol_presence_matrix.csv,9104,9271d63e48659144846dd2976253d399175d4f0735bf9441a6da296bbd07b40d
tables/S8_integrated_per_genome.csv,7685,6d96b100ed340c4408c4247154d62484495a58c86000ab48b564091cde1421cd
tables/S9_database_spearman_correlations.csv,963,c393695f33ecff166080760089e2c687a0621402e18083aaf9bbf81e3a6c6dce
tables/S9_rank_sensitivity.csv,1889,4e942d9bfb04430675ed45dc7b8b12153caf94c909d25480f8a5e24edd2a51bf
tables/S9_score_sensitivity.csv,5752,56d450aea43a755669bb165c7bba7d3d7d3f15fda5775f9420d562c608c1002f
tables/S9_standardized_burdens.csv,2852,ce77c6a59fe3c55cc21966852bc11859ae13a9de7316a61deffd82cac81701b9
tables/S9_within_sample_bootstrap_rank_stability.csv,777,eafa5b4da9ad121c0c3d2db80d095f2cdb511ab808651cebd216260a7b9c02f6
tables/Table2_species_database_and_annotation_summary.csv,3450,2da0dad93b4749c8f1237d96c1149dafced06c490d36241a6301b2bd708996d9
tables/Tables.docx,38930,2093c48ea3ff7835fe5a871b7cd24ebf9a8341f76298f051c37157fe392425a7
tables/Tables.pdf,147283,e05984d5b4449a8a8ef29ea9e1f04509d631fb14593312d081a29030d16dabab
