category,PC1_loading,PC2_loading
biofilm_ica,0.005734057141053512,-0.16588557541942087
biofilm_accumulation,0.0010955412303878358,-0.03282018671460299
adhesion_autolysin,0.006356462700140662,-0.1657695686929918
adhesion_fibronectin,0.38632220377467485,-0.26808163581718086
adhesion_collagen,0.24184613451800985,0.13909819441476604
adhesion_sdr,0.007862284607740348,-0.22918203242417912
quorum_agr,0.014166938590939773,-0.40755943428666996
regulation_sarA,0.01416693859093976,-0.40755943428666996
stress_sigB,0.01416693859093976,-0.40755943428666996
streptococcus_gtf,0.25594113297559073,0.1458724337858046
streptococcus_gbp,0.08161200673160034,0.047132652133376904
streptococcus_spaP,0.15215640259794622,0.08967999479082463
biofilm_brpA,0.37228369770040626,0.20806245678194182
competence_com,0.37228369770040626,0.20806245678194182
regulation_vicRK,0.37228369770040626,0.20806245678194182
sortase,0.09032828807409955,-0.04705467054384755
adhesion_fbp,0.386322203774675,-0.26808163581718086
enterococcus_asa,0.0013302313613018921,-0.018114065857941376
enterococcus_ace,0.001330231361301893,-0.018114065857941383
enterococcus_gelE,0.0022502298231277607,-0.03250811865114947
enterococcus_fsr,0.0013137834799704388,-0.017814817733690057
enterococcus_ebp,0.0022502298231277607,-0.03250811865114947
type_iv_pili,0.3212231332621657,-0.2295032947249559
pg_fimbriae,-0.07621251992186319,0.05659524384092378
pg_gingipain,-0.07621251992186319,0.05659524384092377
pg_hagA,-0.04640768107463122,0.03463255279389998
fn_adhesin,-0.014224829042864862,-0.004322015090970157
tf_bspA,-0.013201996619832759,0.009292829300147635
td_virulence,-0.07531959353337288,0.053913564112162415
