component,explained_variance_ratio
1,0.34206932606571333
2,0.2570753595237928
3,0.0988281373582799
4,0.06450559415947488
5,0.03964559132664953
6,0.03490417143588695
7,0.028623513245404894
8,0.024218226931857836
9,0.021241206246758938
10,0.017878706866372576
11,0.014945562392596819
12,0.011691143998613134
13,0.010094231885356943
14,0.009844532121339912
15,0.006143180750034934
16,0.00420427152909315
17,0.00417791817394406
18,0.0037664182693493736
19,0.0035085776829827495
20,0.0014050621016625676
21,0.0012292679348346785
22,1.9106096231609115e-33
23,1.9106096231609115e-33
24,1.9106096231609115e-33
25,1.9106096231609115e-33
26,1.9106096231609115e-33
27,1.9106096231609115e-33
28,1.9106096231609115e-33
29,2.9913990054520504e-34
