accession,species_folder,PC1,PC2
GCF_016127855.1,actinomyces_naeslundii,-0.7464955340583415,0.33300957773029044
GCF_963265035.1,actinomyces_naeslundii,0.026148873491008525,-0.2031536939040703
GCF_963340285.1,actinomyces_naeslundii,0.026148873491008577,-0.20315369390406973
GCF_963340415.1,actinomyces_naeslundii,0.026148873491007394,-0.2031536939040701
GCF_002156805.1,corynebacterium_striatum,-1.067718667320506,0.5625128724552473
GCF_002803965.1,corynebacterium_striatum,-1.0677186673205066,0.5625128724552472
GCF_002804085.1,corynebacterium_striatum,-1.0677186673205068,0.5625128724552465
GCF_016728105.1,corynebacterium_striatum,-1.0677186673205066,0.5625128724552465
GCF_016728205.1,corynebacterium_striatum,-1.0677186673205061,0.5625128724552468
GCF_001281065.1,cutibacterium_acnes,-0.7464955340583408,0.33300957773029066
GCF_001469565.1,cutibacterium_acnes,-0.7464955340583406,0.3330095777302909
GCF_001469595.1,cutibacterium_acnes,-0.7464955340583405,0.33300957773029094
GCF_001469615.1,cutibacterium_acnes,-0.7464955340583407,0.33300957773029083
GCF_001469655.1,cutibacterium_acnes,-0.7464955340583406,0.33300957773029116
GCF_001598635.1,enterococcus_faecalis,0.037005795837405514,-0.43393949989936165
GCF_001689055.2,enterococcus_faecalis,0.03462357933983853,-0.3222128806559424
GCF_001989555.1,enterococcus_faecalis,0.03966625856000913,-0.47016763161524444
GCF_002163735.1,enterococcus_faecalis,0.03462357933983854,-0.32221288065594234
GCF_002208945.1,enterococcus_faecalis,0.03831957931737603,-0.4517543176330518
GCF_028621975.1,fusobacterium_nucleatum,-0.07840424362595554,-0.16042103845119307
GCF_028621995.1,fusobacterium_nucleatum,-0.07840424362595554,-0.16042103845119307
GCF_031191795.1,fusobacterium_nucleatum,-0.07840424362595558,-0.16042103845119307
GCF_037889055.1,fusobacterium_nucleatum,-0.07840424362595548,-0.16042103845119313
GCF_037889065.1,fusobacterium_nucleatum,-0.8510486511753045,0.37574223318316835
GCF_001263815.1,porphyromonas_gingivalis,-1.2665513882388633,0.7103359129309943
GCF_002753935.1,porphyromonas_gingivalis,-1.2201437071642323,0.6757033601370943
GCF_002753955.1,porphyromonas_gingivalis,-1.2665513882388633,0.7103359129309943
GCF_002753975.1,porphyromonas_gingivalis,-1.2201437071642323,0.6757033601370943
GCF_002754015.1,porphyromonas_gingivalis,-1.2665513882388633,0.7103359129309943
GCF_001548195.1,prevotella_intermedia,-1.067718667320506,0.5625128724552468
GCF_001953935.1,prevotella_intermedia,-1.067718667320506,0.5625128724552468
GCF_002355195.1,prevotella_intermedia,-1.067718667320506,0.5625128724552468
GCF_002763535.1,prevotella_intermedia,-1.067718667320506,0.5625128724552468
GCF_002763575.1,prevotella_intermedia,-1.067718667320506,0.5625128724552468
GCF_002356175.1,staphylococcus_capitis,0.07438374640488185,-1.5917175721835006
GCF_002591175.1,staphylococcus_capitis,0.08224603101262294,-1.82089960460768
GCF_013267675.1,staphylococcus_capitis,0.07438374640488185,-1.5917175721835006
GCF_015243435.1,staphylococcus_capitis,0.07438374640488185,-1.5917175721835006
GCF_020883475.1,staphylococcus_capitis,0.07438374640488185,-1.5917175721835006
GCF_000759555.1,staphylococcus_epidermidis,0.08286843657170867,-1.8207835978812519
GCF_001956655.1,staphylococcus_epidermidis,0.07500615196396766,-1.5916015654570725
GCF_002085695.1,staphylococcus_epidermidis,0.08969803494315098,-2.019489360015274
GCF_002215535.1,staphylococcus_epidermidis,0.07500615196396766,-1.5916015654570725
GCF_006094375.1,staphylococcus_epidermidis,0.08286843657170867,-1.8207835978812519
GCF_001611955.1,staphylococcus_haemolyticus,0.06864968926382675,-1.4258319967640802
GCF_002906595.1,staphylococcus_haemolyticus,0.07651197387156763,-1.655014029188258
GCF_002906615.1,staphylococcus_haemolyticus,0.07651197387156763,-1.655014029188258
GCF_002952715.2,staphylococcus_haemolyticus,0.07651197387156763,-1.655014029188258
GCF_006094395.1,staphylococcus_haemolyticus,0.07651197387156763,-1.655014029188258
GCF_000831165.1,streptococcus_anginosus,1.6407872340858272,0.706004304642325
GCF_001412635.1,streptococcus_anginosus,1.4664581078418368,0.6072645229898974
GCF_001697145.1,streptococcus_anginosus,1.7929436366837734,0.7956842994331496
GCF_008726365.3,streptococcus_anginosus,1.3848461011102369,0.5601318708565204
GCF_900636475.1,streptococcus_anginosus,1.4664581078418368,0.6072645229898974
GCF_000722765.2,streptococcus_mitis,1.398941099567818,0.5669061102275594
GCF_001281025.1,streptococcus_mitis,1.1429999665922277,0.42103367644175466
GCF_009730515.1,streptococcus_mitis,1.1429999665922277,0.42103367644175466
GCF_013305725.1,streptococcus_mitis,1.3989410995678175,0.5669061102275591
GCF_018603625.2,streptococcus_mitis,1.3989410995678175,0.5669061102275591
GCF_001983955.1,streptococcus_oralis,1.384846101110237,0.5601318708565203
GCF_002386345.1,streptococcus_oralis,1.537002503708183,0.6498118656473454
GCF_007475365.1,streptococcus_oralis,1.3989410995678175,0.5669061102275591
GCF_016028175.1,streptococcus_oralis,1.3989410995678175,0.5669061102275591
GCF_016028255.1,streptococcus_oralis,1.3989410995678175,0.5669061102275591
GCF_013343115.1,streptococcus_sanguinis,1.7929436366837739,0.7956842994331496
GCF_013378355.1,streptococcus_sanguinis,1.7929436366837739,0.7956842994331496
GCF_050220005.1,streptococcus_sanguinis,1.8745556434153732,0.8428169515665264
GCF_050220455.1,streptococcus_sanguinis,1.8745556434153732,0.8428169515665265
GCF_900475505.1,streptococcus_sanguinis,1.7929436366837739,0.7956842994331496
GCF_000238215.1,tannerella_forsythia,-1.0809206639403393,0.5718057017553944
GCF_001547855.1,tannerella_forsythia,-1.0677186673205066,0.5625128724552471
GCF_001547875.1,tannerella_forsythia,-1.0677186673205066,0.5625128724552471
GCF_024181405.1,treponema_denticola,-1.2333665489279793,0.6634811071112567
GCF_024181425.1,treponema_denticola,-1.2333665489279793,0.6634811071112567
GCF_024181445.1,treponema_denticola,-1.2333665489279793,0.6634811071112567
GCF_024181465.1,treponema_denticola,-1.2333665489279793,0.6634811071112567
GCF_024181485.1,treponema_denticola,-1.2333665489279784,0.6634811071112566
GCF_002005185.1,veillonella_parvula,0.026148873491008712,-0.20315369390407056
GCF_016127175.1,veillonella_parvula,0.026148873491008712,-0.20315369390407056
GCF_031190775.1,veillonella_parvula,-0.06417941458309073,-0.156099023360223
GCF_036456085.1,veillonella_parvula,0.026148873491008726,-0.20315369390407056
GCF_900186885.1,veillonella_parvula,0.0261488734910087,-0.2031536939040705
