source,target,n_genomes_with_annotation,n_genomes,within_species_fraction,interpretation
actinomyces_naeslundii,adhesion_fibronectin,3,4,0.75,annotation-category association; not microbial interaction
actinomyces_naeslundii,sortase,4,4,1.0,annotation-category association; not microbial interaction
actinomyces_naeslundii,adhesion_enolase,4,4,1.0,annotation-category association; not microbial interaction
actinomyces_naeslundii,adhesion_fbp,3,4,0.75,annotation-category association; not microbial interaction
actinomyces_naeslundii,type_iv_pili,4,4,1.0,annotation-category association; not microbial interaction
corynebacterium_striatum,sortase,5,5,1.0,annotation-category association; not microbial interaction
corynebacterium_striatum,adhesion_enolase,5,5,1.0,annotation-category association; not microbial interaction
cutibacterium_acnes,sortase,5,5,1.0,annotation-category association; not microbial interaction
cutibacterium_acnes,adhesion_enolase,5,5,1.0,annotation-category association; not microbial interaction
cutibacterium_acnes,type_iv_pili,5,5,1.0,annotation-category association; not microbial interaction
enterococcus_faecalis,adhesion_autolysin,3,5,0.6,annotation-category association; not microbial interaction
enterococcus_faecalis,adhesion_fibronectin,5,5,1.0,annotation-category association; not microbial interaction
enterococcus_faecalis,sortase,5,5,1.0,annotation-category association; not microbial interaction
enterococcus_faecalis,adhesion_enolase,5,5,1.0,annotation-category association; not microbial interaction
enterococcus_faecalis,adhesion_fbp,5,5,1.0,annotation-category association; not microbial interaction
enterococcus_faecalis,enterococcus_asa,3,5,0.6,annotation-category association; not microbial interaction
enterococcus_faecalis,enterococcus_ace,3,5,0.6,annotation-category association; not microbial interaction
enterococcus_faecalis,enterococcus_gelE,5,5,1.0,annotation-category association; not microbial interaction
enterococcus_faecalis,enterococcus_fsr,3,5,0.6,annotation-category association; not microbial interaction
enterococcus_faecalis,enterococcus_ebp,5,5,1.0,annotation-category association; not microbial interaction
enterococcus_faecalis,type_iv_pili,5,5,1.0,annotation-category association; not microbial interaction
fusobacterium_nucleatum,adhesion_fibronectin,4,5,0.8,annotation-category association; not microbial interaction
fusobacterium_nucleatum,adhesion_enolase,5,5,1.0,annotation-category association; not microbial interaction
fusobacterium_nucleatum,adhesion_fbp,4,5,0.8,annotation-category association; not microbial interaction
fusobacterium_nucleatum,type_iv_pili,5,5,1.0,annotation-category association; not microbial interaction
fusobacterium_nucleatum,fn_adhesin,5,5,1.0,annotation-category association; not microbial interaction
porphyromonas_gingivalis,sortase,5,5,1.0,annotation-category association; not microbial interaction
porphyromonas_gingivalis,adhesion_enolase,5,5,1.0,annotation-category association; not microbial interaction
porphyromonas_gingivalis,pg_fimbriae,5,5,1.0,annotation-category association; not microbial interaction
porphyromonas_gingivalis,pg_gingipain,5,5,1.0,annotation-category association; not microbial interaction
porphyromonas_gingivalis,pg_hagA,3,5,0.6,annotation-category association; not microbial interaction
prevotella_intermedia,sortase,5,5,1.0,annotation-category association; not microbial interaction
prevotella_intermedia,adhesion_enolase,5,5,1.0,annotation-category association; not microbial interaction
staphylococcus_capitis,biofilm_ica,5,5,1.0,annotation-category association; not microbial interaction
staphylococcus_capitis,adhesion_fibronectin,5,5,1.0,annotation-category association; not microbial interaction
staphylococcus_capitis,adhesion_sdr,1,5,0.2,annotation-category association; not microbial interaction
staphylococcus_capitis,quorum_agr,5,5,1.0,annotation-category association; not microbial interaction
staphylococcus_capitis,regulation_sarA,5,5,1.0,annotation-category association; not microbial interaction
staphylococcus_capitis,stress_sigB,5,5,1.0,annotation-category association; not microbial interaction
staphylococcus_capitis,sortase,5,5,1.0,annotation-category association; not microbial interaction
staphylococcus_capitis,adhesion_enolase,5,5,1.0,annotation-category association; not microbial interaction
staphylococcus_capitis,adhesion_fbp,5,5,1.0,annotation-category association; not microbial interaction
staphylococcus_capitis,type_iv_pili,5,5,1.0,annotation-category association; not microbial interaction
staphylococcus_epidermidis,biofilm_ica,1,5,0.2,annotation-category association; not microbial interaction
staphylococcus_epidermidis,biofilm_accumulation,1,5,0.2,annotation-category association; not microbial interaction
staphylococcus_epidermidis,adhesion_autolysin,5,5,1.0,annotation-category association; not microbial interaction
staphylococcus_epidermidis,adhesion_fibronectin,5,5,1.0,annotation-category association; not microbial interaction
staphylococcus_epidermidis,adhesion_sdr,3,5,0.6,annotation-category association; not microbial interaction
staphylococcus_epidermidis,quorum_agr,5,5,1.0,annotation-category association; not microbial interaction
staphylococcus_epidermidis,regulation_sarA,5,5,1.0,annotation-category association; not microbial interaction
staphylococcus_epidermidis,stress_sigB,5,5,1.0,annotation-category association; not microbial interaction
staphylococcus_epidermidis,sortase,5,5,1.0,annotation-category association; not microbial interaction
staphylococcus_epidermidis,adhesion_enolase,5,5,1.0,annotation-category association; not microbial interaction
staphylococcus_epidermidis,adhesion_fbp,5,5,1.0,annotation-category association; not microbial interaction
staphylococcus_epidermidis,type_iv_pili,5,5,1.0,annotation-category association; not microbial interaction
staphylococcus_haemolyticus,adhesion_fibronectin,5,5,1.0,annotation-category association; not microbial interaction
staphylococcus_haemolyticus,adhesion_sdr,4,5,0.8,annotation-category association; not microbial interaction
staphylococcus_haemolyticus,quorum_agr,5,5,1.0,annotation-category association; not microbial interaction
staphylococcus_haemolyticus,regulation_sarA,5,5,1.0,annotation-category association; not microbial interaction
staphylococcus_haemolyticus,stress_sigB,5,5,1.0,annotation-category association; not microbial interaction
staphylococcus_haemolyticus,sortase,5,5,1.0,annotation-category association; not microbial interaction
staphylococcus_haemolyticus,adhesion_enolase,5,5,1.0,annotation-category association; not microbial interaction
staphylococcus_haemolyticus,adhesion_fbp,5,5,1.0,annotation-category association; not microbial interaction
staphylococcus_haemolyticus,type_iv_pili,5,5,1.0,annotation-category association; not microbial interaction
streptococcus_anginosus,adhesion_fibronectin,5,5,1.0,annotation-category association; not microbial interaction
streptococcus_anginosus,adhesion_collagen,5,5,1.0,annotation-category association; not microbial interaction
streptococcus_anginosus,streptococcus_gtf,2,5,0.4,annotation-category association; not microbial interaction
streptococcus_anginosus,streptococcus_gbp,2,5,0.4,annotation-category association; not microbial interaction
streptococcus_anginosus,streptococcus_spaP,1,5,0.2,annotation-category association; not microbial interaction
streptococcus_anginosus,biofilm_brpA,5,5,1.0,annotation-category association; not microbial interaction
streptococcus_anginosus,competence_com,5,5,1.0,annotation-category association; not microbial interaction
streptococcus_anginosus,regulation_vicRK,5,5,1.0,annotation-category association; not microbial interaction
streptococcus_anginosus,sortase,5,5,1.0,annotation-category association; not microbial interaction
streptococcus_anginosus,adhesion_enolase,5,5,1.0,annotation-category association; not microbial interaction
streptococcus_anginosus,adhesion_fbp,5,5,1.0,annotation-category association; not microbial interaction
streptococcus_anginosus,type_iv_pili,5,5,1.0,annotation-category association; not microbial interaction
streptococcus_mitis,adhesion_fibronectin,5,5,1.0,annotation-category association; not microbial interaction
streptococcus_mitis,streptococcus_gtf,3,5,0.6,annotation-category association; not microbial interaction
streptococcus_mitis,biofilm_brpA,5,5,1.0,annotation-category association; not microbial interaction
streptococcus_mitis,competence_com,5,5,1.0,annotation-category association; not microbial interaction
streptococcus_mitis,regulation_vicRK,5,5,1.0,annotation-category association; not microbial interaction
streptococcus_mitis,sortase,5,5,1.0,annotation-category association; not microbial interaction
streptococcus_mitis,adhesion_enolase,5,5,1.0,annotation-category association; not microbial interaction
streptococcus_mitis,adhesion_fbp,5,5,1.0,annotation-category association; not microbial interaction
streptococcus_mitis,type_iv_pili,5,5,1.0,annotation-category association; not microbial interaction
streptococcus_oralis,adhesion_fibronectin,5,5,1.0,annotation-category association; not microbial interaction
streptococcus_oralis,adhesion_collagen,2,5,0.4,annotation-category association; not microbial interaction
streptococcus_oralis,streptococcus_gtf,3,5,0.6,annotation-category association; not microbial interaction
streptococcus_oralis,streptococcus_spaP,1,5,0.2,annotation-category association; not microbial interaction
streptococcus_oralis,biofilm_brpA,5,5,1.0,annotation-category association; not microbial interaction
streptococcus_oralis,competence_com,5,5,1.0,annotation-category association; not microbial interaction
streptococcus_oralis,regulation_vicRK,5,5,1.0,annotation-category association; not microbial interaction
streptococcus_oralis,sortase,5,5,1.0,annotation-category association; not microbial interaction
streptococcus_oralis,adhesion_enolase,5,5,1.0,annotation-category association; not microbial interaction
streptococcus_oralis,adhesion_fbp,5,5,1.0,annotation-category association; not microbial interaction
streptococcus_oralis,type_iv_pili,5,5,1.0,annotation-category association; not microbial interaction
streptococcus_sanguinis,adhesion_fibronectin,5,5,1.0,annotation-category association; not microbial interaction
streptococcus_sanguinis,adhesion_collagen,5,5,1.0,annotation-category association; not microbial interaction
streptococcus_sanguinis,streptococcus_gtf,5,5,1.0,annotation-category association; not microbial interaction
streptococcus_sanguinis,streptococcus_gbp,2,5,0.4,annotation-category association; not microbial interaction
streptococcus_sanguinis,streptococcus_spaP,5,5,1.0,annotation-category association; not microbial interaction
streptococcus_sanguinis,biofilm_brpA,5,5,1.0,annotation-category association; not microbial interaction
streptococcus_sanguinis,competence_com,5,5,1.0,annotation-category association; not microbial interaction
streptococcus_sanguinis,regulation_vicRK,5,5,1.0,annotation-category association; not microbial interaction
streptococcus_sanguinis,sortase,5,5,1.0,annotation-category association; not microbial interaction
streptococcus_sanguinis,adhesion_enolase,5,5,1.0,annotation-category association; not microbial interaction
streptococcus_sanguinis,adhesion_fbp,5,5,1.0,annotation-category association; not microbial interaction
streptococcus_sanguinis,type_iv_pili,5,5,1.0,annotation-category association; not microbial interaction
tannerella_forsythia,sortase,3,3,1.0,annotation-category association; not microbial interaction
tannerella_forsythia,adhesion_enolase,3,3,1.0,annotation-category association; not microbial interaction
tannerella_forsythia,tf_bspA,1,3,0.3333333333333333,annotation-category association; not microbial interaction
treponema_denticola,adhesion_enolase,5,5,1.0,annotation-category association; not microbial interaction
treponema_denticola,td_virulence,5,5,1.0,annotation-category association; not microbial interaction
veillonella_parvula,adhesion_fibronectin,5,5,1.0,annotation-category association; not microbial interaction
veillonella_parvula,sortase,4,5,0.8,annotation-category association; not microbial interaction
veillonella_parvula,adhesion_enolase,5,5,1.0,annotation-category association; not microbial interaction
veillonella_parvula,adhesion_fbp,5,5,1.0,annotation-category association; not microbial interaction
veillonella_parvula,type_iv_pili,5,5,1.0,annotation-category association; not microbial interaction
