category,gene_names,product_phrases,restricted_genus,description,origin
biofilm_ica,icaA;icaB;icaC;icaD;icaR,,Staphylococcus,Staphylococcal intercellular adhesion locus,"Original curated target list, corrected field matching and genus restrictions"
biofilm_accumulation,aap,accumulation-associated protein,Staphylococcus,Biofilm accumulation-associated protein,"Original curated target list, corrected field matching and genus restrictions"
biofilm_bap,bap,biofilm-associated protein,Staphylococcus,Biofilm-associated protein,"Original curated target list, corrected field matching and genus restrictions"
adhesion_autolysin,atlE,autolysin,,Autolysin-mediated adhesion,"Original curated target list, corrected field matching and genus restrictions"
adhesion_fibronectin,fnbA;fnbB,fibronectin-binding,,Fibronectin-binding proteins,"Original curated target list, corrected field matching and genus restrictions"
adhesion_clumping,clfA;clfB,clumping factor,Staphylococcus,Clumping factors,"Original curated target list, corrected field matching and genus restrictions"
adhesion_collagen,cna,collagen adhesin;collagen-binding adhesin,,Collagen-binding adhesin,"Original curated target list, corrected field matching and genus restrictions"
adhesion_sdr,sdrC;sdrD;sdrE,serine-aspartate repeat,Staphylococcus,Serine-aspartate repeat adhesins,"Original curated target list, corrected field matching and genus restrictions"
biofilm_sasG,sasG,,Staphylococcus,Staphylococcal surface protein G,"Original curated target list, corrected field matching and genus restrictions"
quorum_agr,agrA;agrB;agrC;agrD,,Staphylococcus,Staphylococcal quorum sensing agr system,"Original curated target list, corrected field matching and genus restrictions"
regulation_sarA,sarA,,Staphylococcus,Staphylococcal accessory regulator,"Original curated target list, corrected field matching and genus restrictions"
stress_sigB,sigB,sigma factor B,Staphylococcus,Stress response regulator,"Original curated target list, corrected field matching and genus restrictions"
streptococcus_gtf,gtfB;gtfC;gtfD,glucosyltransferase,Streptococcus,Glucosyltransferases,"Original curated target list, corrected field matching and genus restrictions"
streptococcus_gbp,gbpA;gbpB;gbpC;gbpD,glucan-binding,Streptococcus,Glucan-binding proteins,"Original curated target list, corrected field matching and genus restrictions"
streptococcus_spaP,spaP;pac,antigen I/II,Streptococcus,Streptococcal adhesin antigen I/II,"Original curated target list, corrected field matching and genus restrictions"
biofilm_brpA,brpA,,Streptococcus,Biofilm regulatory protein A,"Original curated target list, corrected field matching and genus restrictions"
competence_com,comC;comD;comE,,Streptococcus,Competence quorum sensing,"Original curated target list, corrected field matching and genus restrictions"
quorum_luxS,luxS,autoinducer-2,,AI-2 quorum sensing,"Original curated target list, corrected field matching and genus restrictions"
regulation_vicRK,vicR;vicK;covR;covS,,Streptococcus,Two-component biofilm regulation,"Original curated target list, corrected field matching and genus restrictions"
sortase,srtA;srtC,sortase,,Sortase and surface protein anchoring,"Original curated target list, corrected field matching and genus restrictions"
adhesion_enolase,eno,enolase,,Surface-associated enolase,"Original curated target list, corrected field matching and genus restrictions"
adhesion_fbp,fbp,fibronectin-binding,,Fibronectin-binding protein,"Original curated target list, corrected field matching and genus restrictions"
enterococcus_esp,esp,enterococcal surface protein,Enterococcus,Enterococcal biofilm surface protein,"Original curated target list, corrected field matching and genus restrictions"
enterococcus_asa,asa1,aggregation substance,Enterococcus,Aggregation substance,"Original curated target list, corrected field matching and genus restrictions"
enterococcus_ace,ace,collagen adhesin,Enterococcus,Collagen-binding adhesin,"Original curated target list, corrected field matching and genus restrictions"
enterococcus_efaA,efaA,,Enterococcus,Endocarditis-associated antigen,"Original curated target list, corrected field matching and genus restrictions"
enterococcus_gelE,gelE,gelatinase,Enterococcus,Gelatinase,"Original curated target list, corrected field matching and genus restrictions"
enterococcus_fsr,fsrA;fsrB;fsrC,,Enterococcus,Enterococcal quorum sensing,"Original curated target list, corrected field matching and genus restrictions"
enterococcus_ebp,ebpA;ebpB;ebpC,,Enterococcus,Endocarditis/biofilm pili,"Original curated target list, corrected field matching and genus restrictions"
pseudomonas_alg,algD;algU;algR,,Pseudomonas,Alginate pathway,"Original curated target list, corrected field matching and genus restrictions"
pseudomonas_pel,pelA;pelB;pelC;pelD;pelE;pelF;pelG,,Pseudomonas,Pel exopolysaccharide,"Original curated target list, corrected field matching and genus restrictions"
pseudomonas_psl,pslA;pslB;pslC;pslD;pslE,,Pseudomonas,Psl exopolysaccharide,"Original curated target list, corrected field matching and genus restrictions"
pseudomonas_las,lasI;lasR,,Pseudomonas,Las quorum sensing,"Original curated target list, corrected field matching and genus restrictions"
pseudomonas_rhl,rhlI;rhlR,,Pseudomonas,Rhl quorum sensing,"Original curated target list, corrected field matching and genus restrictions"
pseudomonas_pqs,pqsA;pqsB;pqsC;pqsD;pqsE;pqsR,,Pseudomonas,PQS quorum sensing,"Original curated target list, corrected field matching and genus restrictions"
type_iv_pili,,type IV pilus,,Type IV pili,"Original curated target list, corrected field matching and genus restrictions"
pseudomonas_cup,cupA;cupB;cupC,,Pseudomonas,CUP fimbriae,"Original curated target list, corrected field matching and genus restrictions"
pg_fimbriae,fimA;mfa1,fimbrial subunit protein FimA;minor fimbrial subunit protein Mfa1,Porphyromonas,Porphyromonas fimbriae,"Original curated target list, corrected field matching and genus restrictions"
pg_gingipain,rgpA;rgpB;kgp,gingipain,Porphyromonas,Gingipain proteases,"Original curated target list, corrected field matching and genus restrictions"
pg_hagA,hagA,,Porphyromonas,Hemagglutinin adhesin,"Original curated target list, corrected field matching and genus restrictions"
fn_adhesin,fadA;fap2;radD;fomA,FadA family adhesin;Fap2;FomA;RadD,Fusobacterium,Fusobacterium adhesins,"Original curated target list, corrected field matching and genus restrictions"
tf_bspA,bspA,BspA,Tannerella,Tannerella BspA adhesin,"Original curated target list, corrected field matching and genus restrictions"
td_virulence,prtP;dentilisin;msp,,Treponema,Treponema denticola virulence,"Original curated target list, corrected field matching and genus restrictions"
