#FILE	SEQUENCE	START	END	STRAND	GENE	COVERAGE	COVERAGE_MAP	GAPS	%COVERAGE	%IDENTITY	DATABASE	ACCESSION	PRODUCT	RESISTANCE	species_folder	accession
data/unzipped_genomes/corynebacterium_striatum/ncbi_dataset/data/GCF_002156805.1/GCF_002156805.1_ASM215680v1_genomic.fna	NZ_CP021252.1	767252	767698	-	aac(3)-XI_1	1-447/447	===============	0/0	100.0	100.0	resfinder	CTEG01000046	aac(3)-XI		corynebacterium_striatum	GCF_002156805.1
data/unzipped_genomes/corynebacterium_striatum/ncbi_dataset/data/GCF_002156805.1/GCF_002156805.1_ASM215680v1_genomic.fna	NZ_CP021252.1	2089553	2090407	+	erm(X)_1	1-855/855	========/======	2/2	99.88	99.3	resfinder	M36726	erm(X)	Clindamycin;Erythromycin;Lincomycin;Pristinamycin_IA;Quinupristin;Virginiamycin_S	corynebacterium_striatum	GCF_002156805.1
data/unzipped_genomes/corynebacterium_striatum/ncbi_dataset/data/GCF_002803965.1/GCF_002803965.1_ASM280396v1_genomic.fna	NZ_CP024931.1	1962974	1964424	+	tet(O/W)_4	470-1920/1920	...============	0/0	75.57	99.86	resfinder	AM889121	tet(O/W)	Doxycycline;Minocycline;Tetracycline	corynebacterium_striatum	GCF_002803965.1
data/unzipped_genomes/corynebacterium_striatum/ncbi_dataset/data/GCF_002803965.1/GCF_002803965.1_ASM280396v1_genomic.fna	NZ_CP024931.1	1991808	1992983	+	cmx_1	1-1176/1176	===============	0/0	100.0	99.83	resfinder	U85507	cmx	Chloramphenicol	corynebacterium_striatum	GCF_002803965.1
data/unzipped_genomes/corynebacterium_striatum/ncbi_dataset/data/GCF_002803965.1/GCF_002803965.1_ASM280396v1_genomic.fna	NZ_CP024931.1	1993187	1994023	-	aph(6)-Id_1	1-837/837	===============	0/0	100.0	99.76	resfinder	M28829	aph(6)-Id	Streptomycin	corynebacterium_striatum	GCF_002803965.1
data/unzipped_genomes/corynebacterium_striatum/ncbi_dataset/data/GCF_002803965.1/GCF_002803965.1_ASM280396v1_genomic.fna	NZ_CP024931.1	1994023	1994825	-	aph(3'')-Ib_2	2-804/804	===============	0/0	99.88	100.0	resfinder	AF024602	aph(3'')-Ib	Streptomycin	corynebacterium_striatum	GCF_002803965.1
data/unzipped_genomes/corynebacterium_striatum/ncbi_dataset/data/GCF_002803965.1/GCF_002803965.1_ASM280396v1_genomic.fna	NZ_CP024931.1	1996127	1996942	-	aph(3')-Ia_7	1-816/816	===============	0/0	100.0	100.0	resfinder	X62115	aph(3')-Ia	Kanamycin	corynebacterium_striatum	GCF_002803965.1
data/unzipped_genomes/corynebacterium_striatum/ncbi_dataset/data/GCF_002803965.1/GCF_002803965.1_ASM280396v1_genomic.fna	NZ_CP024931.1	2009676	2010530	+	erm(X)_1	1-855/855	========/======	2/2	99.88	99.18	resfinder	M36726	erm(X)	Clindamycin;Erythromycin;Lincomycin;Pristinamycin_IA;Quinupristin;Virginiamycin_S	corynebacterium_striatum	GCF_002803965.1
data/unzipped_genomes/corynebacterium_striatum/ncbi_dataset/data/GCF_002803965.1/GCF_002803965.1_ASM280396v1_genomic.fna	NZ_CP024931.1	2011330	2011776	+	aac(3)-XI_1	1-447/447	===============	0/0	100.0	100.0	resfinder	CTEG01000046	aac(3)-XI		corynebacterium_striatum	GCF_002803965.1
data/unzipped_genomes/corynebacterium_striatum/ncbi_dataset/data/GCF_002804085.1/GCF_002804085.1_ASM280408v1_genomic.fna	NZ_CP024932.1	2378958	2379404	-	aac(3)-XI_1	1-447/447	===============	0/0	100.0	100.0	resfinder	CTEG01000046	aac(3)-XI		corynebacterium_striatum	GCF_002804085.1
data/unzipped_genomes/corynebacterium_striatum/ncbi_dataset/data/GCF_002804085.1/GCF_002804085.1_ASM280408v1_genomic.fna	NZ_CP024932.1	2380204	2381058	-	erm(X)_1	1-855/855	========/======	2/2	99.88	99.18	resfinder	M36726	erm(X)	Clindamycin;Erythromycin;Lincomycin;Pristinamycin_IA;Quinupristin;Virginiamycin_S	corynebacterium_striatum	GCF_002804085.1
data/unzipped_genomes/corynebacterium_striatum/ncbi_dataset/data/GCF_002804085.1/GCF_002804085.1_ASM280408v1_genomic.fna	NZ_CP024932.1	2400796	2402715	-	tet(W)_4	1-1920/1920	===============	0/0	100.0	99.11	resfinder	FN396364	tet(W)	Doxycycline;Minocycline;Tetracycline	corynebacterium_striatum	GCF_002804085.1
data/unzipped_genomes/corynebacterium_striatum/ncbi_dataset/data/GCF_016728105.1/GCF_016728105.1_ASM1672810v1_genomic.fna	NZ_CP068158.1	24724	25170	-	aac(3)-XI_1	1-447/447	===============	0/0	100.0	100.0	resfinder	CTEG01000046	aac(3)-XI		corynebacterium_striatum	GCF_016728105.1
data/unzipped_genomes/corynebacterium_striatum/ncbi_dataset/data/GCF_016728105.1/GCF_016728105.1_ASM1672810v1_genomic.fna	NZ_CP068158.1	27295	28149	-	erm(X)_1	1-855/855	========/======	2/2	99.88	99.18	resfinder	M36726	erm(X)	Clindamycin;Erythromycin;Lincomycin;Pristinamycin_IA;Quinupristin;Virginiamycin_S	corynebacterium_striatum	GCF_016728105.1
data/unzipped_genomes/enterococcus_faecalis/ncbi_dataset/data/GCF_001598635.1/GCF_001598635.1_ASM159863v1_genomic.fna	NZ_CP014949.1	1353939	1355435	-	lsa(A)_3	1-1497/1497	===============	0/0	100.0	100.0	resfinder	AY737526	lsa(A)	Clindamycin;Dalfopristin;Lincomycin;Pristinamycin_IIA;Virginiamycin_M	enterococcus_faecalis	GCF_001598635.1
data/unzipped_genomes/enterococcus_faecalis/ncbi_dataset/data/GCF_001689055.2/GCF_001689055.2_ASM168905v2_genomic.fna	NZ_CP015410.2	867844	869340	+	lsa(A)_3	1-1497/1497	===============	0/0	100.0	98.46	resfinder	AY737526	lsa(A)	Clindamycin;Dalfopristin;Lincomycin;Pristinamycin_IIA;Virginiamycin_M	enterococcus_faecalis	GCF_001689055.2
data/unzipped_genomes/enterococcus_faecalis/ncbi_dataset/data/GCF_001989555.1/GCF_001989555.1_ASM198955v1_genomic.fna	NZ_CP019512.1	2525483	2526979	-	lsa(A)_3	1-1497/1497	===============	0/0	100.0	98.53	resfinder	AY737526	lsa(A)	Clindamycin;Dalfopristin;Lincomycin;Pristinamycin_IIA;Virginiamycin_M	enterococcus_faecalis	GCF_001989555.1
data/unzipped_genomes/enterococcus_faecalis/ncbi_dataset/data/GCF_001989555.1/GCF_001989555.1_ASM198955v1_genomic.fna	NZ_CP019512.1	3088429	3090348	+	tet(M)_13	1-1920/1920	===============	0/0	100.0	100.0	resfinder	AM990992	tet(M)	Doxycycline;Minocycline;Tetracycline	enterococcus_faecalis	GCF_001989555.1
data/unzipped_genomes/enterococcus_faecalis/ncbi_dataset/data/GCF_001989555.1/GCF_001989555.1_ASM198955v1_genomic.fna	NZ_CP019513.1	38390	39829	-	aac(6')-aph(2'')_1	1-1440/1440	===============	0/0	100.0	100.0	resfinder	M13771	aac(6')-aph(2'')	Amikacin;Dibekacin;Fortimicin;Gentamicin;Isepamicin;Kanamycin;Netilmicin;Streptomycin;Tobramycin	enterococcus_faecalis	GCF_001989555.1
data/unzipped_genomes/enterococcus_faecalis/ncbi_dataset/data/GCF_001989555.1/GCF_001989555.1_ASM198955v1_genomic.fna	NZ_CP019513.1	45436	45933	+	dfrG_1	1-498/498	===============	0/0	100.0	100.0	resfinder	AB205645	dfrG	Trimethoprim	enterococcus_faecalis	GCF_001989555.1
data/unzipped_genomes/enterococcus_faecalis/ncbi_dataset/data/GCF_001989555.1/GCF_001989555.1_ASM198955v1_genomic.fna	NZ_CP019514.1	49569	50331	+	erm(B)_18	1-762/762	========/======	1/1	100.0	99.48	resfinder	X66468	erm(B)	Clindamycin;Erythromycin;Lincomycin;Pristinamycin_IA;Quinupristin;Virginiamycin_S	enterococcus_faecalis	GCF_001989555.1
data/unzipped_genomes/enterococcus_faecalis/ncbi_dataset/data/GCF_001989555.1/GCF_001989555.1_ASM198955v1_genomic.fna	NZ_CP019514.1	53590	54498	+	ant(6)-Ia_1	1-909/909	===============	0/0	100.0	100.0	resfinder	AF330699	ant(6)-Ia	Streptomycin	enterococcus_faecalis	GCF_001989555.1
data/unzipped_genomes/enterococcus_faecalis/ncbi_dataset/data/GCF_001989555.1/GCF_001989555.1_ASM198955v1_genomic.fna	NZ_CP019514.1	55130	55924	+	aph(3')-III_1	1-795/795	===============	0/0	100.0	100.0	resfinder	M26832	aph(3')-III	Amikacin;Butirosin;Isepamicin;Kanamycin;Lividomycin;Neomycin;Paromomycin;Ribostamycin	enterococcus_faecalis	GCF_001989555.1
data/unzipped_genomes/enterococcus_faecalis/ncbi_dataset/data/GCF_002163735.1/GCF_002163735.1_ASM216373v1_genomic.fna	NZ_CP015883.1	2352704	2354200	-	lsa(A)_1	1-1497/1497	===============	0/0	100.0	99.06	resfinder	AY225127	lsa(A)	Clindamycin;Dalfopristin;Lincomycin;Pristinamycin_IIA;Virginiamycin_M	enterococcus_faecalis	GCF_002163735.1
data/unzipped_genomes/enterococcus_faecalis/ncbi_dataset/data/GCF_002208945.1/GCF_002208945.1_ASM220894v2_genomic.fna	NZ_CP022059.1	736880	738799	+	tet(M)_5	1-1920/1920	===============	0/0	100.0	98.33	resfinder	U58985	tet(M)	Doxycycline;Minocycline;Tetracycline	enterococcus_faecalis	GCF_002208945.1
data/unzipped_genomes/enterococcus_faecalis/ncbi_dataset/data/GCF_002208945.1/GCF_002208945.1_ASM220894v2_genomic.fna	NZ_CP022059.1	2699472	2700968	-	lsa(A)_3	1-1497/1497	===============	0/0	100.0	98.46	resfinder	AY737526	lsa(A)	Clindamycin;Dalfopristin;Lincomycin;Pristinamycin_IIA;Virginiamycin_M	enterococcus_faecalis	GCF_002208945.1
data/unzipped_genomes/fusobacterium_nucleatum/ncbi_dataset/data/GCF_028621975.1/GCF_028621975.1_ASM2862197v1_genomic.fna	NZ_CP117525.1	1966491	1967253	+	erm(B)_18	1-762/762	========/======	1/1	100.0	98.95	resfinder	X66468	erm(B)	Clindamycin;Erythromycin;Lincomycin;Pristinamycin_IA;Quinupristin;Virginiamycin_S	fusobacterium_nucleatum	GCF_028621975.1
data/unzipped_genomes/fusobacterium_nucleatum/ncbi_dataset/data/GCF_028621975.1/GCF_028621975.1_ASM2862197v1_genomic.fna	NZ_CP117525.1	1977171	1979089	+	tet(M)_12	1-1919/1920	===============	0/0	99.95	97.81	resfinder	FR671418	tet(M)	Doxycycline;Minocycline;Tetracycline	fusobacterium_nucleatum	GCF_028621975.1
data/unzipped_genomes/prevotella_intermedia/ncbi_dataset/data/GCF_002763535.1/GCF_002763535.1_ASM276353v1_genomic.fna	NZ_CP024696.1	16531	17496	+	cfxA3_1	1-966/966	===============	0/0	100.0	99.9	resfinder	AF472622	cfxA3	Ampicillin	prevotella_intermedia	GCF_002763535.1
data/unzipped_genomes/prevotella_intermedia/ncbi_dataset/data/GCF_002763535.1/GCF_002763535.1_ASM276353v1_genomic.fna	NZ_CP024696.1	2717210	2719135	+	tet(Q)_1	1-1926/1926	===============	0/0	100.0	99.84	resfinder	L33696	tet(Q)	Doxycycline;Minocycline;Tetracycline	prevotella_intermedia	GCF_002763535.1
data/unzipped_genomes/prevotella_intermedia/ncbi_dataset/data/GCF_002763575.1/GCF_002763575.1_ASM276357v1_genomic.fna	NZ_CP024697.1	2516446	2517411	+	cfxA3_1	1-966/966	===============	0/0	100.0	99.9	resfinder	AF472622	cfxA3	Ampicillin	prevotella_intermedia	GCF_002763575.1
data/unzipped_genomes/prevotella_intermedia/ncbi_dataset/data/GCF_002763575.1/GCF_002763575.1_ASM276357v1_genomic.fna	NZ_CP024697.1	2610372	2612333	+	tet(Q)_3	1-1963/1965	========/======	1/1	99.85	99.75	resfinder	U73497	tet(Q)	Doxycycline;Minocycline;Tetracycline	prevotella_intermedia	GCF_002763575.1
data/unzipped_genomes/staphylococcus_capitis/ncbi_dataset/data/GCF_002356175.1/GCF_002356175.1_ASM235617v1_genomic.fna	NZ_AP014956.1	39427	39825	-	bleO_1	1-399/399	===============	0/0	100.0	100.0	resfinder	AF051917	bleO	Bleomycin	staphylococcus_capitis	GCF_002356175.1
data/unzipped_genomes/staphylococcus_capitis/ncbi_dataset/data/GCF_002356175.1/GCF_002356175.1_ASM235617v1_genomic.fna	NZ_AP014956.1	40048	40818	-	aadD_1	1-771/771	===============	0/0	100.0	99.74	resfinder	AF181950	aadD	Amikacin;Tobramycin	staphylococcus_capitis	GCF_002356175.1
data/unzipped_genomes/staphylococcus_capitis/ncbi_dataset/data/GCF_002356175.1/GCF_002356175.1_ASM235617v1_genomic.fna	NZ_AP014956.1	44220	46226	-	mecA_6	1-2007/2007	===============	0/0	100.0	100.0	resfinder	BX571856	mecA	Amoxicillin;Amoxicillin+Clavulanic_acid;Ampicillin;Ampicillin+Clavulanic_acid;Cefepime;Cefixime;Cefotaxime;Cefoxitin;Ceftazidime;Ertapenem;Imipenem;Meropenem;Piperacillin;Piperacillin+Tazobactam	staphylococcus_capitis	GCF_002356175.1
data/unzipped_genomes/staphylococcus_capitis/ncbi_dataset/data/GCF_002356175.1/GCF_002356175.1_ASM235617v1_genomic.fna	NZ_AP014956.1	55166	55897	+	erm(A)_1	1-732/732	===============	0/0	100.0	100.0	resfinder	X03216	erm(A)	Clindamycin;Erythromycin;Lincomycin;Pristinamycin_IA;Quinupristin;Virginiamycin_S	staphylococcus_capitis	GCF_002356175.1
data/unzipped_genomes/staphylococcus_capitis/ncbi_dataset/data/GCF_002356175.1/GCF_002356175.1_ASM235617v1_genomic.fna	NZ_AP014956.1	56023	56805	-	ant(9)-Ia_1	1-783/783	===============	0/0	100.0	100.0	resfinder	X02588	ant(9)-Ia	Spectinomycin	staphylococcus_capitis	GCF_002356175.1
data/unzipped_genomes/staphylococcus_capitis/ncbi_dataset/data/GCF_002356175.1/GCF_002356175.1_ASM235617v1_genomic.fna	NZ_AP014956.1	1165560	1166342	+	ant(9)-Ia_1	1-783/783	===============	0/0	100.0	100.0	resfinder	X02588	ant(9)-Ia	Spectinomycin	staphylococcus_capitis	GCF_002356175.1
data/unzipped_genomes/staphylococcus_capitis/ncbi_dataset/data/GCF_002356175.1/GCF_002356175.1_ASM235617v1_genomic.fna	NZ_AP014956.1	1166468	1167199	-	erm(A)_1	1-732/732	===============	0/0	100.0	100.0	resfinder	X03216	erm(A)	Clindamycin;Erythromycin;Lincomycin;Pristinamycin_IA;Quinupristin;Virginiamycin_S	staphylococcus_capitis	GCF_002356175.1
data/unzipped_genomes/staphylococcus_capitis/ncbi_dataset/data/GCF_002356175.1/GCF_002356175.1_ASM235617v1_genomic.fna	NZ_AP014956.1	2003882	2005801	+	tet(M)_13	1-1920/1920	===============	0/0	100.0	100.0	resfinder	AM990992	tet(M)	Doxycycline;Minocycline;Tetracycline	staphylococcus_capitis	GCF_002356175.1
data/unzipped_genomes/staphylococcus_capitis/ncbi_dataset/data/GCF_002591175.1/GCF_002591175.1_ASM259117v1_genomic.fna	NZ_CP023967.1	25584	26481	+	blaZ_29	3-900/900	===============	0/0	99.78	98.66	resfinder	JDXN01000019	blaZ	Amoxicillin;Ampicillin;Penicillin;Piperacillin	staphylococcus_capitis	GCF_002591175.1
data/unzipped_genomes/staphylococcus_capitis/ncbi_dataset/data/GCF_015243435.1/GCF_015243435.1_ASM1524343v1_genomic.fna	NZ_CP042341.1	518613	519512	-	mph(C)_2	1-900/900	===============	0/0	100.0	100.0	resfinder	AF167161	mph(C)	Erythromycin;Spiramycin;Telithromycin	staphylococcus_capitis	GCF_015243435.1
data/unzipped_genomes/staphylococcus_capitis/ncbi_dataset/data/GCF_015243435.1/GCF_015243435.1_ASM1524343v1_genomic.fna	NZ_CP042341.1	519611	521077	-	msr(A)_1	1-1467/1467	===============	0/0	100.0	99.05	resfinder	X52085	msr(A)	Azithromycin;Erythromycin;Pristinamycin_IA;Quinupristin;Telithromycin;Virginiamycin_S	staphylococcus_capitis	GCF_015243435.1
data/unzipped_genomes/staphylococcus_capitis/ncbi_dataset/data/GCF_020883475.1/GCF_020883475.1_ASM2088347v1_genomic.fna	NZ_CP086659.1	108336	109118	+	ant(9)-Ia_1	1-783/783	===============	0/0	100.0	100.0	resfinder	X02588	ant(9)-Ia	Spectinomycin	staphylococcus_capitis	GCF_020883475.1
data/unzipped_genomes/staphylococcus_capitis/ncbi_dataset/data/GCF_020883475.1/GCF_020883475.1_ASM2088347v1_genomic.fna	NZ_CP086659.1	109244	109975	-	erm(A)_1	1-732/732	===============	0/0	100.0	100.0	resfinder	X03216	erm(A)	Clindamycin;Erythromycin;Lincomycin;Pristinamycin_IA;Quinupristin;Virginiamycin_S	staphylococcus_capitis	GCF_020883475.1
data/unzipped_genomes/staphylococcus_capitis/ncbi_dataset/data/GCF_020883475.1/GCF_020883475.1_ASM2088347v1_genomic.fna	NZ_CP086659.1	118914	120920	+	mecA_6	1-2007/2007	===============	0/0	100.0	100.0	resfinder	BX571856	mecA	Amoxicillin;Amoxicillin+Clavulanic_acid;Ampicillin;Ampicillin+Clavulanic_acid;Cefepime;Cefixime;Cefotaxime;Cefoxitin;Ceftazidime;Ertapenem;Imipenem;Meropenem;Piperacillin;Piperacillin+Tazobactam	staphylococcus_capitis	GCF_020883475.1
data/unzipped_genomes/staphylococcus_capitis/ncbi_dataset/data/GCF_020883475.1/GCF_020883475.1_ASM2088347v1_genomic.fna	NZ_CP086659.1	124283	125053	+	aadD_1	1-771/771	===============	0/0	100.0	99.74	resfinder	AF181950	aadD	Amikacin;Tobramycin	staphylococcus_capitis	GCF_020883475.1
data/unzipped_genomes/staphylococcus_capitis/ncbi_dataset/data/GCF_020883475.1/GCF_020883475.1_ASM2088347v1_genomic.fna	NZ_CP086659.1	125276	125674	+	bleO_1	1-399/399	===============	0/0	100.0	100.0	resfinder	AF051917	bleO	Bleomycin	staphylococcus_capitis	GCF_020883475.1
data/unzipped_genomes/staphylococcus_capitis/ncbi_dataset/data/GCF_020883475.1/GCF_020883475.1_ASM2088347v1_genomic.fna	NZ_CP086659.1	1329442	1330224	+	ant(9)-Ia_1	1-783/783	===============	0/0	100.0	100.0	resfinder	X02588	ant(9)-Ia	Spectinomycin	staphylococcus_capitis	GCF_020883475.1
data/unzipped_genomes/staphylococcus_capitis/ncbi_dataset/data/GCF_020883475.1/GCF_020883475.1_ASM2088347v1_genomic.fna	NZ_CP086659.1	1330350	1331081	-	erm(A)_1	1-732/732	===============	0/0	100.0	100.0	resfinder	X03216	erm(A)	Clindamycin;Erythromycin;Lincomycin;Pristinamycin_IA;Quinupristin;Virginiamycin_S	staphylococcus_capitis	GCF_020883475.1
data/unzipped_genomes/staphylococcus_epidermidis/ncbi_dataset/data/GCF_001956655.1/GCF_001956655.1_ASM195665v2_genomic.fna	NZ_CP018842.1	566954	567595	+	fusB_1	1-642/642	===============	0/0	100.0	100.0	resfinder	AY373761	fusB	Fusidic_acid	staphylococcus_epidermidis	GCF_001956655.1
data/unzipped_genomes/staphylococcus_epidermidis/ncbi_dataset/data/GCF_002215535.1/GCF_002215535.1_ASM221553v1_genomic.fna	NZ_CP022247.1	1414727	1415368	-	fusB_1	1-642/642	===============	0/0	100.0	100.0	resfinder	AY373761	fusB	Fusidic_acid	staphylococcus_epidermidis	GCF_002215535.1
data/unzipped_genomes/staphylococcus_epidermidis/ncbi_dataset/data/GCF_002215535.1/GCF_002215535.1_ASM221553v1_genomic.fna	NZ_CP022250.1	8930	9827	+	blaZ_29	3-900/900	===============	0/0	99.78	98.78	resfinder	JDXN01000019	blaZ	Amoxicillin;Ampicillin;Penicillin;Piperacillin	staphylococcus_epidermidis	GCF_002215535.1
data/unzipped_genomes/staphylococcus_epidermidis/ncbi_dataset/data/GCF_002215535.1/GCF_002215535.1_ASM221553v1_genomic.fna	NZ_CP022251.1	640	2208	-	vga(A)LC_1	1-1569/1569	===============	0/0	100.0	100.0	resfinder	GQ891882	vga(A)LC	Clindamycin;Dalfopristin;Lincomycin;Pristinamycin_IIA;Tiamulin;Virginiamycin_M	staphylococcus_epidermidis	GCF_002215535.1
data/unzipped_genomes/staphylococcus_epidermidis/ncbi_dataset/data/GCF_006094375.1/GCF_006094375.1_ASM609437v1_genomic.fna	NZ_CP035288.1	955026	955923	-	blaZ_29	3-900/900	===============	0/0	99.78	99.0	resfinder	JDXN01000019	blaZ	Amoxicillin;Ampicillin;Penicillin;Piperacillin	staphylococcus_epidermidis	GCF_006094375.1
data/unzipped_genomes/staphylococcus_epidermidis/ncbi_dataset/data/GCF_006094375.1/GCF_006094375.1_ASM609437v1_genomic.fna	NZ_CP035290.1	3417	4439	-	tet(K)_1	358-1380/1380	...============	0/0	74.13	100.0	resfinder	U38656	tet(K)	Doxycycline;Tetracycline	staphylococcus_epidermidis	GCF_006094375.1
data/unzipped_genomes/staphylococcus_haemolyticus/ncbi_dataset/data/GCF_001611955.1/GCF_001611955.1_ASM161195v1_genomic.fna	NZ_CP013911.1	2511891	2513897	+	mecA_6	1-2007/2007	===============	0/0	100.0	100.0	resfinder	BX571856	mecA	Amoxicillin;Amoxicillin+Clavulanic_acid;Ampicillin;Ampicillin+Clavulanic_acid;Cefepime;Cefixime;Cefotaxime;Cefoxitin;Ceftazidime;Ertapenem;Imipenem;Meropenem;Piperacillin;Piperacillin+Tazobactam	staphylococcus_haemolyticus	GCF_001611955.1
data/unzipped_genomes/staphylococcus_haemolyticus/ncbi_dataset/data/GCF_001611955.1/GCF_001611955.1_ASM161195v1_genomic.fna	NZ_CP013912.1	2762	3649	-	blaZ_78	1-888/888	===============	0/0	100.0	99.66	resfinder	KU607301	blaZ	Amoxicillin;Ampicillin;Penicillin;Piperacillin	staphylococcus_haemolyticus	GCF_001611955.1
data/unzipped_genomes/staphylococcus_haemolyticus/ncbi_dataset/data/GCF_002906595.1/GCF_002906595.1_ASM290659v1_genomic.fna	NZ_CP024809.1	70429	72435	+	mecA_8	1-2007/2007	===============	0/0	100.0	100.0	resfinder	NC_007168	mecA	Amoxicillin;Amoxicillin+Clavulanic_acid;Ampicillin;Ampicillin+Clavulanic_acid;Cefepime;Cefixime;Cefotaxime;Cefoxitin;Ceftazidime;Ertapenem;Imipenem;Meropenem;Piperacillin;Piperacillin+Tazobactam	staphylococcus_haemolyticus	GCF_002906595.1
data/unzipped_genomes/staphylococcus_haemolyticus/ncbi_dataset/data/GCF_002906595.1/GCF_002906595.1_ASM290659v1_genomic.fna	NZ_CP024809.1	1184546	1185043	-	dfrG_1	1-498/498	===============	0/0	100.0	100.0	resfinder	AB205645	dfrG	Trimethoprim	staphylococcus_haemolyticus	GCF_002906595.1
data/unzipped_genomes/staphylococcus_haemolyticus/ncbi_dataset/data/GCF_002906595.1/GCF_002906595.1_ASM290659v1_genomic.fna	NZ_CP024809.1	1678136	1679575	-	aac(6')-aph(2'')_1	1-1440/1440	===============	0/0	100.0	100.0	resfinder	M13771	aac(6')-aph(2'')	Amikacin;Dibekacin;Fortimicin;Gentamicin;Isepamicin;Kanamycin;Netilmicin;Streptomycin;Tobramycin	staphylococcus_haemolyticus	GCF_002906595.1
data/unzipped_genomes/staphylococcus_haemolyticus/ncbi_dataset/data/GCF_002906595.1/GCF_002906595.1_ASM290659v1_genomic.fna	NZ_CP024809.1	2266835	2268274	+	aac(6')-aph(2'')_1	1-1440/1440	===============	0/0	100.0	100.0	resfinder	M13771	aac(6')-aph(2'')	Amikacin;Dibekacin;Fortimicin;Gentamicin;Isepamicin;Kanamycin;Netilmicin;Streptomycin;Tobramycin	staphylococcus_haemolyticus	GCF_002906595.1
data/unzipped_genomes/staphylococcus_haemolyticus/ncbi_dataset/data/GCF_002906595.1/GCF_002906595.1_ASM290659v1_genomic.fna	NZ_CP024809.1	2271833	2273299	+	msr(A)_1	1-1467/1467	===============	0/0	100.0	99.05	resfinder	X52085	msr(A)	Azithromycin;Erythromycin;Pristinamycin_IA;Quinupristin;Telithromycin;Virginiamycin_S	staphylococcus_haemolyticus	GCF_002906595.1
data/unzipped_genomes/staphylococcus_haemolyticus/ncbi_dataset/data/GCF_002906595.1/GCF_002906595.1_ASM290659v1_genomic.fna	NZ_CP024809.1	2273398	2274297	+	mph(C)_2	1-900/900	===============	0/0	100.0	100.0	resfinder	AF167161	mph(C)	Erythromycin;Spiramycin;Telithromycin	staphylococcus_haemolyticus	GCF_002906595.1
data/unzipped_genomes/staphylococcus_haemolyticus/ncbi_dataset/data/GCF_002906595.1/GCF_002906595.1_ASM290659v1_genomic.fna	NZ_CP024809.1	2503419	2504213	-	aph(3')-III_1	1-795/795	===============	0/0	100.0	100.0	resfinder	M26832	aph(3')-III	Amikacin;Butirosin;Isepamicin;Kanamycin;Lividomycin;Neomycin;Paromomycin;Ribostamycin	staphylococcus_haemolyticus	GCF_002906595.1
data/unzipped_genomes/staphylococcus_haemolyticus/ncbi_dataset/data/GCF_002906595.1/GCF_002906595.1_ASM290659v1_genomic.fna	NZ_CP024809.1	2504845	2505486	-	ant(6)-Ia_1	269-909/909	....====/======	1/1	70.52	99.84	resfinder	AF330699	ant(6)-Ia	Streptomycin	staphylococcus_haemolyticus	GCF_002906595.1
data/unzipped_genomes/staphylococcus_haemolyticus/ncbi_dataset/data/GCF_002906595.1/GCF_002906595.1_ASM290659v1_genomic.fna	NZ_CP024809.1	2510043	2510930	-	blaZ_78	1-888/888	===============	0/0	100.0	99.66	resfinder	KU607301	blaZ	Amoxicillin;Ampicillin;Penicillin;Piperacillin	staphylococcus_haemolyticus	GCF_002906595.1
data/unzipped_genomes/staphylococcus_haemolyticus/ncbi_dataset/data/GCF_002906615.1/GCF_002906615.1_ASM290661v1_genomic.fna	NZ_CP025396.1	70429	72435	+	mecA_8	1-2007/2007	===============	0/0	100.0	100.0	resfinder	NC_007168	mecA	Amoxicillin;Amoxicillin+Clavulanic_acid;Ampicillin;Ampicillin+Clavulanic_acid;Cefepime;Cefixime;Cefotaxime;Cefoxitin;Ceftazidime;Ertapenem;Imipenem;Meropenem;Piperacillin;Piperacillin+Tazobactam	staphylococcus_haemolyticus	GCF_002906615.1
data/unzipped_genomes/staphylococcus_haemolyticus/ncbi_dataset/data/GCF_002906615.1/GCF_002906615.1_ASM290661v1_genomic.fna	NZ_CP025396.1	1183549	1184046	-	dfrG_1	1-498/498	===============	0/0	100.0	100.0	resfinder	AB205645	dfrG	Trimethoprim	staphylococcus_haemolyticus	GCF_002906615.1
data/unzipped_genomes/staphylococcus_haemolyticus/ncbi_dataset/data/GCF_002906615.1/GCF_002906615.1_ASM290661v1_genomic.fna	NZ_CP025396.1	1677139	1678578	-	aac(6')-aph(2'')_1	1-1440/1440	===============	0/0	100.0	100.0	resfinder	M13771	aac(6')-aph(2'')	Amikacin;Dibekacin;Fortimicin;Gentamicin;Isepamicin;Kanamycin;Netilmicin;Streptomycin;Tobramycin	staphylococcus_haemolyticus	GCF_002906615.1
data/unzipped_genomes/staphylococcus_haemolyticus/ncbi_dataset/data/GCF_002906615.1/GCF_002906615.1_ASM290661v1_genomic.fna	NZ_CP025396.1	2265838	2267277	+	aac(6')-aph(2'')_1	1-1440/1440	===============	0/0	100.0	100.0	resfinder	M13771	aac(6')-aph(2'')	Amikacin;Dibekacin;Fortimicin;Gentamicin;Isepamicin;Kanamycin;Netilmicin;Streptomycin;Tobramycin	staphylococcus_haemolyticus	GCF_002906615.1
data/unzipped_genomes/staphylococcus_haemolyticus/ncbi_dataset/data/GCF_002906615.1/GCF_002906615.1_ASM290661v1_genomic.fna	NZ_CP025396.1	2270836	2272302	+	msr(A)_1	1-1467/1467	===============	0/0	100.0	99.05	resfinder	X52085	msr(A)	Azithromycin;Erythromycin;Pristinamycin_IA;Quinupristin;Telithromycin;Virginiamycin_S	staphylococcus_haemolyticus	GCF_002906615.1
data/unzipped_genomes/staphylococcus_haemolyticus/ncbi_dataset/data/GCF_002906615.1/GCF_002906615.1_ASM290661v1_genomic.fna	NZ_CP025396.1	2272401	2273300	+	mph(C)_2	1-900/900	===============	0/0	100.0	100.0	resfinder	AF167161	mph(C)	Erythromycin;Spiramycin;Telithromycin	staphylococcus_haemolyticus	GCF_002906615.1
data/unzipped_genomes/staphylococcus_haemolyticus/ncbi_dataset/data/GCF_002906615.1/GCF_002906615.1_ASM290661v1_genomic.fna	NZ_CP025396.1	2502854	2503648	-	aph(3')-III_1	1-795/795	===============	0/0	100.0	100.0	resfinder	M26832	aph(3')-III	Amikacin;Butirosin;Isepamicin;Kanamycin;Lividomycin;Neomycin;Paromomycin;Ribostamycin	staphylococcus_haemolyticus	GCF_002906615.1
data/unzipped_genomes/staphylococcus_haemolyticus/ncbi_dataset/data/GCF_002906615.1/GCF_002906615.1_ASM290661v1_genomic.fna	NZ_CP025396.1	2504280	2504921	-	ant(6)-Ia_1	269-909/909	....====/======	1/1	70.52	99.84	resfinder	AF330699	ant(6)-Ia	Streptomycin	staphylococcus_haemolyticus	GCF_002906615.1
data/unzipped_genomes/staphylococcus_haemolyticus/ncbi_dataset/data/GCF_002906615.1/GCF_002906615.1_ASM290661v1_genomic.fna	NZ_CP025396.1	2509478	2510365	-	blaZ_78	1-888/888	===============	0/0	100.0	99.66	resfinder	KU607301	blaZ	Amoxicillin;Ampicillin;Penicillin;Piperacillin	staphylococcus_haemolyticus	GCF_002906615.1
data/unzipped_genomes/staphylococcus_haemolyticus/ncbi_dataset/data/GCF_002952715.2/GCF_002952715.2_ASM295271v2_genomic.fna	NZ_CP025031.1	866051	867430	-	tet(K)_1	1-1380/1380	===============	0/0	100.0	100.0	resfinder	U38656	tet(K)	Doxycycline;Tetracycline	staphylococcus_haemolyticus	GCF_002952715.2
data/unzipped_genomes/staphylococcus_haemolyticus/ncbi_dataset/data/GCF_002952715.2/GCF_002952715.2_ASM295271v2_genomic.fna	NZ_CP025031.1	879415	881421	+	mecA_8	1-2007/2007	===============	0/0	100.0	100.0	resfinder	NC_007168	mecA	Amoxicillin;Amoxicillin+Clavulanic_acid;Ampicillin;Ampicillin+Clavulanic_acid;Cefepime;Cefixime;Cefotaxime;Cefoxitin;Ceftazidime;Ertapenem;Imipenem;Meropenem;Piperacillin;Piperacillin+Tazobactam	staphylococcus_haemolyticus	GCF_002952715.2
data/unzipped_genomes/staphylococcus_haemolyticus/ncbi_dataset/data/GCF_002952715.2/GCF_002952715.2_ASM295271v2_genomic.fna	NZ_CP025031.1	978231	979670	-	aac(6')-aph(2'')_1	1-1440/1440	===============	0/0	100.0	100.0	resfinder	M13771	aac(6')-aph(2'')	Amikacin;Dibekacin;Fortimicin;Gentamicin;Isepamicin;Kanamycin;Netilmicin;Streptomycin;Tobramycin	staphylococcus_haemolyticus	GCF_002952715.2
data/unzipped_genomes/staphylococcus_haemolyticus/ncbi_dataset/data/GCF_002952715.2/GCF_002952715.2_ASM295271v2_genomic.fna	NZ_CP025031.1	990355	991242	+	blaZ_78	1-888/888	===============	0/0	100.0	99.66	resfinder	KU607301	blaZ	Amoxicillin;Ampicillin;Penicillin;Piperacillin	staphylococcus_haemolyticus	GCF_002952715.2
data/unzipped_genomes/staphylococcus_haemolyticus/ncbi_dataset/data/GCF_002952715.2/GCF_002952715.2_ASM295271v2_genomic.fna	NZ_CP025033.1	15083	15982	-	mph(C)_2	1-900/900	===============	0/0	100.0	100.0	resfinder	AF167161	mph(C)	Erythromycin;Spiramycin;Telithromycin	staphylococcus_haemolyticus	GCF_002952715.2
data/unzipped_genomes/staphylococcus_haemolyticus/ncbi_dataset/data/GCF_002952715.2/GCF_002952715.2_ASM295271v2_genomic.fna	NZ_CP025033.1	16081	17547	-	msr(A)_1	1-1467/1467	===============	0/0	100.0	99.05	resfinder	X52085	msr(A)	Azithromycin;Erythromycin;Pristinamycin_IA;Quinupristin;Telithromycin;Virginiamycin_S	staphylococcus_haemolyticus	GCF_002952715.2
data/unzipped_genomes/streptococcus_anginosus/ncbi_dataset/data/GCF_000831165.1/GCF_000831165.1_ASM83116v1_genomic.fna	NZ_CP007573.1	764549	766359	+	VanGXY_1	1-1811/1811	===============	0/0	100.0	100.0	resfinder	AY271782	VanGXY	Vancomycin	streptococcus_anginosus	GCF_000831165.1
data/unzipped_genomes/streptococcus_anginosus/ncbi_dataset/data/GCF_000831165.1/GCF_000831165.1_ASM83116v1_genomic.fna	NZ_CP007573.1	787337	789256	+	tet(32)_1	1-1920/1920	===============	0/0	100.0	100.0	resfinder	EU722333	tet(32)	Doxycycline;Minocycline;Tetracycline	streptococcus_anginosus	GCF_000831165.1
data/unzipped_genomes/streptococcus_anginosus/ncbi_dataset/data/GCF_001412635.1/GCF_001412635.1_ASM141263v1_genomic.fna	NZ_CP012805.1	244068	245987	-	tet(M)_1	1-1920/1920	===============	0/0	100.0	99.84	resfinder	X92947	tet(M)	Doxycycline;Minocycline;Tetracycline	streptococcus_anginosus	GCF_001412635.1
data/unzipped_genomes/streptococcus_anginosus/ncbi_dataset/data/GCF_008726365.3/GCF_008726365.3_ASM872636v3_genomic.fna	NZ_CP136160.1	1260795	1262714	-	tet(O)_2	1-1920/1920	===============	0/0	100.0	99.58	resfinder	M20925	tet(O)	Doxycycline;Minocycline;Tetracycline	streptococcus_anginosus	GCF_008726365.3
data/unzipped_genomes/streptococcus_anginosus/ncbi_dataset/data/GCF_008726365.3/GCF_008726365.3_ASM872636v3_genomic.fna	NZ_CP136160.1	1349393	1350856	-	msr(D)_2	1-1464/1464	===============	0/0	100.0	99.93	resfinder	AF274302	msr(D)	Azithromycin;Erythromycin;Pristinamycin_IA;Quinupristin;Telithromycin;Virginiamycin_S	streptococcus_anginosus	GCF_008726365.3
data/unzipped_genomes/streptococcus_anginosus/ncbi_dataset/data/GCF_008726365.3/GCF_008726365.3_ASM872636v3_genomic.fna	NZ_CP136160.1	1350976	1352193	-	mef(A)_2	1-1218/1218	===============	0/0	100.0	99.75	resfinder	U83667	mef(A)	Azithromycin;Erythromycin	streptococcus_anginosus	GCF_008726365.3
data/unzipped_genomes/streptococcus_mitis/ncbi_dataset/data/GCF_000722765.2/GCF_000722765.2_ASM72276v2_genomic.fna	NZ_CP028415.1	972009	973472	-	msr(D)_2	1-1464/1464	===============	0/0	100.0	99.93	resfinder	AF274302	msr(D)	Azithromycin;Erythromycin;Pristinamycin_IA;Quinupristin;Telithromycin;Virginiamycin_S	streptococcus_mitis	GCF_000722765.2
data/unzipped_genomes/streptococcus_mitis/ncbi_dataset/data/GCF_000722765.2/GCF_000722765.2_ASM72276v2_genomic.fna	NZ_CP028415.1	973592	974809	-	mef(A)_2	1-1218/1218	===============	0/0	100.0	100.0	resfinder	U83667	mef(A)	Azithromycin;Erythromycin	streptococcus_mitis	GCF_000722765.2
data/unzipped_genomes/streptococcus_mitis/ncbi_dataset/data/GCF_013305725.1/GCF_013305725.1_ASM1330572v1_genomic.fna	NZ_CP047883.1	982363	983580	+	mef(A)_2	1-1218/1218	===============	0/0	100.0	100.0	resfinder	U83667	mef(A)	Azithromycin;Erythromycin	streptococcus_mitis	GCF_013305725.1
data/unzipped_genomes/streptococcus_mitis/ncbi_dataset/data/GCF_013305725.1/GCF_013305725.1_ASM1330572v1_genomic.fna	NZ_CP047883.1	983700	985163	+	msr(D)_2	1-1464/1464	===============	0/0	100.0	100.0	resfinder	AF274302	msr(D)	Azithromycin;Erythromycin;Pristinamycin_IA;Quinupristin;Telithromycin;Virginiamycin_S	streptococcus_mitis	GCF_013305725.1
data/unzipped_genomes/streptococcus_mitis/ncbi_dataset/data/GCF_013305725.1/GCF_013305725.1_ASM1330572v1_genomic.fna	NZ_CP047883.1	1005010	1006929	+	tet(M)_13	1-1920/1920	===============	0/0	100.0	98.28	resfinder	AM990992	tet(M)	Doxycycline;Minocycline;Tetracycline	streptococcus_mitis	GCF_013305725.1
data/unzipped_genomes/streptococcus_mitis/ncbi_dataset/data/GCF_018603625.2/GCF_018603625.2_ASM1860362v2_genomic.fna	NZ_CP190759.1	934867	936084	+	mef(A)_2	1-1218/1218	===============	0/0	100.0	100.0	resfinder	U83667	mef(A)	Azithromycin;Erythromycin	streptococcus_mitis	GCF_018603625.2
data/unzipped_genomes/streptococcus_mitis/ncbi_dataset/data/GCF_018603625.2/GCF_018603625.2_ASM1860362v2_genomic.fna	NZ_CP190759.1	936204	937667	+	msr(D)_2	1-1464/1464	===============	0/0	100.0	100.0	resfinder	AF274302	msr(D)	Azithromycin;Erythromycin;Pristinamycin_IA;Quinupristin;Telithromycin;Virginiamycin_S	streptococcus_mitis	GCF_018603625.2
data/unzipped_genomes/streptococcus_oralis/ncbi_dataset/data/GCF_001983955.1/GCF_001983955.1_ASM198395v1_genomic.fna	NZ_CP019562.1	935477	936694	+	mef(A)_2	1-1218/1218	===============	0/0	100.0	97.37	resfinder	U83667	mef(A)	Azithromycin;Erythromycin	streptococcus_oralis	GCF_001983955.1
data/unzipped_genomes/streptococcus_oralis/ncbi_dataset/data/GCF_001983955.1/GCF_001983955.1_ASM198395v1_genomic.fna	NZ_CP019562.1	936814	938277	+	msr(D)_2	1-1464/1464	===============	0/0	100.0	100.0	resfinder	AF274302	msr(D)	Azithromycin;Erythromycin;Pristinamycin_IA;Quinupristin;Telithromycin;Virginiamycin_S	streptococcus_oralis	GCF_001983955.1
data/unzipped_genomes/streptococcus_oralis/ncbi_dataset/data/GCF_002386345.1/GCF_002386345.1_ASM238634v1_genomic.fna	NZ_CP023507.1	938564	940027	-	msr(D)_2	1-1464/1464	===============	0/0	100.0	100.0	resfinder	AF274302	msr(D)	Azithromycin;Erythromycin;Pristinamycin_IA;Quinupristin;Telithromycin;Virginiamycin_S	streptococcus_oralis	GCF_002386345.1
data/unzipped_genomes/streptococcus_oralis/ncbi_dataset/data/GCF_002386345.1/GCF_002386345.1_ASM238634v1_genomic.fna	NZ_CP023507.1	940147	941364	-	mef(A)_2	1-1218/1218	===============	0/0	100.0	100.0	resfinder	U83667	mef(A)	Azithromycin;Erythromycin	streptococcus_oralis	GCF_002386345.1
data/unzipped_genomes/streptococcus_oralis/ncbi_dataset/data/GCF_016028175.1/GCF_016028175.1_ASM1602817v1_genomic.fna	NZ_CP065706.1	1181294	1182757	-	msr(D)_2	1-1464/1464	===============	0/0	100.0	100.0	resfinder	AF274302	msr(D)	Azithromycin;Erythromycin;Pristinamycin_IA;Quinupristin;Telithromycin;Virginiamycin_S	streptococcus_oralis	GCF_016028175.1
data/unzipped_genomes/streptococcus_oralis/ncbi_dataset/data/GCF_016028175.1/GCF_016028175.1_ASM1602817v1_genomic.fna	NZ_CP065706.1	1182877	1184094	-	mef(A)_2	1-1218/1218	===============	0/0	100.0	100.0	resfinder	U83667	mef(A)	Azithromycin;Erythromycin	streptococcus_oralis	GCF_016028175.1
data/unzipped_genomes/streptococcus_sanguinis/ncbi_dataset/data/GCF_050220455.1/GCF_050220455.1_x_genomic.fna	NZ_CP071414.1	1489781	1491244	-	msr(D)_2	1-1464/1464	===============	0/0	100.0	100.0	resfinder	AF274302	msr(D)	Azithromycin;Erythromycin;Pristinamycin_IA;Quinupristin;Telithromycin;Virginiamycin_S	streptococcus_sanguinis	GCF_050220455.1
data/unzipped_genomes/streptococcus_sanguinis/ncbi_dataset/data/GCF_050220455.1/GCF_050220455.1_x_genomic.fna	NZ_CP071414.1	1491364	1492581	-	mef(A)_2	1-1218/1218	===============	0/0	100.0	100.0	resfinder	U83667	mef(A)	Azithromycin;Erythromycin	streptococcus_sanguinis	GCF_050220455.1
data/unzipped_genomes/tannerella_forsythia/ncbi_dataset/data/GCF_000238215.1/GCF_000238215.1_ASM23821v1_genomic.fna	NC_016610.1	1331035	1332960	+	tet(Q)_1	1-1926/1926	===============	0/0	100.0	90.5	resfinder	L33696	tet(Q)	Doxycycline;Minocycline;Tetracycline	tannerella_forsythia	GCF_000238215.1
data/unzipped_genomes/veillonella_parvula/ncbi_dataset/data/GCF_036456085.1/GCF_036456085.1_ASM3645608v1_genomic.fna	NZ_CP138632.1	1395376	1397295	+	tet(M)_8	1-1920/1920	===============	0/0	100.0	99.9	resfinder	X04388	tet(M)	Doxycycline;Minocycline;Tetracycline	veillonella_parvula	GCF_036456085.1
