species_folder,seven_databases_AMR_only,archived_raw_seven_databases,AMRFinder_VFDB_only,four_domains_equal_weight,nucleotide_databases_only,leave_out_AMR_records,leave_out_card,leave_out_resfinder,leave_out_bacmet2,leave_out_vfdb,leave_out_victors,leave_out_plasmidfinder,strict_QC_seven_databases,records_per_Mbp,one_accession_per_strain_label
actinomyces_naeslundii,15.0,12.0,15.0,15.0,15.0,15.0,15.0,15.0,15.0,15.0,15.0,15.0,14.0,15.0,15.0
corynebacterium_striatum,7.0,7.0,4.0,8.0,7.0,8.0,7.0,8.0,7.0,7.0,7.0,7.0,7.0,8.0,7.0
cutibacterium_acnes,15.0,14.0,15.0,15.0,15.0,15.0,15.0,15.0,15.0,15.0,15.0,15.0,14.0,15.0,15.0
enterococcus_faecalis,2.0,2.0,1.0,2.0,2.0,2.0,2.0,2.0,2.0,4.0,2.0,2.0,2.0,3.0,2.0
fusobacterium_nucleatum,12.0,11.0,11.0,11.0,11.0,12.0,12.0,12.0,11.0,12.0,12.0,12.0,10.0,12.0,12.0
porphyromonas_gingivalis,13.0,17.0,11.0,13.0,13.0,13.0,14.0,13.0,13.0,13.0,13.0,13.0,12.0,13.0,13.0
prevotella_intermedia,10.0,15.0,9.0,12.0,9.0,10.0,10.0,10.0,9.0,10.0,9.0,10.0,,10.0,10.0
staphylococcus_capitis,3.0,3.0,3.0,4.0,3.0,3.0,3.0,3.0,3.0,2.0,3.0,3.0,3.0,2.0,3.0
staphylococcus_epidermidis,4.0,4.0,6.0,3.0,6.0,4.0,4.0,4.0,6.0,3.0,4.0,6.0,4.0,6.0,4.0
staphylococcus_haemolyticus,1.0,1.0,2.0,1.0,1.0,1.0,1.0,1.0,1.0,1.0,1.0,1.0,1.0,1.0,1.0
streptococcus_anginosus,8.0,8.0,7.0,7.0,8.0,7.0,8.0,7.0,8.0,8.0,8.0,8.0,8.0,7.0,8.0
streptococcus_mitis,5.0,5.0,8.0,6.0,4.0,5.0,5.0,5.0,4.0,5.0,6.0,4.0,5.0,4.0,5.0
streptococcus_oralis,6.0,6.0,5.0,5.0,5.0,6.0,6.0,6.0,5.0,6.0,5.0,5.0,6.0,5.0,6.0
streptococcus_sanguinis,9.0,9.0,10.0,9.0,10.0,9.0,9.0,9.0,10.0,9.0,10.0,9.0,9.0,9.0,9.0
tannerella_forsythia,14.0,16.0,13.0,14.0,14.0,14.0,13.0,14.0,14.0,14.0,14.0,14.0,13.0,14.0,14.0
treponema_denticola,15.0,10.0,15.0,15.0,15.0,15.0,15.0,15.0,15.0,15.0,15.0,15.0,14.0,15.0,15.0
veillonella_parvula,11.0,13.0,14.0,10.0,12.0,11.0,11.0,11.0,12.0,11.0,11.0,11.0,11.0,11.0,11.0
