species_folder,AMR_records,card,resfinder,bacmet2,vfdb,victors,plasmidfinder
actinomyces_naeslundii,-0.8188062121412821,-0.9147257801605692,-0.8439029112163571,-0.7127426808308408,-0.35045362351070064,-0.4461163802924738,-0.5729065893324303
corynebacterium_striatum,0.8480492911463281,-0.04545221267878635,1.0568752547409903,-0.7127426808308408,-0.35045362351070064,-0.4461163802924738,-0.5729065893324303
cutibacterium_acnes,-0.8188062121412821,-0.9147257801605692,-0.8439029112163571,-0.7127426808308408,-0.35045362351070064,-0.4461163802924738,-0.5729065893324303
enterococcus_faecalis,0.3216738690555039,1.910413314155225,0.7853355167470836,0.044546417551927384,3.771451494873877,0.1562212595248013,0.8880052134652671
fusobacterium_nucleatum,-0.6433477381110073,-0.7698468522469387,-0.5723631732224503,-0.7127426808308408,-0.35045362351070064,-0.4461163802924738,-0.3294212888661474
porphyromonas_gingivalis,-0.6433477381110073,-0.552528460376493,-0.8439029112163571,-0.7127426808308408,-0.35045362351070064,-0.4461163802924738,-0.5729065893324303
prevotella_intermedia,-0.38016002706559526,-0.6249679243333082,-0.3008234352285435,-0.7127426808308408,-0.35045362351070064,-0.4461163802924738,-0.5729065893324303
staphylococcus_capitis,1.9008001353279769,1.3308976025007033,1.599954730728804,0.4862983916085421,-0.31581576537301514,-0.3326891624048051,1.8619464153303986
staphylococcus_epidermidis,0.4971323430857786,0.7513818908461811,-0.029283697234636752,2.12709143810454,-0.24654004909764407,-0.3287778790293683,1.618461114864116
staphylococcus_haemolyticus,2.602634031449076,1.7655343862415949,2.6861136827044314,2.5057359872959237,-0.21190219095995855,-0.30922146215218405,2.3489170162629645
streptococcus_anginosus,0.3216738690555039,0.02698725127802895,-0.029283697234636752,-0.2078832819089953,-0.21190219095995855,-0.24272964476975756,-0.3294212888661474
streptococcus_mitis,-0.11697231602018306,0.8238213548029965,0.10648617176231662,0.4862983916085421,0.13447639041689666,2.855006788576229,-0.5729065893324303
streptococcus_oralis,-0.2047015530353205,0.6065029629325509,-0.029283697234636752,0.6756206662042343,0.550130688069123,2.373918933397496,-0.5729065893324303
streptococcus_sanguinis,-0.6433477381110073,-0.8422863162037539,-0.5723631732224503,-0.018561007313303214,-0.31581576537301514,-0.1566814105101468,-0.5729065893324303
tannerella_forsythia,-0.6725908171160532,-0.7939933402325438,-0.6176197962214348,-0.7127426808308408,-0.35045362351070064,-0.4461163802924738,-0.5729065893324303
treponema_denticola,-0.8188062121412821,-0.9147257801605692,-0.8439029112163571,-0.7127426808308408,-0.35045362351070064,-0.4461163802924738,-0.5729065893324303
veillonella_parvula,-0.7310769751261448,-0.8422863162037539,-0.7081330422194038,-0.39720555650468736,-0.35045362351070064,-0.4461163802924738,-0.3294212888661474
