species_folder,rank_median,rank_p025,rank_p975,fraction_top5
actinomyces_naeslundii,14.0,13.0,15.0,0.0
corynebacterium_striatum,7.0,6.0,9.0,0.011
cutibacterium_acnes,14.0,13.0,15.0,0.0
enterococcus_faecalis,2.0,1.0,4.0,0.999
fusobacterium_nucleatum,12.0,9.0,14.0,0.0
porphyromonas_gingivalis,13.0,11.0,14.0,0.0
prevotella_intermedia,10.0,8.0,14.0,0.0
staphylococcus_capitis,3.0,1.0,6.0,0.913
staphylococcus_epidermidis,4.0,2.0,6.0,0.761
staphylococcus_haemolyticus,1.0,1.0,4.0,0.988
streptococcus_anginosus,8.0,7.0,10.0,0.0
streptococcus_mitis,5.0,3.0,6.0,0.745
streptococcus_oralis,5.0,3.0,6.0,0.583
streptococcus_sanguinis,9.0,8.0,12.0,0.0
tannerella_forsythia,13.0,10.0,14.0,0.0
treponema_denticola,14.0,13.0,15.0,0.0
veillonella_parvula,11.0,9.0,14.0,0.0
