species_folder,n_genomes,AMR_records,STRESS_records,AMR_genomes,annotation_loci,named_symbol_loci,sequence_length_mean,strict_QC_genomes,AMR_records_mean,AMR_records_min,AMR_records_max,STRESS_records_mean,STRESS_records_min,STRESS_records_max,annotation_loci_mean,annotation_loci_min,annotation_loci_max,named_symbol_loci_mean,named_symbol_loci_min,named_symbol_loci_max,vfdb,vfdb_mean,vfdb_min,vfdb_max,card,card_mean,card_min,card_max,resfinder,resfinder_mean,resfinder_min,resfinder_max,bacmet2,bacmet2_mean,bacmet2_min,bacmet2_max,victors,victors_mean,victors_min,victors_max,plasmidfinder,plasmidfinder_mean,plasmidfinder_min,plasmidfinder_max
actinomyces_naeslundii,4,0.0,0.0,0,24,7,3167341.75,4,0.0,0.0,0.0,0.0,0.0,0.0,6.0,6,6,1.75,1,2,0,0.0,0,0,0,0.0,0,0,0,0.0,0,0,0,0.0,0,0,0,0.0,0,0,0,0.0,0,0
corynebacterium_striatum,5,19.0,0.0,4,29,5,2878735.2,5,3.8,0.0,9.0,0.0,0.0,0.0,5.8,4,7,1.0,1,1,0,0.0,0,0,12,2.4,0,7,14,2.8,0,7,0,0.0,0,0,0,0.0,0,0,0,0.0,0,0
cutibacterium_acnes,5,0.0,0.0,0,26,5,2532544.4,5,0.0,0.0,0.0,0.0,0.0,0.0,5.2,5,6,1.0,1,1,0,0.0,0,0,0,0.0,0,0,0,0.0,0,0,0,0.0,0,0,0,0.0,0,0,0,0.0,0,0
enterococcus_faecalis,5,13.0,1.0,5,88,42,2997613.0,5,2.6,1.0,8.0,0.2,0.0,1.0,17.6,14,20,8.4,6,10,119,23.8,14,34,39,7.8,6,14,12,2.4,1,7,12,2.4,2,3,154,30.8,27,34,6,1.2,0,4
fusobacterium_nucleatum,5,2.0,0.0,1,51,42,2176633.2,3,0.4,0.0,2.0,0.0,0.0,0.0,10.2,9,11,8.4,8,9,0,0.0,0,0,2,0.4,0,2,2,0.4,0,2,0,0.0,0,0,0,0.0,0,0,1,0.2,0,1
porphyromonas_gingivalis,5,2.0,0.0,2,33,28,2409591.4,5,0.4,0.0,1.0,0.0,0.0,0.0,6.6,6,7,5.6,5,6,0,0.0,0,0,5,1.0,1,1,0,0.0,0,0,0,0.0,0,0,0,0.0,0,0,0,0.0,0,0
prevotella_intermedia,5,5.0,0.0,2,10,5,2832042.4,0,1.0,0.0,3.0,0.0,0.0,0.0,2.0,2,2,1.0,1,1,0,0.0,0,0,4,0.8,0,2,4,0.8,0,2,0,0.0,0,0,0,0.0,0,0,0,0.0,0,0
staphylococcus_capitis,5,31.0,1.0,5,118,86,2511381.0,5,6.2,2.0,11.0,0.2,0.0,1.0,23.6,22,25,17.2,17,18,1,0.2,0,1,31,6.2,1,11,18,3.6,0,8,19,3.8,2,6,29,5.8,5,6,10,2.0,1,4
staphylococcus_epidermidis,5,15.0,3.0,5,110,75,2535296.2,1,3.0,1.0,6.0,0.6,0.0,2.0,22.0,19,27,15.0,12,20,3,0.6,0,2,23,4.6,3,7,6,1.2,0,3,45,9.0,4,12,30,6.0,5,7,9,1.8,1,3
staphylococcus_haemolyticus,5,39.0,5.0,4,93,68,2606059.6,1,7.8,0.0,14.0,1.0,0.0,2.0,18.6,17,19,13.6,13,14,4,0.8,0,1,37,7.4,1,12,26,5.2,0,9,51,10.2,5,13,35,7.0,7,7,12,2.4,0,4
streptococcus_anginosus,5,13.0,0.0,3,92,36,1991716.2,4,2.6,0.0,9.0,0.0,0.0,0.0,18.4,15,23,7.2,6,8,4,0.8,0,1,13,2.6,0,10,6,1.2,0,3,8,1.6,1,3,52,10.4,9,12,1,0.2,0,1
streptococcus_mitis,5,8.0,0.0,4,78,33,1953877.6,5,1.6,0.0,3.0,0.0,0.0,0.0,15.6,15,17,6.6,6,7,14,2.8,2,3,24,4.8,4,6,7,1.4,0,3,19,3.8,3,5,844,168.8,165,176,0,0.0,0,0
streptococcus_oralis,5,7.0,0.0,3,87,36,1976955.8,5,1.4,0.0,3.0,0.0,0.0,0.0,17.4,16,19,7.2,7,8,26,5.2,4,8,21,4.2,3,5,6,1.2,0,2,22,4.4,3,7,721,144.2,139,150,0,0.0,0,0
streptococcus_sanguinis,5,2.0,0.0,1,117,44,2350083.0,5,0.4,0.0,2.0,0.0,0.0,0.0,23.4,22,24,8.8,8,9,1,0.2,0,1,1,0.2,0,1,2,0.4,0,2,11,2.2,1,3,74,14.8,13,19,0,0.0,0,0
tannerella_forsythia,3,1.0,0.0,1,7,4,3383154.0,3,0.3333333333333333,0.0,1.0,0.0,0.0,0.0,2.3333333333333335,2,3,1.3333333333333333,1,2,0,0.0,0,0,1,0.3333333333333333,0,1,1,0.3333333333333333,0,1,0,0.0,0,0,0,0.0,0,0,0,0.0,0,0
treponema_denticola,5,0.0,0.0,0,22,22,2818958.4,5,0.0,0.0,0.0,0.0,0.0,0.0,4.4,2,5,4.4,2,5,0,0.0,0,0,0,0.0,0,0,0,0.0,0,0,0,0.0,0,0,0,0.0,0,0,0,0.0,0,0
veillonella_parvula,5,1.0,0.0,1,24,5,2167613.6,5,0.2,0.0,1.0,0.0,0.0,0.0,4.8,4,5,1.0,1,1,0,0.0,0,0,1,0.2,0,1,1,0.2,0,1,5,1.0,1,1,0,0.0,0,0,1,0.2,0,1
