species_folder	accession	source_file	Protein id	Contig id	Start	Stop	Strand	Element symbol	Element name	Scope	Type	Subtype	Class	Subclass	Method	Target length	Reference sequence length	% Coverage of reference	% Identity to reference	Alignment length	Closest reference accession	Closest reference name	HMM accession	HMM description
corynebacterium_striatum	GCF_002156805.1	results/amr/corynebacterium_striatum_GCF_002156805.1_amrfinder.tsv	WP_046095284.1	NZ_CP021252.1	767252	767698	-	aac(3)-XI	aminoglycoside N-acetyltransferase AAC(3)-XI	core	AMR	AMR	AMINOGLYCOSIDE	AMINOGLYCOSIDE	EXACTP	148	148	100.0	100.0	148	WP_046095284.1	aminoglycoside N-acetyltransferase AAC(3)-XI	NF000482.1	aminoglycoside N-acetyltransferase AAC(3)-XI
corynebacterium_striatum	GCF_002156805.1	results/amr/corynebacterium_striatum_GCF_002156805.1_amrfinder.tsv	WP_049151672.1	NZ_CP021252.1	2078576	2080357	-	pbp2m	penicillin-binding protein PBP2M	core	AMR	AMR	BETA-LACTAM	BETA-LACTAM	EXACTP	593	593	100.0	100.0	593	WP_049151672.1	penicillin-binding protein PBP2M		
corynebacterium_striatum	GCF_002156805.1	results/amr/corynebacterium_striatum_GCF_002156805.1_amrfinder.tsv	WP_346426105.1	NZ_CP021252.1	2086415	2087977	-	tetA	tetracycline efflux ABC transporter TetAB subunit A	core	AMR	AMR	TETRACYCLINE	TETRACYCLINE	BLASTP	520	513	100.0	99.61	513	WP_011116969.1	tetracycline efflux ABC transporter TetAB subunit A	NF000506.1	tetracycline efflux ABC transporter TetAB subunit A
corynebacterium_striatum	GCF_002156805.1	results/amr/corynebacterium_striatum_GCF_002156805.1_amrfinder.tsv	WP_011117480.1	NZ_CP021252.1	2089553	2090407	+	erm(X)	23S rRNA (adenine(2058)-N(6))-methyltransferase Erm(X)	core	AMR	AMR	LINCOSAMIDE/MACROLIDE/STREPTOGRAMIN	AZITHROMYCIN/CLINDAMYCIN/ERYTHROMYCIN/LINCOMYCIN/STREPTOGRAMIN B/TYLOSIN	EXACTP	284	284	100.0	100.0	284	WP_011117480.1	23S rRNA (adenine(2058)-N(6))-methyltransferase Erm(X)	NF000499.2	23S ribosomal RNA methyltransferase Erm
corynebacterium_striatum	GCF_002803965.1	results/amr/corynebacterium_striatum_GCF_002803965.1_amrfinder.tsv		NZ_CP024931.1	1962976	1964421	+	tet(W)	tetracycline resistance ribosomal protection protein Tet(W)	core	AMR	AMR	TETRACYCLINE	TETRACYCLINE	PARTIALX	482	639	75.43	100.0	482	WP_000691721.1	tetracycline resistance ribosomal protection protein Tet(W)		
corynebacterium_striatum	GCF_002803965.1	results/amr/corynebacterium_striatum_GCF_002803965.1_amrfinder.tsv	WP_049151672.1	NZ_CP024931.1	1968501	1970282	-	pbp2m	penicillin-binding protein PBP2M	core	AMR	AMR	BETA-LACTAM	BETA-LACTAM	EXACTP	593	593	100.0	100.0	593	WP_049151672.1	penicillin-binding protein PBP2M		
corynebacterium_striatum	GCF_002803965.1	results/amr/corynebacterium_striatum_GCF_002803965.1_amrfinder.tsv	WP_011113071.1	NZ_CP024931.1	1991808	1992983	+	cmx	chloramphenicol efflux MFS transporter Cmx	core	AMR	AMR	PHENICOL	CHLORAMPHENICOL	EXACTP	391	391	100.0	100.0	391	WP_011113071.1	chloramphenicol efflux MFS transporter Cmx	NF000510.1	chloramphenicol efflux MFS transporter Cmx
corynebacterium_striatum	GCF_002803965.1	results/amr/corynebacterium_striatum_GCF_002803965.1_amrfinder.tsv	WP_100622252.1	NZ_CP024931.1	1993187	1994023	-	aph(6)-Id	aminoglycoside O-phosphotransferase APH(6)-Id	core	AMR	AMR	AMINOGLYCOSIDE	STREPTOMYCIN	BLASTP	278	278	100.0	99.28	278	WP_000480968.1	aminoglycoside O-phosphotransferase APH(6)-Id	NF012171.0	APH(6)-I family aminoglycoside O-phosphotransferase
corynebacterium_striatum	GCF_002803965.1	results/amr/corynebacterium_striatum_GCF_002803965.1_amrfinder.tsv	WP_001082319.1	NZ_CP024931.1	1994023	1994826	-	aph(3'')-Ib	aminoglycoside O-phosphotransferase APH(3'')-Ib	core	AMR	AMR	AMINOGLYCOSIDE	STREPTOMYCIN	EXACTP	267	267	100.0	100.0	267	WP_001082319.1	aminoglycoside O-phosphotransferase APH(3'')-Ib	NF032895.1	aminoglycoside O-phosphotransferase APH(3'')-Ib
corynebacterium_striatum	GCF_002803965.1	results/amr/corynebacterium_striatum_GCF_002803965.1_amrfinder.tsv	WP_000018326.1	NZ_CP024931.1	1996127	1996942	-	aph(3')-Ia	aminoglycoside O-phosphotransferase APH(3')-Ia	core	AMR	AMR	AMINOGLYCOSIDE	KANAMYCIN	EXACTP	271	271	100.0	100.0	271	WP_000018326.1	aminoglycoside O-phosphotransferase APH(3')-Ia	NF051474.1	aminoglycoside O-phosphotransferase APH(3')-Ia
corynebacterium_striatum	GCF_002803965.1	results/amr/corynebacterium_striatum_GCF_002803965.1_amrfinder.tsv	WP_349018405.1	NZ_CP024931.1	2007872	2009434	-	tetA	tetracycline efflux ABC transporter TetAB subunit A	core	AMR	AMR	TETRACYCLINE	TETRACYCLINE	BLASTP	520	513	100.0	99.03	513	WP_011116969.1	tetracycline efflux ABC transporter TetAB subunit A	NF000506.1	tetracycline efflux ABC transporter TetAB subunit A
corynebacterium_striatum	GCF_002803965.1	results/amr/corynebacterium_striatum_GCF_002803965.1_amrfinder.tsv	WP_005390949.1	NZ_CP024931.1	2009676	2010530	+	erm(X)	23S rRNA (adenine(2058)-N(6))-methyltransferase Erm(X)	core	AMR	AMR	LINCOSAMIDE/MACROLIDE/STREPTOGRAMIN	AZITHROMYCIN/CLINDAMYCIN/ERYTHROMYCIN/LINCOMYCIN/STREPTOGRAMIN B/TYLOSIN	BLASTP	284	284	100.0	99.65	284	WP_011117480.1	23S rRNA (adenine(2058)-N(6))-methyltransferase Erm(X)	NF000499.2	23S ribosomal RNA methyltransferase Erm
corynebacterium_striatum	GCF_002803965.1	results/amr/corynebacterium_striatum_GCF_002803965.1_amrfinder.tsv	WP_046095284.1	NZ_CP024931.1	2011330	2011776	+	aac(3)-XI	aminoglycoside N-acetyltransferase AAC(3)-XI	core	AMR	AMR	AMINOGLYCOSIDE	AMINOGLYCOSIDE	EXACTP	148	148	100.0	100.0	148	WP_046095284.1	aminoglycoside N-acetyltransferase AAC(3)-XI	NF000482.1	aminoglycoside N-acetyltransferase AAC(3)-XI
corynebacterium_striatum	GCF_002804085.1	results/amr/corynebacterium_striatum_GCF_002804085.1_amrfinder.tsv	WP_046095284.1	NZ_CP024932.1	2378958	2379404	-	aac(3)-XI	aminoglycoside N-acetyltransferase AAC(3)-XI	core	AMR	AMR	AMINOGLYCOSIDE	AMINOGLYCOSIDE	EXACTP	148	148	100.0	100.0	148	WP_046095284.1	aminoglycoside N-acetyltransferase AAC(3)-XI	NF000482.1	aminoglycoside N-acetyltransferase AAC(3)-XI
corynebacterium_striatum	GCF_002804085.1	results/amr/corynebacterium_striatum_GCF_002804085.1_amrfinder.tsv	WP_005390949.1	NZ_CP024932.1	2380204	2381058	-	erm(X)	23S rRNA (adenine(2058)-N(6))-methyltransferase Erm(X)	core	AMR	AMR	LINCOSAMIDE/MACROLIDE/STREPTOGRAMIN	AZITHROMYCIN/CLINDAMYCIN/ERYTHROMYCIN/LINCOMYCIN/STREPTOGRAMIN B/TYLOSIN	BLASTP	284	284	100.0	99.65	284	WP_011117480.1	23S rRNA (adenine(2058)-N(6))-methyltransferase Erm(X)	NF000499.2	23S ribosomal RNA methyltransferase Erm
corynebacterium_striatum	GCF_002804085.1	results/amr/corynebacterium_striatum_GCF_002804085.1_amrfinder.tsv	WP_049063073.1	NZ_CP024932.1	2392264	2394045	+	pbp2m	penicillin-binding protein PBP2M	core	AMR	AMR	BETA-LACTAM	BETA-LACTAM	BLASTP	593	593	100.0	99.66	593	WP_049151672.1	penicillin-binding protein PBP2M		
corynebacterium_striatum	GCF_002804085.1	results/amr/corynebacterium_striatum_GCF_002804085.1_amrfinder.tsv	WP_000691721.1	NZ_CP024932.1	2400796	2402715	-	tet(W)	tetracycline resistance ribosomal protection protein Tet(W)	core	AMR	AMR	TETRACYCLINE	TETRACYCLINE	EXACTP	639	639	100.0	100.0	639	WP_000691721.1	tetracycline resistance ribosomal protection protein Tet(W)	NF033148.1	TetM/TetW/TetO/TetS family tetracycline resistance ribosomal protection protein
corynebacterium_striatum	GCF_016728105.1	results/amr/corynebacterium_striatum_GCF_016728105.1_amrfinder.tsv	WP_046095284.1	NZ_CP068158.1	24724	25170	-	aac(3)-XI	aminoglycoside N-acetyltransferase AAC(3)-XI	core	AMR	AMR	AMINOGLYCOSIDE	AMINOGLYCOSIDE	EXACTP	148	148	100.0	100.0	148	WP_046095284.1	aminoglycoside N-acetyltransferase AAC(3)-XI	NF000482.1	aminoglycoside N-acetyltransferase AAC(3)-XI
corynebacterium_striatum	GCF_016728105.1	results/amr/corynebacterium_striatum_GCF_016728105.1_amrfinder.tsv	WP_005390949.1	NZ_CP068158.1	27295	28149	-	erm(X)	23S rRNA (adenine(2058)-N(6))-methyltransferase Erm(X)	core	AMR	AMR	LINCOSAMIDE/MACROLIDE/STREPTOGRAMIN	AZITHROMYCIN/CLINDAMYCIN/ERYTHROMYCIN/LINCOMYCIN/STREPTOGRAMIN B/TYLOSIN	BLASTP	284	284	100.0	99.65	284	WP_011117480.1	23S rRNA (adenine(2058)-N(6))-methyltransferase Erm(X)	NF000499.2	23S ribosomal RNA methyltransferase Erm
enterococcus_faecalis	GCF_001598635.1	results/amr/enterococcus_faecalis_GCF_001598635.1_amrfinder.tsv	WP_002411322.1	NZ_CP014949.1	1353939	1355435	-	lsa(A)	ABC-F type ribosomal protection protein Lsa(A)	core	AMR	AMR	LINCOSAMIDE/STREPTOGRAMIN	LINCOSAMIDE/STREPTOGRAMIN	EXACTP	498	498	100.0	100.0	498	WP_002411322.1	ABC-F type ribosomal protection protein Lsa(A)	NF000167.2	Lsa family ABC-F type ribosomal protection protein
enterococcus_faecalis	GCF_001689055.2	results/amr/enterococcus_faecalis_GCF_001689055.2_amrfinder.tsv	WP_002380734.1	NZ_CP015410.2	867844	869340	+	lsa(A)	ABC-F type ribosomal protection protein Lsa(A)	core	AMR	AMR	LINCOSAMIDE/STREPTOGRAMIN	LINCOSAMIDE/STREPTOGRAMIN	BLASTP	498	498	100.0	99.6	498	WP_002387187.1	ABC-F type ribosomal protection protein Lsa(A)	NF000167.2	Lsa family ABC-F type ribosomal protection protein
enterococcus_faecalis	GCF_001989555.1	results/amr/enterococcus_faecalis_GCF_001989555.1_amrfinder.tsv	WP_002398829.1	NZ_CP019512.1	2525483	2526979	-	lsa(A)	ABC-F type ribosomal protection protein Lsa(A)	core	AMR	AMR	LINCOSAMIDE/STREPTOGRAMIN	LINCOSAMIDE/STREPTOGRAMIN	EXACTP	498	498	100.0	100.0	498	WP_002398829.1	ABC-F type ribosomal protection protein Lsa(A)	NF000167.2	Lsa family ABC-F type ribosomal protection protein
enterococcus_faecalis	GCF_001989555.1	results/amr/enterococcus_faecalis_GCF_001989555.1_amrfinder.tsv	WP_000691736.1	NZ_CP019512.1	3088429	3090348	+	tet(M)	tetracycline resistance ribosomal protection protein Tet(M)	core	AMR	AMR	TETRACYCLINE	TETRACYCLINE	EXACTP	639	639	100.0	100.0	639	WP_000691736.1	tetracycline resistance ribosomal protection protein Tet(M)	NF012155.1	tetracycline resistance ribosomal protection protein Tet(M)
enterococcus_faecalis	GCF_001989555.1	results/amr/enterococcus_faecalis_GCF_001989555.1_amrfinder.tsv	WP_001028144.1	NZ_CP019513.1	38390	39829	-	aac(6')-Ie/aph(2'')-Ia	bifunctional aminoglycoside N-acetyltransferase AAC(6')-Ie/aminoglycoside O-phosphotransferase APH(2'')-Ia	core	AMR	AMR	AMINOGLYCOSIDE	AMIKACIN/GENTAMICIN/KANAMYCIN/TOBRAMYCIN	EXACTP	479	479	100.0	100.0	479	WP_001028144.1	bifunctional aminoglycoside N-acetyltransferase AAC(6')-Ie/aminoglycoside O-phosphotransferase APH(2'')-Ia	NF000508.1	aminoglycoside O-phosphotransferase APH(2'')-Ia
enterococcus_faecalis	GCF_001989555.1	results/amr/enterococcus_faecalis_GCF_001989555.1_amrfinder.tsv	WP_010730188.1	NZ_CP019513.1	42369	42692	+	qacZ	quaternary ammonium compound efflux SMR transporter QacH	core	STRESS	BIOCIDE	QUATERNARY AMMONIUM	QUATERNARY AMMONIUM	EXACTP	107	107	100.0	100.0	107	WP_010730188.1	quaternary ammonium compound efflux SMR transporter QacH	NF000279.1	quaternary ammonium compound efflux SMR transporter QacH
enterococcus_faecalis	GCF_001989555.1	results/amr/enterococcus_faecalis_GCF_001989555.1_amrfinder.tsv	WP_000868795.1	NZ_CP019513.1	45436	45933	+	dfrG	trimethoprim-resistant dihydrofolate reductase DfrG	core	AMR	AMR	TRIMETHOPRIM	TRIMETHOPRIM	EXACTP	165	165	100.0	100.0	165	WP_000868795.1	trimethoprim-resistant dihydrofolate reductase DfrG	NF000143.1	trimethoprim-resistant dihydrofolate reductase DfrG
enterococcus_faecalis	GCF_001989555.1	results/amr/enterococcus_faecalis_GCF_001989555.1_amrfinder.tsv	WP_001038792.1	NZ_CP019514.1	49594	50331	+	erm(B)	23S rRNA (adenine(2058)-N(6))-methyltransferase Erm(B)	core	AMR	AMR	LINCOSAMIDE/MACROLIDE/STREPTOGRAMIN	CLINDAMYCIN/ERYTHROMYCIN/STREPTOGRAMIN B	EXACTP	245	245	100.0	100.0	245	WP_001038792.1	23S rRNA (adenine(2058)-N(6))-methyltransferase Erm(B)	NF012220.1	23S rRNA (adenine(2058)-N(6))-methyltransferase Erm(B)
enterococcus_faecalis	GCF_001989555.1	results/amr/enterococcus_faecalis_GCF_001989555.1_amrfinder.tsv	WP_001255866.1	NZ_CP019514.1	53590	54498	+	ant(6)-Ia	aminoglycoside nucleotidyltransferase ANT(6)-Ia	core	AMR	AMR	AMINOGLYCOSIDE	STREPTOMYCIN	EXACTP	302	302	100.0	100.0	302	WP_001255866.1	aminoglycoside nucleotidyltransferase ANT(6)-Ia	NF033084.2	aminoglycoside 6-nucleotidyltransferase
enterococcus_faecalis	GCF_001989555.1	results/amr/enterococcus_faecalis_GCF_001989555.1_amrfinder.tsv	WP_000627290.1	NZ_CP019514.1	54495	55037	+	sat4	streptothricin N-acetyltransferase Sat4	core	AMR	AMR	STREPTOTHRICIN	STREPTOTHRICIN	EXACTP	180	180	100.0	100.0	180	WP_000627290.1	streptothricin N-acetyltransferase Sat4	NF000360.1	streptothricin N-acetyltransferase Sat4
enterococcus_faecalis	GCF_001989555.1	results/amr/enterococcus_faecalis_GCF_001989555.1_amrfinder.tsv	WP_001096887.1	NZ_CP019514.1	55130	55924	+	aph(3')-IIIa	aminoglycoside O-phosphotransferase APH(3')-IIIa	core	AMR	AMR	AMINOGLYCOSIDE	AMIKACIN/KANAMYCIN	EXACTP	264	264	100.0	100.0	264	WP_001096887.1	aminoglycoside O-phosphotransferase APH(3')-IIIa	NF033064.0	aminoglycoside O-phosphotransferase APH(3')-IIIa
enterococcus_faecalis	GCF_002163735.1	results/amr/enterococcus_faecalis_GCF_002163735.1_amrfinder.tsv	WP_002379761.1	NZ_CP015883.1	2352704	2354200	-	lsa(A)	ABC-F type ribosomal protection protein Lsa(A)	core	AMR	AMR	LINCOSAMIDE/STREPTOGRAMIN	LINCOSAMIDE/STREPTOGRAMIN	BLASTP	498	498	99.8	98.99	497	WP_002398829.1	ABC-F type ribosomal protection protein Lsa(A)	NF000167.2	Lsa family ABC-F type ribosomal protection protein
enterococcus_faecalis	GCF_002208945.1	results/amr/enterococcus_faecalis_GCF_002208945.1_amrfinder.tsv	WP_105577399.1	NZ_CP022059.1	736880	738799	+	tet(M)	tetracycline resistance ribosomal protection protein Tet(M)	core	AMR	AMR	TETRACYCLINE	TETRACYCLINE	BLASTP	639	639	100.0	99.69	639	WP_063856393.1	tetracycline resistance ribosomal protection protein Tet(M)	NF012155.1	tetracycline resistance ribosomal protection protein Tet(M)
enterococcus_faecalis	GCF_002208945.1	results/amr/enterococcus_faecalis_GCF_002208945.1_amrfinder.tsv	WP_002398829.1	NZ_CP022059.1	2699472	2700968	-	lsa(A)	ABC-F type ribosomal protection protein Lsa(A)	core	AMR	AMR	LINCOSAMIDE/STREPTOGRAMIN	LINCOSAMIDE/STREPTOGRAMIN	EXACTP	498	498	100.0	100.0	498	WP_002398829.1	ABC-F type ribosomal protection protein Lsa(A)	NF000167.2	Lsa family ABC-F type ribosomal protection protein
fusobacterium_nucleatum	GCF_028621975.1	results/amr/fusobacterium_nucleatum_GCF_028621975.1_amrfinder.tsv	WP_001038795.1	NZ_CP117525.1	1966516	1967253	+	erm(B)	23S rRNA (adenine(2058)-N(6))-methyltransferase Erm(B)	core	AMR	AMR	LINCOSAMIDE/MACROLIDE/STREPTOGRAMIN	CLINDAMYCIN/ERYTHROMYCIN/STREPTOGRAMIN B	EXACTP	245	245	100.0	100.0	245	WP_001038795.1	23S rRNA (adenine(2058)-N(6))-methyltransferase Erm(B)	NF012220.1	23S rRNA (adenine(2058)-N(6))-methyltransferase Erm(B)
fusobacterium_nucleatum	GCF_028621975.1	results/amr/fusobacterium_nucleatum_GCF_028621975.1_amrfinder.tsv	WP_273833302.1	NZ_CP117525.1	1977171	1979090	+	tet(M)	tetracycline resistance ribosomal protection protein Tet(M)	core	AMR	AMR	TETRACYCLINE	TETRACYCLINE	BLASTP	639	639	100.0	97.97	639	WP_000691741.1	tetracycline resistance ribosomal protection protein Tet(M)	NF012155.1	tetracycline resistance ribosomal protection protein Tet(M)
porphyromonas_gingivalis	GCF_002753935.1	results/amr/porphyromonas_gingivalis_GCF_002753935.1_amrfinder.tsv	WP_004342665.1	NZ_CP024596.1	2349669	2350469	-	erm	23S ribosomal RNA methyltransferase Erm	core	AMR	AMR	MACROLIDE	MACROLIDE	HMM	266	266	100.0	63.53	266	WP_032488512.1	23S ribosomal RNA methyltransferase Erm	NF000499.2	23S ribosomal RNA methyltransferase Erm
porphyromonas_gingivalis	GCF_002754015.1	results/amr/porphyromonas_gingivalis_GCF_002754015.1_amrfinder.tsv	WP_004342665.1	NZ_CP024591.1	430869	431669	-	erm	23S ribosomal RNA methyltransferase Erm	core	AMR	AMR	MACROLIDE	MACROLIDE	HMM	266	266	100.0	63.53	266	WP_032488512.1	23S ribosomal RNA methyltransferase Erm	NF000499.2	23S ribosomal RNA methyltransferase Erm
prevotella_intermedia	GCF_002763535.1	results/amr/prevotella_intermedia_GCF_002763535.1_amrfinder.tsv	WP_004339683.1	NZ_CP024696.1	16531	17496	+	cfxA	CfxA family broad-spectrum class A beta-lactamase	core	AMR	AMR	BETA-LACTAM	BETA-LACTAM	EXACTP	321	321	100.0	100.0	321	WP_004339683.1	CfxA family broad-spectrum class A beta-lactamase	NF033100.1	CfxA family broad-spectrum class A beta-lactamase
prevotella_intermedia	GCF_002763535.1	results/amr/prevotella_intermedia_GCF_002763535.1_amrfinder.tsv	WP_004291466.1	NZ_CP024696.1	2717210	2719135	+	tet(Q)	tetracycline resistance ribosomal protection protein Tet(Q)	core	AMR	AMR	TETRACYCLINE	TETRACYCLINE	BLASTP	641	641	100.0	99.53	641	WP_063856407.1	tetracycline resistance ribosomal protection protein Tet(Q)	NF012154.0	tetracycline resistance ribosomal protection protein Tet(Q)
prevotella_intermedia	GCF_002763575.1	results/amr/prevotella_intermedia_GCF_002763575.1_amrfinder.tsv	WP_004339683.1	NZ_CP024697.1	2516446	2517411	+	cfxA	CfxA family broad-spectrum class A beta-lactamase	core	AMR	AMR	BETA-LACTAM	BETA-LACTAM	EXACTP	321	321	100.0	100.0	321	WP_004339683.1	CfxA family broad-spectrum class A beta-lactamase	NF033100.1	CfxA family broad-spectrum class A beta-lactamase
prevotella_intermedia	GCF_002763575.1	results/amr/prevotella_intermedia_GCF_002763575.1_amrfinder.tsv	WP_004342665.1	NZ_CP024697.1	2596521	2597321	-	erm	23S ribosomal RNA methyltransferase Erm	core	AMR	AMR	MACROLIDE	MACROLIDE	HMM	266	266	100.0	63.53	266	WP_032488512.1	23S ribosomal RNA methyltransferase Erm	NF000499.2	23S ribosomal RNA methyltransferase Erm
prevotella_intermedia	GCF_002763575.1	results/amr/prevotella_intermedia_GCF_002763575.1_amrfinder.tsv	WP_002560998.1	NZ_CP024697.1	2610372	2612297	+	tet(Q)	tetracycline resistance ribosomal protection protein Tet(Q)	core	AMR	AMR	TETRACYCLINE	TETRACYCLINE	EXACTP	641	641	100.0	100.0	641	WP_002560998.1	tetracycline resistance ribosomal protection protein Tet(Q)	NF012154.0	tetracycline resistance ribosomal protection protein Tet(Q)
staphylococcus_capitis	GCF_002356175.1	results/amr/staphylococcus_capitis_GCF_002356175.1_amrfinder.tsv	WP_001242578.1	NZ_AP014956.1	39427	39831	-	bleO	bleomycin binding protein	core	AMR	AMR	BLEOMYCIN	BLEOMYCIN	EXACTP	134	134	100.0	100.0	134	WP_001242578.1	bleomycin binding protein	NF000027.1	bleomycin binding protein
staphylococcus_capitis	GCF_002356175.1	results/amr/staphylococcus_capitis_GCF_002356175.1_amrfinder.tsv	WP_001014230.1	NZ_AP014956.1	40048	40809	-	aadD1	aminoglycoside O-nucleotidyltransferase ANT(4')-Ia	core	AMR	AMR	AMINOGLYCOSIDE	KANAMYCIN/TOBRAMYCIN	EXACTP	253	253	100.0	100.0	253	WP_001014230.1	aminoglycoside O-nucleotidyltransferase ANT(4')-Ia	NF000181.1	aminoglycoside O-nucleotidyltransferase ANT(4')-Ia
staphylococcus_capitis	GCF_002356175.1	results/amr/staphylococcus_capitis_GCF_002356175.1_amrfinder.tsv	WP_001801873.1	NZ_AP014956.1	44220	46229	-	mecA	PBP2a family beta-lactam-resistant peptidoglycan transpeptidase MecA	core	AMR	AMR	BETA-LACTAM	METHICILLIN	BLASTP	669	668	100.0	100.0	668	WP_000721310.1	PBP2a family beta-lactam-resistant peptidoglycan transpeptidase MecA	NF000409.1	PBP2a family beta-lactam-resistant peptidoglycan transpeptidase MecA
staphylococcus_capitis	GCF_002356175.1	results/amr/staphylococcus_capitis_GCF_002356175.1_amrfinder.tsv	WP_000952923.1	NZ_AP014956.1	46326	48083	+	mecR1	beta-lactam sensor/signal transducer MecR1	core	AMR	AMR	BETA-LACTAM	METHICILLIN	EXACTP	585	585	100.0	100.0	585	WP_000952923.1	beta-lactam sensor/signal transducer MecR1	NF033109.1	beta-lactam sensor/signal transducer MecR1
staphylococcus_capitis	GCF_002356175.1	results/amr/staphylococcus_capitis_GCF_002356175.1_amrfinder.tsv	WP_000369214.1	NZ_AP014956.1	48083	48454	+	mecI	mecA-type methicillin resistance repressor MecI	core	AMR	AMR	BETA-LACTAM	METHICILLIN	EXACTP	123	123	100.0	100.0	123	WP_000369214.1	mecA-type methicillin resistance repressor MecI	NF000243.1	mecA-type methicillin resistance repressor MecI
staphylococcus_capitis	GCF_002356175.1	results/amr/staphylococcus_capitis_GCF_002356175.1_amrfinder.tsv	WP_001072201.1	NZ_AP014956.1	55166	55897	+	erm(A)	23S rRNA (adenine(2058)-N(6))-methyltransferase Erm(A)	core	AMR	AMR	LINCOSAMIDE/MACROLIDE	AZITHROMYCIN/CLARITHROMYCIN/CLINDAMYCIN/ERYTHROMYCIN/TELITHROMYCIN	EXACTP	243	243	100.0	100.0	243	WP_001072201.1	23S rRNA (adenine(2058)-N(6))-methyltransferase Erm(A)	NF012222.1	23S rRNA (adenine(2058)-N(6))-methyltransferase Erm(A)
staphylococcus_capitis	GCF_002356175.1	results/amr/staphylococcus_capitis_GCF_002356175.1_amrfinder.tsv	WP_000067268.1	NZ_AP014956.1	56023	56805	-	ant(9)-Ia	aminoglycoside nucleotidyltransferase ANT(9)-Ia	core	AMR	AMR	AMINOGLYCOSIDE	SPECTINOMYCIN	EXACTP	260	260	100.0	100.0	260	WP_000067268.1	aminoglycoside nucleotidyltransferase ANT(9)-Ia	NF012212.1	ANT(9) family aminoglycoside nucleotidyltransferase
staphylococcus_capitis	GCF_002356175.1	results/amr/staphylococcus_capitis_GCF_002356175.1_amrfinder.tsv	WP_002454275.1	NZ_AP014956.1	133201	133623	+	fosB	FosB/FosD family fosfomycin resistance bacillithiol transferase	core	AMR	AMR	FOSFOMYCIN	FOSFOMYCIN	HMM	140	138	99.28	74.45	137	WP_053019115.1	FosB/FosD family fosfomycin resistance bacillithiol transferase	NF000493.1	FosB/FosD family fosfomycin resistance bacillithiol transferase
staphylococcus_capitis	GCF_002356175.1	results/amr/staphylococcus_capitis_GCF_002356175.1_amrfinder.tsv	WP_000067268.1	NZ_AP014956.1	1165560	1166342	+	ant(9)-Ia	aminoglycoside nucleotidyltransferase ANT(9)-Ia	core	AMR	AMR	AMINOGLYCOSIDE	SPECTINOMYCIN	EXACTP	260	260	100.0	100.0	260	WP_000067268.1	aminoglycoside nucleotidyltransferase ANT(9)-Ia	NF012212.1	ANT(9) family aminoglycoside nucleotidyltransferase
staphylococcus_capitis	GCF_002356175.1	results/amr/staphylococcus_capitis_GCF_002356175.1_amrfinder.tsv	WP_001072201.1	NZ_AP014956.1	1166468	1167199	-	erm(A)	23S rRNA (adenine(2058)-N(6))-methyltransferase Erm(A)	core	AMR	AMR	LINCOSAMIDE/MACROLIDE	AZITHROMYCIN/CLARITHROMYCIN/CLINDAMYCIN/ERYTHROMYCIN/TELITHROMYCIN	EXACTP	243	243	100.0	100.0	243	WP_001072201.1	23S rRNA (adenine(2058)-N(6))-methyltransferase Erm(A)	NF012222.1	23S rRNA (adenine(2058)-N(6))-methyltransferase Erm(A)
staphylococcus_capitis	GCF_002356175.1	results/amr/staphylococcus_capitis_GCF_002356175.1_amrfinder.tsv	WP_000691736.1	NZ_AP014956.1	2003882	2005801	+	tet(M)	tetracycline resistance ribosomal protection protein Tet(M)	core	AMR	AMR	TETRACYCLINE	TETRACYCLINE	EXACTP	639	639	100.0	100.0	639	WP_000691736.1	tetracycline resistance ribosomal protection protein Tet(M)	NF012155.1	tetracycline resistance ribosomal protection protein Tet(M)
staphylococcus_capitis	GCF_002591175.1	results/amr/staphylococcus_capitis_GCF_002591175.1_amrfinder.tsv	WP_098905572.1	NZ_CP023966.1	2394081	2394503	+	fosB	FosB/FosD family fosfomycin resistance bacillithiol transferase	core	AMR	AMR	FOSFOMYCIN	FOSFOMYCIN	HMM	140	138	99.28	75.18	137	WP_053019115.1	FosB/FosD family fosfomycin resistance bacillithiol transferase	NF000493.1	FosB/FosD family fosfomycin resistance bacillithiol transferase
staphylococcus_capitis	GCF_002591175.1	results/amr/staphylococcus_capitis_GCF_002591175.1_amrfinder.tsv	WP_001284653.1	NZ_CP023967.1	23402	23782	-	blaI	penicillinase repressor BlaI	core	AMR	AMR	BETA-LACTAM	BETA-LACTAM	BLASTP	126	126	100.0	99.21	126	WP_001284656.1	penicillinase repressor BlaI	NF000186.1	penicillinase repressor BlaI
staphylococcus_capitis	GCF_002591175.1	results/amr/staphylococcus_capitis_GCF_002591175.1_amrfinder.tsv	WP_001096392.1	NZ_CP023967.1	23772	25529	-	blaR1	beta-lactam sensor/signal transducer BlaR1	core	AMR	AMR	BETA-LACTAM	BETA-LACTAM	EXACTP	585	585	100.0	100.0	585	WP_001096392.1	beta-lactam sensor/signal transducer BlaR1	NF033108.1	beta-lactam sensor/signal transducer BlaR1
staphylococcus_capitis	GCF_002591175.1	results/amr/staphylococcus_capitis_GCF_002591175.1_amrfinder.tsv	WP_098905597.1	NZ_CP023967.1	25636	26481	+	blaZ	penicillin-hydrolyzing class A beta-lactamase BlaZ	core	AMR	AMR	BETA-LACTAM	BETA-LACTAM	BLASTP	281	281	100.0	98.58	281	WP_000733274.1	penicillin-hydrolyzing class A beta-lactamase BlaZ	NF033139.1	penicillin-hydrolyzing class A beta-lactamase BlaZ
staphylococcus_capitis	GCF_013267675.1	results/amr/staphylococcus_capitis_GCF_013267675.1_amrfinder.tsv	WP_002454275.1	NZ_CP053957.1	144462	144884	+	fosB	FosB/FosD family fosfomycin resistance bacillithiol transferase	core	AMR	AMR	FOSFOMYCIN	FOSFOMYCIN	HMM	140	138	99.28	74.45	137	WP_053019115.1	FosB/FosD family fosfomycin resistance bacillithiol transferase	NF000493.1	FosB/FosD family fosfomycin resistance bacillithiol transferase
staphylococcus_capitis	GCF_013267675.1	results/amr/staphylococcus_capitis_GCF_013267675.1_amrfinder.tsv	WP_172848609.1	NZ_CP053960.1	266	1180	-	vga(A)	ABC-F type ribosomal protection protein Vga(A)	core	AMR	AMR	LINCOSAMIDE	LINCOSAMIDE	PARTIAL_CONTIG_ENDP	304	522	58.24	100.0	304	WP_002449123.1	ABC-F type ribosomal protection protein Vga(A)-LC		
staphylococcus_capitis	GCF_015243435.1	results/amr/staphylococcus_capitis_GCF_015243435.1_amrfinder.tsv	WP_002454275.1	NZ_CP042341.1	93067	93489	+	fosB	FosB/FosD family fosfomycin resistance bacillithiol transferase	core	AMR	AMR	FOSFOMYCIN	FOSFOMYCIN	HMM	140	138	99.28	74.45	137	WP_053019115.1	FosB/FosD family fosfomycin resistance bacillithiol transferase	NF000493.1	FosB/FosD family fosfomycin resistance bacillithiol transferase
staphylococcus_capitis	GCF_015243435.1	results/amr/staphylococcus_capitis_GCF_015243435.1_amrfinder.tsv	WP_002449598.1	NZ_CP042341.1	515021	516565	-	qacB	quaternary ammonium compound efflux MFS transporter QacB	core	STRESS	BIOCIDE	QUATERNARY AMMONIUM	QUATERNARY AMMONIUM	BLASTP	514	514	100.0	99.61	514	WP_000622778.1	quaternary ammonium compound efflux MFS transporter QacB	NF000089.1	QacA/B family quaternary ammonium compound efflux MFS transporter
staphylococcus_capitis	GCF_015243435.1	results/amr/staphylococcus_capitis_GCF_015243435.1_amrfinder.tsv	WP_000196697.1	NZ_CP042341.1	518613	519512	-	mph(C)	Mph(C) family macrolide 2'-phosphotransferase	core	AMR	AMR	MACROLIDE	ERYTHROMYCIN/SPIRAMYCIN/TELITHROMYCIN	EXACTP	299	299	100.0	100.0	299	WP_000196697.1	Mph(C) family macrolide 2'-phosphotransferase	NF000240.1	Mph(C) family macrolide 2'-phosphotransferase
staphylococcus_capitis	GCF_015243435.1	results/amr/staphylococcus_capitis_GCF_015243435.1_amrfinder.tsv	WP_000438873.1	NZ_CP042341.1	519611	521077	-	msr(A)	ABC-F type ribosomal protection protein Msr(A)	core	AMR	AMR	MACROLIDE/STREPTOGRAMIN	ERYTHROMYCIN/STREPTOGRAMIN B	BLASTP	488	488	100.0	99.8	488	WP_000438874.1	ABC-F type ribosomal protection protein Msr(A)	NF000256.1	ABC-F type ribosomal protection protein Msr(A)
staphylococcus_capitis	GCF_020883475.1	results/amr/staphylococcus_capitis_GCF_020883475.1_amrfinder.tsv	WP_000067268.1	NZ_CP086659.1	108336	109118	+	ant(9)-Ia	aminoglycoside nucleotidyltransferase ANT(9)-Ia	core	AMR	AMR	AMINOGLYCOSIDE	SPECTINOMYCIN	EXACTP	260	260	100.0	100.0	260	WP_000067268.1	aminoglycoside nucleotidyltransferase ANT(9)-Ia	NF012212.1	ANT(9) family aminoglycoside nucleotidyltransferase
staphylococcus_capitis	GCF_020883475.1	results/amr/staphylococcus_capitis_GCF_020883475.1_amrfinder.tsv	WP_001072201.1	NZ_CP086659.1	109244	109975	-	erm(A)	23S rRNA (adenine(2058)-N(6))-methyltransferase Erm(A)	core	AMR	AMR	LINCOSAMIDE/MACROLIDE	AZITHROMYCIN/CLARITHROMYCIN/CLINDAMYCIN/ERYTHROMYCIN/TELITHROMYCIN	EXACTP	243	243	100.0	100.0	243	WP_001072201.1	23S rRNA (adenine(2058)-N(6))-methyltransferase Erm(A)	NF012222.1	23S rRNA (adenine(2058)-N(6))-methyltransferase Erm(A)
staphylococcus_capitis	GCF_020883475.1	results/amr/staphylococcus_capitis_GCF_020883475.1_amrfinder.tsv	WP_000369214.1	NZ_CP086659.1	116686	117057	-	mecI	mecA-type methicillin resistance repressor MecI	core	AMR	AMR	BETA-LACTAM	METHICILLIN	EXACTP	123	123	100.0	100.0	123	WP_000369214.1	mecA-type methicillin resistance repressor MecI	NF000243.1	mecA-type methicillin resistance repressor MecI
staphylococcus_capitis	GCF_020883475.1	results/amr/staphylococcus_capitis_GCF_020883475.1_amrfinder.tsv	WP_000952923.1	NZ_CP086659.1	117057	118814	-	mecR1	beta-lactam sensor/signal transducer MecR1	core	AMR	AMR	BETA-LACTAM	METHICILLIN	EXACTP	585	585	100.0	100.0	585	WP_000952923.1	beta-lactam sensor/signal transducer MecR1	NF033109.1	beta-lactam sensor/signal transducer MecR1
staphylococcus_capitis	GCF_020883475.1	results/amr/staphylococcus_capitis_GCF_020883475.1_amrfinder.tsv	WP_001801873.1	NZ_CP086659.1	118911	120920	+	mecA	PBP2a family beta-lactam-resistant peptidoglycan transpeptidase MecA	core	AMR	AMR	BETA-LACTAM	METHICILLIN	BLASTP	669	668	100.0	100.0	668	WP_000721310.1	PBP2a family beta-lactam-resistant peptidoglycan transpeptidase MecA	NF000409.1	PBP2a family beta-lactam-resistant peptidoglycan transpeptidase MecA
staphylococcus_capitis	GCF_020883475.1	results/amr/staphylococcus_capitis_GCF_020883475.1_amrfinder.tsv	WP_001014230.1	NZ_CP086659.1	124292	125053	+	aadD1	aminoglycoside O-nucleotidyltransferase ANT(4')-Ia	core	AMR	AMR	AMINOGLYCOSIDE	KANAMYCIN/TOBRAMYCIN	EXACTP	253	253	100.0	100.0	253	WP_001014230.1	aminoglycoside O-nucleotidyltransferase ANT(4')-Ia	NF000181.1	aminoglycoside O-nucleotidyltransferase ANT(4')-Ia
staphylococcus_capitis	GCF_020883475.1	results/amr/staphylococcus_capitis_GCF_020883475.1_amrfinder.tsv	WP_001242578.1	NZ_CP086659.1	125270	125674	+	bleO	bleomycin binding protein	core	AMR	AMR	BLEOMYCIN	BLEOMYCIN	EXACTP	134	134	100.0	100.0	134	WP_001242578.1	bleomycin binding protein	NF000027.1	bleomycin binding protein
staphylococcus_capitis	GCF_020883475.1	results/amr/staphylococcus_capitis_GCF_020883475.1_amrfinder.tsv	WP_002454275.1	NZ_CP086659.1	130160	130582	+	fosB	FosB/FosD family fosfomycin resistance bacillithiol transferase	core	AMR	AMR	FOSFOMYCIN	FOSFOMYCIN	HMM	140	138	99.28	74.45	137	WP_053019115.1	FosB/FosD family fosfomycin resistance bacillithiol transferase	NF000493.1	FosB/FosD family fosfomycin resistance bacillithiol transferase
staphylococcus_capitis	GCF_020883475.1	results/amr/staphylococcus_capitis_GCF_020883475.1_amrfinder.tsv	WP_000175735.1	NZ_CP086659.1	953179	953664	+	dfrS1	trimethoprim-resistant dihydrofolate reductase DfrS1	core	AMR	AMR	TRIMETHOPRIM	TRIMETHOPRIM	ALLELEP	161	161	100.0	100.0	161	WP_000175735.1	trimethoprim-resistant dihydrofolate reductase DfrS1		
staphylococcus_capitis	GCF_020883475.1	results/amr/staphylococcus_capitis_GCF_020883475.1_amrfinder.tsv	WP_000067268.1	NZ_CP086659.1	1329442	1330224	+	ant(9)-Ia	aminoglycoside nucleotidyltransferase ANT(9)-Ia	core	AMR	AMR	AMINOGLYCOSIDE	SPECTINOMYCIN	EXACTP	260	260	100.0	100.0	260	WP_000067268.1	aminoglycoside nucleotidyltransferase ANT(9)-Ia	NF012212.1	ANT(9) family aminoglycoside nucleotidyltransferase
staphylococcus_capitis	GCF_020883475.1	results/amr/staphylococcus_capitis_GCF_020883475.1_amrfinder.tsv	WP_001072201.1	NZ_CP086659.1	1330350	1331081	-	erm(A)	23S rRNA (adenine(2058)-N(6))-methyltransferase Erm(A)	core	AMR	AMR	LINCOSAMIDE/MACROLIDE	AZITHROMYCIN/CLARITHROMYCIN/CLINDAMYCIN/ERYTHROMYCIN/TELITHROMYCIN	EXACTP	243	243	100.0	100.0	243	WP_001072201.1	23S rRNA (adenine(2058)-N(6))-methyltransferase Erm(A)	NF012222.1	23S rRNA (adenine(2058)-N(6))-methyltransferase Erm(A)
staphylococcus_epidermidis	GCF_000759555.1	results/amr/staphylococcus_epidermidis_GCF_000759555.1_amrfinder.tsv	WP_038398907.1	NZ_CP009046.1	1309779	1310207	-	fosB	FosB family fosfomycin resistance bacillithiol transferase	core	AMR	AMR	FOSFOMYCIN	FOSFOMYCIN	BLASTP	142	142	100.0	97.18	142	WP_002437790.1	FosB family fosfomycin resistance bacillithiol transferase	NF000063.1	FosB family fosfomycin resistance bacillithiol transferase
staphylococcus_epidermidis	GCF_001956655.1	results/amr/staphylococcus_epidermidis_GCF_001956655.1_amrfinder.tsv	WP_000855537.1	NZ_CP018842.1	566954	567595	+	fusB	fusidic acid resistance EF-G-binding protein FusB	core	AMR	AMR	FUSIDIC ACID	FUSIDIC ACID	EXACTP	213	213	100.0	100.0	213	WP_000855537.1	fusidic acid resistance EF-G-binding protein FusB	NF000340.1	FusB family fusidic acid resistance EF-G-binding protein
staphylococcus_epidermidis	GCF_001956655.1	results/amr/staphylococcus_epidermidis_GCF_001956655.1_amrfinder.tsv	WP_002475417.1	NZ_CP018842.1	2407822	2408250	+	fosB	FosB family fosfomycin resistance bacillithiol transferase	core	AMR	AMR	FOSFOMYCIN	FOSFOMYCIN	BLASTP	142	142	100.0	95.77	142	WP_002437790.1	FosB family fosfomycin resistance bacillithiol transferase	NF000063.1	FosB family fosfomycin resistance bacillithiol transferase
staphylococcus_epidermidis	GCF_001956655.1	results/amr/staphylococcus_epidermidis_GCF_001956655.1_amrfinder.tsv	WP_033862510.1	NZ_CP018843.1	10079	11623	-	qacA	quaternary ammonium compound efflux MFS transporter QacA	core	STRESS	BIOCIDE	QUATERNARY AMMONIUM	QUATERNARY AMMONIUM	BLASTP	514	514	100.0	99.03	514	WP_000622776.1	quaternary ammonium compound efflux MFS transporter QacA	NF000089.1	QacA/B family quaternary ammonium compound efflux MFS transporter
staphylococcus_epidermidis	GCF_002085695.1	results/amr/staphylococcus_epidermidis_GCF_002085695.1_amrfinder.tsv	WP_002500329.1	NZ_CP020463.1	165851	166279	+	fosB	FosB family fosfomycin resistance bacillithiol transferase	core	AMR	AMR	FOSFOMYCIN	FOSFOMYCIN	BLASTP	142	142	100.0	99.3	142	WP_002467687.1	FosB family fosfomycin resistance bacillithiol transferase	NF000063.1	FosB family fosfomycin resistance bacillithiol transferase
staphylococcus_epidermidis	GCF_002215535.1	results/amr/staphylococcus_epidermidis_GCF_002215535.1_amrfinder.tsv	WP_000855537.1	NZ_CP022247.1	1414727	1415368	-	fusB	fusidic acid resistance EF-G-binding protein FusB	core	AMR	AMR	FUSIDIC ACID	FUSIDIC ACID	EXACTP	213	213	100.0	100.0	213	WP_000855537.1	fusidic acid resistance EF-G-binding protein FusB	NF000340.1	FusB family fusidic acid resistance EF-G-binding protein
staphylococcus_epidermidis	GCF_002215535.1	results/amr/staphylococcus_epidermidis_GCF_002215535.1_amrfinder.tsv	WP_070592616.1	NZ_CP022247.1	2083064	2083492	+	fosB	FosB family fosfomycin resistance bacillithiol transferase	core	AMR	AMR	FOSFOMYCIN	FOSFOMYCIN	BLASTP	142	142	100.0	95.07	142	WP_002437790.1	FosB family fosfomycin resistance bacillithiol transferase	NF000063.1	FosB family fosfomycin resistance bacillithiol transferase
staphylococcus_epidermidis	GCF_002215535.1	results/amr/staphylococcus_epidermidis_GCF_002215535.1_amrfinder.tsv	WP_000622776.1	NZ_CP022250.1	2674	4218	-	qacA	quaternary ammonium compound efflux MFS transporter QacA	core	STRESS	BIOCIDE	QUATERNARY AMMONIUM	QUATERNARY AMMONIUM	EXACTP	514	514	100.0	100.0	514	WP_000622776.1	quaternary ammonium compound efflux MFS transporter QacA	NF000089.1	QacA/B family quaternary ammonium compound efflux MFS transporter
staphylococcus_epidermidis	GCF_002215535.1	results/amr/staphylococcus_epidermidis_GCF_002215535.1_amrfinder.tsv	WP_001284653.1	NZ_CP022250.1	6748	7128	-	blaI	penicillinase repressor BlaI	core	AMR	AMR	BETA-LACTAM	BETA-LACTAM	BLASTP	126	126	100.0	99.21	126	WP_001284656.1	penicillinase repressor BlaI	NF000186.1	penicillinase repressor BlaI
staphylococcus_epidermidis	GCF_002215535.1	results/amr/staphylococcus_epidermidis_GCF_002215535.1_amrfinder.tsv	WP_001096392.1	NZ_CP022250.1	7118	8875	-	blaR1	beta-lactam sensor/signal transducer BlaR1	core	AMR	AMR	BETA-LACTAM	BETA-LACTAM	EXACTP	585	585	100.0	100.0	585	WP_001096392.1	beta-lactam sensor/signal transducer BlaR1	NF033108.1	beta-lactam sensor/signal transducer BlaR1
staphylococcus_epidermidis	GCF_002215535.1	results/amr/staphylococcus_epidermidis_GCF_002215535.1_amrfinder.tsv	WP_000733268.1	NZ_CP022250.1	8982	9827	+	blaZ	penicillin-hydrolyzing class A beta-lactamase BlaZ	core	AMR	AMR	BETA-LACTAM	BETA-LACTAM	BLASTP	281	281	100.0	98.93	281	WP_000733274.1	penicillin-hydrolyzing class A beta-lactamase BlaZ	NF033139.1	penicillin-hydrolyzing class A beta-lactamase BlaZ
staphylococcus_epidermidis	GCF_002215535.1	results/amr/staphylococcus_epidermidis_GCF_002215535.1_amrfinder.tsv	WP_032492560.1	NZ_CP022251.1	640	2208	-	vga(A)	ABC-F type ribosomal protection protein Vga(A)	core	AMR	AMR	LINCOSAMIDE	LINCOSAMIDE	EXACTP	522	522	100.0	100.0	522	WP_032492560.1	ABC-F type ribosomal protection protein Vga(A)	NF000170.2	Vga family ABC-F type ribosomal protection protein
staphylococcus_epidermidis	GCF_002215535.1	results/amr/staphylococcus_epidermidis_GCF_002215535.1_amrfinder.tsv	WP_001146389.1	NZ_CP022252.1	1534	1857	+	qacC	quaternary ammonium compound efflux SMR transporter QacC	core	STRESS	BIOCIDE	QUATERNARY AMMONIUM	QUATERNARY AMMONIUM	EXACTP	107	107	100.0	100.0	107	WP_001146389.1	quaternary ammonium compound efflux SMR transporter QacC	NF000023.1	quaternary ammonium compound efflux SMR transporter QacC
staphylococcus_epidermidis	GCF_006094375.1	results/amr/staphylococcus_epidermidis_GCF_006094375.1_amrfinder.tsv	WP_001830531.1	NZ_CP035288.1	234663	235091	+	fosB	FosB family fosfomycin resistance bacillithiol transferase	core	AMR	AMR	FOSFOMYCIN	FOSFOMYCIN	BLASTP	142	142	100.0	99.3	142	WP_002467687.1	FosB family fosfomycin resistance bacillithiol transferase	NF000063.1	FosB family fosfomycin resistance bacillithiol transferase
staphylococcus_epidermidis	GCF_006094375.1	results/amr/staphylococcus_epidermidis_GCF_006094375.1_amrfinder.tsv	WP_000733270.1	NZ_CP035288.1	955026	955871	-	blaZ	penicillin-hydrolyzing class A beta-lactamase BlaZ	core	AMR	AMR	BETA-LACTAM	BETA-LACTAM	BLASTP	281	281	100.0	98.58	281	WP_000733274.1	penicillin-hydrolyzing class A beta-lactamase BlaZ	NF033139.1	penicillin-hydrolyzing class A beta-lactamase BlaZ
staphylococcus_epidermidis	GCF_006094375.1	results/amr/staphylococcus_epidermidis_GCF_006094375.1_amrfinder.tsv	WP_001096393.1	NZ_CP035288.1	955978	957735	+	blaR1	beta-lactam sensor/signal transducer BlaR1	core	AMR	AMR	BETA-LACTAM	BETA-LACTAM	BLASTP	585	585	100.0	99.32	585	WP_001096392.1	beta-lactam sensor/signal transducer BlaR1	NF033108.1	beta-lactam sensor/signal transducer BlaR1
staphylococcus_epidermidis	GCF_006094375.1	results/amr/staphylococcus_epidermidis_GCF_006094375.1_amrfinder.tsv	WP_001284652.1	NZ_CP035288.1	957725	958105	+	blaI	penicillinase repressor BlaI	core	AMR	AMR	BETA-LACTAM	BETA-LACTAM	BLASTP	126	126	100.0	98.41	126	WP_001284656.1	penicillinase repressor BlaI	NF000186.1	penicillinase repressor BlaI
staphylococcus_epidermidis	GCF_006094375.1	results/amr/staphylococcus_epidermidis_GCF_006094375.1_amrfinder.tsv	WP_000492283.1	NZ_CP035290.1	3417	4796	-	tet(K)	tetracycline efflux MFS transporter Tet(K)	core	AMR	AMR	TETRACYCLINE	TETRACYCLINE	EXACTP	459	459	100.0	100.0	459	WP_000492283.1	tetracycline efflux MFS transporter Tet(K)	NF012183.0	tetracycline efflux MFS transporter Tet(K)
staphylococcus_haemolyticus	GCF_001611955.1	results/amr/staphylococcus_haemolyticus_GCF_001611955.1_amrfinder.tsv	WP_001549960.1	NZ_CP013911.1	2510805	2511791	-	mecR1	beta-lactam sensor/signal transducer MecR1	core	AMR	AMR	BETA-LACTAM	METHICILLIN	PARTIALP	328	585	55.56	100.0	325	WP_000952923.1	beta-lactam sensor/signal transducer MecR1		
staphylococcus_haemolyticus	GCF_001611955.1	results/amr/staphylococcus_haemolyticus_GCF_001611955.1_amrfinder.tsv	WP_001801873.1	NZ_CP013911.1	2511888	2513897	+	mecA	PBP2a family beta-lactam-resistant peptidoglycan transpeptidase MecA	core	AMR	AMR	BETA-LACTAM	METHICILLIN	BLASTP	669	668	100.0	100.0	668	WP_000721310.1	PBP2a family beta-lactam-resistant peptidoglycan transpeptidase MecA	NF000409.1	PBP2a family beta-lactam-resistant peptidoglycan transpeptidase MecA
staphylococcus_haemolyticus	GCF_001611955.1	results/amr/staphylococcus_haemolyticus_GCF_001611955.1_amrfinder.tsv	WP_000733283.1	NZ_CP013912.1	2762	3607	-	blaPC1	BlaZ family penicillin-hydrolyzing class A beta-lactamase PC1	core	AMR	AMR	BETA-LACTAM	BETA-LACTAM	ALLELEP	281	281	100.0	100.0	281	WP_000733283.1	BlaZ family penicillin-hydrolyzing class A beta-lactamase PC1	NF033139.1	penicillin-hydrolyzing class A beta-lactamase BlaZ
staphylococcus_haemolyticus	GCF_001611955.1	results/amr/staphylococcus_haemolyticus_GCF_001611955.1_amrfinder.tsv	WP_001096374.1	NZ_CP013912.1	3714	5471	+	blaR1	beta-lactam sensor/signal transducer BlaR1	core	AMR	AMR	BETA-LACTAM	BETA-LACTAM	BLASTP	585	585	100.0	99.83	585	WP_001096376.1	beta-lactam sensor/signal transducer BlaR1	NF033108.1	beta-lactam sensor/signal transducer BlaR1
staphylococcus_haemolyticus	GCF_001611955.1	results/amr/staphylococcus_haemolyticus_GCF_001611955.1_amrfinder.tsv	WP_001284656.1	NZ_CP013912.1	5461	5841	+	blaI	penicillinase repressor BlaI	core	AMR	AMR	BETA-LACTAM	BETA-LACTAM	EXACTP	126	126	100.0	100.0	126	WP_001284656.1	penicillinase repressor BlaI	NF000186.1	penicillinase repressor BlaI
staphylococcus_haemolyticus	GCF_002906595.1	results/amr/staphylococcus_haemolyticus_GCF_002906595.1_amrfinder.tsv	WP_063852638.1	NZ_CP024809.1	70426	72435	+	mecA	PBP2a family beta-lactam-resistant peptidoglycan transpeptidase MecA	core	AMR	AMR	BETA-LACTAM	METHICILLIN	BLASTP	669	668	100.0	100.0	668	WP_000721306.1	PBP2a family beta-lactam-resistant peptidoglycan transpeptidase MecA	NF000409.1	PBP2a family beta-lactam-resistant peptidoglycan transpeptidase MecA
staphylococcus_haemolyticus	GCF_002906595.1	results/amr/staphylococcus_haemolyticus_GCF_002906595.1_amrfinder.tsv	WP_000868795.1	NZ_CP024809.1	1184546	1185043	-	dfrG	trimethoprim-resistant dihydrofolate reductase DfrG	core	AMR	AMR	TRIMETHOPRIM	TRIMETHOPRIM	EXACTP	165	165	100.0	100.0	165	WP_000868795.1	trimethoprim-resistant dihydrofolate reductase DfrG	NF000143.1	trimethoprim-resistant dihydrofolate reductase DfrG
staphylococcus_haemolyticus	GCF_002906595.1	results/amr/staphylococcus_haemolyticus_GCF_002906595.1_amrfinder.tsv	WP_001028144.1	NZ_CP024809.1	1678136	1679575	-	aac(6')-Ie/aph(2'')-Ia	bifunctional aminoglycoside N-acetyltransferase AAC(6')-Ie/aminoglycoside O-phosphotransferase APH(2'')-Ia	core	AMR	AMR	AMINOGLYCOSIDE	AMIKACIN/GENTAMICIN/KANAMYCIN/TOBRAMYCIN	EXACTP	479	479	100.0	100.0	479	WP_001028144.1	bifunctional aminoglycoside N-acetyltransferase AAC(6')-Ie/aminoglycoside O-phosphotransferase APH(2'')-Ia	NF000508.1	aminoglycoside O-phosphotransferase APH(2'')-Ia
staphylococcus_haemolyticus	GCF_002906595.1	results/amr/staphylococcus_haemolyticus_GCF_002906595.1_amrfinder.tsv	WP_001028144.1	NZ_CP024809.1	2266835	2268274	+	aac(6')-Ie/aph(2'')-Ia	bifunctional aminoglycoside N-acetyltransferase AAC(6')-Ie/aminoglycoside O-phosphotransferase APH(2'')-Ia	core	AMR	AMR	AMINOGLYCOSIDE	AMIKACIN/GENTAMICIN/KANAMYCIN/TOBRAMYCIN	EXACTP	479	479	100.0	100.0	479	WP_001028144.1	bifunctional aminoglycoside N-acetyltransferase AAC(6')-Ie/aminoglycoside O-phosphotransferase APH(2'')-Ia	NF000508.1	aminoglycoside O-phosphotransferase APH(2'')-Ia
staphylococcus_haemolyticus	GCF_002906595.1	results/amr/staphylococcus_haemolyticus_GCF_002906595.1_amrfinder.tsv	WP_000438873.1	NZ_CP024809.1	2271833	2273299	+	msr(A)	ABC-F type ribosomal protection protein Msr(A)	core	AMR	AMR	MACROLIDE/STREPTOGRAMIN	ERYTHROMYCIN/STREPTOGRAMIN B	BLASTP	488	488	100.0	99.8	488	WP_000438874.1	ABC-F type ribosomal protection protein Msr(A)	NF000256.1	ABC-F type ribosomal protection protein Msr(A)
staphylococcus_haemolyticus	GCF_002906595.1	results/amr/staphylococcus_haemolyticus_GCF_002906595.1_amrfinder.tsv	WP_000196697.1	NZ_CP024809.1	2273398	2274297	+	mph(C)	Mph(C) family macrolide 2'-phosphotransferase	core	AMR	AMR	MACROLIDE	ERYTHROMYCIN/SPIRAMYCIN/TELITHROMYCIN	EXACTP	299	299	100.0	100.0	299	WP_000196697.1	Mph(C) family macrolide 2'-phosphotransferase	NF000240.1	Mph(C) family macrolide 2'-phosphotransferase
staphylococcus_haemolyticus	GCF_002906595.1	results/amr/staphylococcus_haemolyticus_GCF_002906595.1_amrfinder.tsv	WP_066031930.1	NZ_CP024809.1	2276340	2277884	+	qacA	quaternary ammonium compound efflux MFS transporter QacA	core	STRESS	BIOCIDE	QUATERNARY AMMONIUM	QUATERNARY AMMONIUM	BLASTP	514	514	100.0	99.81	514	WP_000622776.1	quaternary ammonium compound efflux MFS transporter QacA	NF000089.1	QacA/B family quaternary ammonium compound efflux MFS transporter
staphylococcus_haemolyticus	GCF_002906595.1	results/amr/staphylococcus_haemolyticus_GCF_002906595.1_amrfinder.tsv	WP_001096887.1	NZ_CP024809.1	2503419	2504213	-	aph(3')-IIIa	aminoglycoside O-phosphotransferase APH(3')-IIIa	core	AMR	AMR	AMINOGLYCOSIDE	AMIKACIN/KANAMYCIN	EXACTP	264	264	100.0	100.0	264	WP_001096887.1	aminoglycoside O-phosphotransferase APH(3')-IIIa	NF033064.0	aminoglycoside O-phosphotransferase APH(3')-IIIa
staphylococcus_haemolyticus	GCF_002906595.1	results/amr/staphylococcus_haemolyticus_GCF_002906595.1_amrfinder.tsv	WP_037570490.1	NZ_CP024809.1	2504306	2504848	-	sat4	streptothricin N-acetyltransferase Sat4	core	AMR	AMR	STREPTOTHRICIN	STREPTOTHRICIN	BLASTP	180	180	100.0	99.44	180	WP_000627290.1	streptothricin N-acetyltransferase Sat4	NF000360.1	streptothricin N-acetyltransferase Sat4
staphylococcus_haemolyticus	GCF_002906595.1	results/amr/staphylococcus_haemolyticus_GCF_002906595.1_amrfinder.tsv		NZ_CP024809.1	2504848	2505480	-	ant(6)-Ia	aminoglycoside nucleotidyltransferase ANT(6)-Ia	core	AMR	AMR	AMINOGLYCOSIDE	STREPTOMYCIN	PARTIALX	211	302	69.87	100.0	211	WP_001255866.1	aminoglycoside nucleotidyltransferase ANT(6)-Ia		
staphylococcus_haemolyticus	GCF_002906595.1	results/amr/staphylococcus_haemolyticus_GCF_002906595.1_amrfinder.tsv	WP_033080077.1	NZ_CP024809.1	2508474	2508797	-	qac	QacCGHJ group quaternary ammonium compound efflux SMR transporter	core	STRESS	BIOCIDE	QUATERNARY AMMONIUM	QUATERNARY AMMONIUM	HMM	107	107	100.0	75.7	107	WP_032489340.1	QacCGHJ group quaternary ammonium compound efflux SMR transporter	NF000384.1	QacCGHJ group quaternary ammonium compound efflux SMR transporter
staphylococcus_haemolyticus	GCF_002906595.1	results/amr/staphylococcus_haemolyticus_GCF_002906595.1_amrfinder.tsv	WP_000733283.1	NZ_CP024809.1	2510043	2510888	-	blaPC1	BlaZ family penicillin-hydrolyzing class A beta-lactamase PC1	core	AMR	AMR	BETA-LACTAM	BETA-LACTAM	ALLELEP	281	281	100.0	100.0	281	WP_000733283.1	BlaZ family penicillin-hydrolyzing class A beta-lactamase PC1	NF033139.1	penicillin-hydrolyzing class A beta-lactamase BlaZ
staphylococcus_haemolyticus	GCF_002906595.1	results/amr/staphylococcus_haemolyticus_GCF_002906595.1_amrfinder.tsv	WP_011276042.1	NZ_CP024809.1	2510995	2512752	+	blaR1	beta-lactam sensor/signal transducer BlaR1	core	AMR	AMR	BETA-LACTAM	BETA-LACTAM	BLASTP	585	585	100.0	99.66	585	WP_001096376.1	beta-lactam sensor/signal transducer BlaR1	NF033108.1	beta-lactam sensor/signal transducer BlaR1
staphylococcus_haemolyticus	GCF_002906595.1	results/amr/staphylococcus_haemolyticus_GCF_002906595.1_amrfinder.tsv	WP_001284656.1	NZ_CP024809.1	2512742	2513122	+	blaI	penicillinase repressor BlaI	core	AMR	AMR	BETA-LACTAM	BETA-LACTAM	EXACTP	126	126	100.0	100.0	126	WP_001284656.1	penicillinase repressor BlaI	NF000186.1	penicillinase repressor BlaI
staphylococcus_haemolyticus	GCF_002906615.1	results/amr/staphylococcus_haemolyticus_GCF_002906615.1_amrfinder.tsv	WP_063852638.1	NZ_CP025396.1	70426	72435	+	mecA	PBP2a family beta-lactam-resistant peptidoglycan transpeptidase MecA	core	AMR	AMR	BETA-LACTAM	METHICILLIN	BLASTP	669	668	100.0	100.0	668	WP_000721306.1	PBP2a family beta-lactam-resistant peptidoglycan transpeptidase MecA	NF000409.1	PBP2a family beta-lactam-resistant peptidoglycan transpeptidase MecA
staphylococcus_haemolyticus	GCF_002906615.1	results/amr/staphylococcus_haemolyticus_GCF_002906615.1_amrfinder.tsv	WP_000868795.1	NZ_CP025396.1	1183549	1184046	-	dfrG	trimethoprim-resistant dihydrofolate reductase DfrG	core	AMR	AMR	TRIMETHOPRIM	TRIMETHOPRIM	EXACTP	165	165	100.0	100.0	165	WP_000868795.1	trimethoprim-resistant dihydrofolate reductase DfrG	NF000143.1	trimethoprim-resistant dihydrofolate reductase DfrG
staphylococcus_haemolyticus	GCF_002906615.1	results/amr/staphylococcus_haemolyticus_GCF_002906615.1_amrfinder.tsv	WP_001028144.1	NZ_CP025396.1	1677139	1678578	-	aac(6')-Ie/aph(2'')-Ia	bifunctional aminoglycoside N-acetyltransferase AAC(6')-Ie/aminoglycoside O-phosphotransferase APH(2'')-Ia	core	AMR	AMR	AMINOGLYCOSIDE	AMIKACIN/GENTAMICIN/KANAMYCIN/TOBRAMYCIN	EXACTP	479	479	100.0	100.0	479	WP_001028144.1	bifunctional aminoglycoside N-acetyltransferase AAC(6')-Ie/aminoglycoside O-phosphotransferase APH(2'')-Ia	NF000508.1	aminoglycoside O-phosphotransferase APH(2'')-Ia
staphylococcus_haemolyticus	GCF_002906615.1	results/amr/staphylococcus_haemolyticus_GCF_002906615.1_amrfinder.tsv	WP_001028144.1	NZ_CP025396.1	2265838	2267277	+	aac(6')-Ie/aph(2'')-Ia	bifunctional aminoglycoside N-acetyltransferase AAC(6')-Ie/aminoglycoside O-phosphotransferase APH(2'')-Ia	core	AMR	AMR	AMINOGLYCOSIDE	AMIKACIN/GENTAMICIN/KANAMYCIN/TOBRAMYCIN	EXACTP	479	479	100.0	100.0	479	WP_001028144.1	bifunctional aminoglycoside N-acetyltransferase AAC(6')-Ie/aminoglycoside O-phosphotransferase APH(2'')-Ia	NF000508.1	aminoglycoside O-phosphotransferase APH(2'')-Ia
staphylococcus_haemolyticus	GCF_002906615.1	results/amr/staphylococcus_haemolyticus_GCF_002906615.1_amrfinder.tsv	WP_000438873.1	NZ_CP025396.1	2270836	2272302	+	msr(A)	ABC-F type ribosomal protection protein Msr(A)	core	AMR	AMR	MACROLIDE/STREPTOGRAMIN	ERYTHROMYCIN/STREPTOGRAMIN B	BLASTP	488	488	100.0	99.8	488	WP_000438874.1	ABC-F type ribosomal protection protein Msr(A)	NF000256.1	ABC-F type ribosomal protection protein Msr(A)
staphylococcus_haemolyticus	GCF_002906615.1	results/amr/staphylococcus_haemolyticus_GCF_002906615.1_amrfinder.tsv	WP_000196697.1	NZ_CP025396.1	2272401	2273300	+	mph(C)	Mph(C) family macrolide 2'-phosphotransferase	core	AMR	AMR	MACROLIDE	ERYTHROMYCIN/SPIRAMYCIN/TELITHROMYCIN	EXACTP	299	299	100.0	100.0	299	WP_000196697.1	Mph(C) family macrolide 2'-phosphotransferase	NF000240.1	Mph(C) family macrolide 2'-phosphotransferase
staphylococcus_haemolyticus	GCF_002906615.1	results/amr/staphylococcus_haemolyticus_GCF_002906615.1_amrfinder.tsv	WP_066031930.1	NZ_CP025396.1	2275343	2276887	+	qacA	quaternary ammonium compound efflux MFS transporter QacA	core	STRESS	BIOCIDE	QUATERNARY AMMONIUM	QUATERNARY AMMONIUM	BLASTP	514	514	100.0	99.81	514	WP_000622776.1	quaternary ammonium compound efflux MFS transporter QacA	NF000089.1	QacA/B family quaternary ammonium compound efflux MFS transporter
staphylococcus_haemolyticus	GCF_002906615.1	results/amr/staphylococcus_haemolyticus_GCF_002906615.1_amrfinder.tsv	WP_001096887.1	NZ_CP025396.1	2502854	2503648	-	aph(3')-IIIa	aminoglycoside O-phosphotransferase APH(3')-IIIa	core	AMR	AMR	AMINOGLYCOSIDE	AMIKACIN/KANAMYCIN	EXACTP	264	264	100.0	100.0	264	WP_001096887.1	aminoglycoside O-phosphotransferase APH(3')-IIIa	NF033064.0	aminoglycoside O-phosphotransferase APH(3')-IIIa
staphylococcus_haemolyticus	GCF_002906615.1	results/amr/staphylococcus_haemolyticus_GCF_002906615.1_amrfinder.tsv	WP_037570490.1	NZ_CP025396.1	2503741	2504283	-	sat4	streptothricin N-acetyltransferase Sat4	core	AMR	AMR	STREPTOTHRICIN	STREPTOTHRICIN	BLASTP	180	180	100.0	99.44	180	WP_000627290.1	streptothricin N-acetyltransferase Sat4	NF000360.1	streptothricin N-acetyltransferase Sat4
staphylococcus_haemolyticus	GCF_002906615.1	results/amr/staphylococcus_haemolyticus_GCF_002906615.1_amrfinder.tsv		NZ_CP025396.1	2504283	2504915	-	ant(6)-Ia	aminoglycoside nucleotidyltransferase ANT(6)-Ia	core	AMR	AMR	AMINOGLYCOSIDE	STREPTOMYCIN	PARTIALX	211	302	69.87	100.0	211	WP_001255866.1	aminoglycoside nucleotidyltransferase ANT(6)-Ia		
staphylococcus_haemolyticus	GCF_002906615.1	results/amr/staphylococcus_haemolyticus_GCF_002906615.1_amrfinder.tsv	WP_033080077.1	NZ_CP025396.1	2507909	2508232	-	qac	QacCGHJ group quaternary ammonium compound efflux SMR transporter	core	STRESS	BIOCIDE	QUATERNARY AMMONIUM	QUATERNARY AMMONIUM	HMM	107	107	100.0	75.7	107	WP_032489340.1	QacCGHJ group quaternary ammonium compound efflux SMR transporter	NF000384.1	QacCGHJ group quaternary ammonium compound efflux SMR transporter
staphylococcus_haemolyticus	GCF_002906615.1	results/amr/staphylococcus_haemolyticus_GCF_002906615.1_amrfinder.tsv	WP_000733283.1	NZ_CP025396.1	2509478	2510323	-	blaPC1	BlaZ family penicillin-hydrolyzing class A beta-lactamase PC1	core	AMR	AMR	BETA-LACTAM	BETA-LACTAM	ALLELEP	281	281	100.0	100.0	281	WP_000733283.1	BlaZ family penicillin-hydrolyzing class A beta-lactamase PC1	NF033139.1	penicillin-hydrolyzing class A beta-lactamase BlaZ
staphylococcus_haemolyticus	GCF_002906615.1	results/amr/staphylococcus_haemolyticus_GCF_002906615.1_amrfinder.tsv	WP_011276042.1	NZ_CP025396.1	2510430	2512187	+	blaR1	beta-lactam sensor/signal transducer BlaR1	core	AMR	AMR	BETA-LACTAM	BETA-LACTAM	BLASTP	585	585	100.0	99.66	585	WP_001096376.1	beta-lactam sensor/signal transducer BlaR1	NF033108.1	beta-lactam sensor/signal transducer BlaR1
staphylococcus_haemolyticus	GCF_002906615.1	results/amr/staphylococcus_haemolyticus_GCF_002906615.1_amrfinder.tsv	WP_001284656.1	NZ_CP025396.1	2512177	2512557	+	blaI	penicillinase repressor BlaI	core	AMR	AMR	BETA-LACTAM	BETA-LACTAM	EXACTP	126	126	100.0	100.0	126	WP_001284656.1	penicillinase repressor BlaI	NF000186.1	penicillinase repressor BlaI
staphylococcus_haemolyticus	GCF_002906615.1	results/amr/staphylococcus_haemolyticus_GCF_002906615.1_amrfinder.tsv		NZ_CP025398.1	3	374	-	erm(C)	23S rRNA (adenine(2058)-N(6))-methyltransferase Erm(C)	core	AMR	AMR	LINCOSAMIDE/MACROLIDE/STREPTOGRAMIN	CLINDAMYCIN/ERYTHROMYCIN/STREPTOGRAMIN B/TYLOSIN	PARTIAL_CONTIG_ENDX	124	244	50.82	100.0	124	WP_001003260.1	23S rRNA (adenine(2058)-N(6))-methyltransferase Erm(C)		
staphylococcus_haemolyticus	GCF_002906615.1	results/amr/staphylococcus_haemolyticus_GCF_002906615.1_amrfinder.tsv	WP_001003263.1	NZ_CP025398.1	2006	2740	-	erm(C)	23S rRNA (adenine(2058)-N(6))-methyltransferase Erm(C)	core	AMR	AMR	LINCOSAMIDE/MACROLIDE/STREPTOGRAMIN	CLINDAMYCIN/ERYTHROMYCIN/STREPTOGRAMIN B/TYLOSIN	EXACTP	244	244	100.0	100.0	244	WP_001003263.1	23S rRNA (adenine(2058)-N(6))-methyltransferase Erm(C)	NF012219.1	23S rRNA (adenine(2058)-N(6))-methyltransferase Erm(C)
staphylococcus_haemolyticus	GCF_002952715.2	results/amr/staphylococcus_haemolyticus_GCF_002952715.2_amrfinder.tsv	WP_000492283.1	NZ_CP025031.1	866051	867430	-	tet(K)	tetracycline efflux MFS transporter Tet(K)	core	AMR	AMR	TETRACYCLINE	TETRACYCLINE	EXACTP	459	459	100.0	100.0	459	WP_000492283.1	tetracycline efflux MFS transporter Tet(K)	NF012183.0	tetracycline efflux MFS transporter Tet(K)
staphylococcus_haemolyticus	GCF_002952715.2	results/amr/staphylococcus_haemolyticus_GCF_002952715.2_amrfinder.tsv	WP_063852638.1	NZ_CP025031.1	879412	881421	+	mecA	PBP2a family beta-lactam-resistant peptidoglycan transpeptidase MecA	core	AMR	AMR	BETA-LACTAM	METHICILLIN	BLASTP	669	668	100.0	100.0	668	WP_000721306.1	PBP2a family beta-lactam-resistant peptidoglycan transpeptidase MecA	NF000409.1	PBP2a family beta-lactam-resistant peptidoglycan transpeptidase MecA
staphylococcus_haemolyticus	GCF_002952715.2	results/amr/staphylococcus_haemolyticus_GCF_002952715.2_amrfinder.tsv	WP_001028144.1	NZ_CP025031.1	978231	979670	-	aac(6')-Ie/aph(2'')-Ia	bifunctional aminoglycoside N-acetyltransferase AAC(6')-Ie/aminoglycoside O-phosphotransferase APH(2'')-Ia	core	AMR	AMR	AMINOGLYCOSIDE	AMIKACIN/GENTAMICIN/KANAMYCIN/TOBRAMYCIN	EXACTP	479	479	100.0	100.0	479	WP_001028144.1	bifunctional aminoglycoside N-acetyltransferase AAC(6')-Ie/aminoglycoside O-phosphotransferase APH(2'')-Ia	NF000508.1	aminoglycoside O-phosphotransferase APH(2'')-Ia
staphylococcus_haemolyticus	GCF_002952715.2	results/amr/staphylococcus_haemolyticus_GCF_002952715.2_amrfinder.tsv	WP_001284656.1	NZ_CP025031.1	988163	988543	-	blaI	penicillinase repressor BlaI	core	AMR	AMR	BETA-LACTAM	BETA-LACTAM	EXACTP	126	126	100.0	100.0	126	WP_001284656.1	penicillinase repressor BlaI	NF000186.1	penicillinase repressor BlaI
staphylococcus_haemolyticus	GCF_002952715.2	results/amr/staphylococcus_haemolyticus_GCF_002952715.2_amrfinder.tsv	WP_001096374.1	NZ_CP025031.1	988533	990290	-	blaR1	beta-lactam sensor/signal transducer BlaR1	core	AMR	AMR	BETA-LACTAM	BETA-LACTAM	BLASTP	585	585	100.0	99.83	585	WP_001096376.1	beta-lactam sensor/signal transducer BlaR1	NF033108.1	beta-lactam sensor/signal transducer BlaR1
staphylococcus_haemolyticus	GCF_002952715.2	results/amr/staphylococcus_haemolyticus_GCF_002952715.2_amrfinder.tsv	WP_000733283.1	NZ_CP025031.1	990397	991242	+	blaPC1	BlaZ family penicillin-hydrolyzing class A beta-lactamase PC1	core	AMR	AMR	BETA-LACTAM	BETA-LACTAM	ALLELEP	281	281	100.0	100.0	281	WP_000733283.1	BlaZ family penicillin-hydrolyzing class A beta-lactamase PC1	NF033139.1	penicillin-hydrolyzing class A beta-lactamase BlaZ
staphylococcus_haemolyticus	GCF_002952715.2	results/amr/staphylococcus_haemolyticus_GCF_002952715.2_amrfinder.tsv	WP_002505088.1	NZ_CP025033.1	11492	13036	-	qacB	quaternary ammonium compound efflux MFS transporter QacB	core	STRESS	BIOCIDE	QUATERNARY AMMONIUM	QUATERNARY AMMONIUM	BLASTP	514	514	100.0	99.42	514	WP_000622778.1	quaternary ammonium compound efflux MFS transporter QacB	NF000089.1	QacA/B family quaternary ammonium compound efflux MFS transporter
staphylococcus_haemolyticus	GCF_002952715.2	results/amr/staphylococcus_haemolyticus_GCF_002952715.2_amrfinder.tsv	WP_000196697.1	NZ_CP025033.1	15083	15982	-	mph(C)	Mph(C) family macrolide 2'-phosphotransferase	core	AMR	AMR	MACROLIDE	ERYTHROMYCIN/SPIRAMYCIN/TELITHROMYCIN	EXACTP	299	299	100.0	100.0	299	WP_000196697.1	Mph(C) family macrolide 2'-phosphotransferase	NF000240.1	Mph(C) family macrolide 2'-phosphotransferase
staphylococcus_haemolyticus	GCF_002952715.2	results/amr/staphylococcus_haemolyticus_GCF_002952715.2_amrfinder.tsv	WP_000438873.1	NZ_CP025033.1	16081	17547	-	msr(A)	ABC-F type ribosomal protection protein Msr(A)	core	AMR	AMR	MACROLIDE/STREPTOGRAMIN	ERYTHROMYCIN/STREPTOGRAMIN B	BLASTP	488	488	100.0	99.8	488	WP_000438874.1	ABC-F type ribosomal protection protein Msr(A)	NF000256.1	ABC-F type ribosomal protection protein Msr(A)
streptococcus_anginosus	GCF_000831165.1	results/amr/streptococcus_anginosus_GCF_000831165.1_amrfinder.tsv	WP_021418929.1	NZ_CP007573.1	760594	760821	+	vanU-G	glycopeptide resistance transcriptional regulator VanU-G	core	AMR	AMR	GLYCOPEPTIDE	VANCOMYCIN	EXACTP	75	75	100.0	100.0	75	WP_021418929.1	glycopeptide resistance transcriptional regulator VanU-G	NF000090.1	glycopeptide resistance transcriptional regulator VanU
streptococcus_anginosus	GCF_000831165.1	results/amr/streptococcus_anginosus_GCF_000831165.1_amrfinder.tsv	WP_021418928.1	NZ_CP007573.1	760823	761530	+	vanR-G	vancomycin resistance response regulator transcription factor VanR-G	core	AMR	AMR	GLYCOPEPTIDE	VANCOMYCIN	EXACTP	235	235	100.0	100.0	235	WP_021418928.1	vancomycin resistance response regulator transcription factor VanR-G	NF033117.2	VanR-ABDEGLN family response regulator transcription factor
streptococcus_anginosus	GCF_000831165.1	results/amr/streptococcus_anginosus_GCF_000831165.1_amrfinder.tsv	WP_021418927.1	NZ_CP007573.1	761544	762650	+	vanS-G	vancomycin resistance histidine kinase VanS-G	core	AMR	AMR	GLYCOPEPTIDE	VANCOMYCIN	EXACTP	368	368	100.0	100.0	368	WP_021418927.1	vancomycin resistance histidine kinase VanS-G	NF033091.0	vancomycin resistance histidine kinase VanS
streptococcus_anginosus	GCF_000831165.1	results/amr/streptococcus_anginosus_GCF_000831165.1_amrfinder.tsv	WP_021418926.1	NZ_CP007573.1	762787	763626	+	vanY-G1	D-Ala-D-Ala carboxypeptidase VanY-G1	core	AMR	AMR	GLYCOPEPTIDE	VANCOMYCIN	EXACTP	279	279	100.0	100.0	279	WP_021418926.1	D-Ala-D-Ala carboxypeptidase VanY-G1	NF000473.1	VanY-B/VanY-G family D-Ala-D-Ala carboxypeptidase
streptococcus_anginosus	GCF_000831165.1	results/amr/streptococcus_anginosus_GCF_000831165.1_amrfinder.tsv	WP_021419095.1	NZ_CP007573.1	763702	764547	+	vanW-G	glycopeptide resistance accessory protein VanW-G	core	AMR	AMR	GLYCOPEPTIDE	VANCOMYCIN	EXACTP	281	281	100.0	100.0	281	WP_021419095.1	glycopeptide resistance accessory protein VanW-G	NF033123.1	glycopeptide resistance accessory protein VanW-G
streptococcus_anginosus	GCF_000831165.1	results/amr/streptococcus_anginosus_GCF_000831165.1_amrfinder.tsv	WP_021418924.1	NZ_CP007573.1	764549	765598	+	vanG	D-alanine--D-serine ligase VanG	core	AMR	AMR	GLYCOPEPTIDE	VANCOMYCIN	EXACTP	349	349	100.0	100.0	349	WP_021418924.1	D-alanine--D-serine ligase VanG	NF000091.3	D-alanine--D-serine ligase VanG
streptococcus_anginosus	GCF_000831165.1	results/amr/streptococcus_anginosus_GCF_000831165.1_amrfinder.tsv	WP_063856782.1	NZ_CP007573.1	765595	766359	+	vanXY	D-Ala-D-Ala dipeptidase/D-Ala-D-Ala carboxypeptidase VanXY-G	core	AMR	AMR	GLYCOPEPTIDE	VANCOMYCIN	EXACTP	254	254	100.0	100.0	254	WP_063856782.1	D-Ala-D-Ala dipeptidase/D-Ala-D-Ala carboxypeptidase VanXY-G	NF000149.1	D-Ala-D-Ala dipeptidase/D-Ala-D-Ala carboxypeptidase VanXY-G
streptococcus_anginosus	GCF_000831165.1	results/amr/streptococcus_anginosus_GCF_000831165.1_amrfinder.tsv	WP_021418922.1	NZ_CP007573.1	766352	768490	+	vanT-G	membrane-bound serine racemase VanT-G	core	AMR	AMR	GLYCOPEPTIDE	VANCOMYCIN	EXACTP	712	712	100.0	100.0	712	WP_021418922.1	membrane-bound serine racemase VanT-G	NF033131.1	VanT-G-like membrane-bound serine racemase
streptococcus_anginosus	GCF_000831165.1	results/amr/streptococcus_anginosus_GCF_000831165.1_amrfinder.tsv	WP_003505402.1	NZ_CP007573.1	787337	789256	+	tet(32)	tetracycline resistance ribosomal protection protein Tet(32)	core	AMR	AMR	TETRACYCLINE	TETRACYCLINE	EXACTP	639	639	100.0	100.0	639	WP_003505402.1	tetracycline resistance ribosomal protection protein Tet(32)	NF033148.1	TetM/TetW/TetO/TetS family tetracycline resistance ribosomal protection protein
streptococcus_anginosus	GCF_001412635.1	results/amr/streptococcus_anginosus_GCF_001412635.1_amrfinder.tsv	WP_000691736.1	NZ_CP012805.1	244068	245987	-	tet(M)	tetracycline resistance ribosomal protection protein Tet(M)	core	AMR	AMR	TETRACYCLINE	TETRACYCLINE	EXACTP	639	639	100.0	100.0	639	WP_000691736.1	tetracycline resistance ribosomal protection protein Tet(M)	NF012155.1	tetracycline resistance ribosomal protection protein Tet(M)
streptococcus_anginosus	GCF_008726365.3	results/amr/streptococcus_anginosus_GCF_008726365.3_amrfinder.tsv	WP_070811548.1	NZ_CP136160.1	1260795	1262714	-	tet(O)	tetracycline resistance ribosomal protection protein Tet(O)	core	AMR	AMR	TETRACYCLINE	TETRACYCLINE	BLASTP	639	639	100.0	99.37	639	WP_063856405.1	tetracycline resistance ribosomal protection protein Tet(O)	NF033148.1	TetM/TetW/TetO/TetS family tetracycline resistance ribosomal protection protein
streptococcus_anginosus	GCF_008726365.3	results/amr/streptococcus_anginosus_GCF_008726365.3_amrfinder.tsv	WP_000420313.1	NZ_CP136160.1	1349393	1350856	-	msr(D)	ABC-F type ribosomal protection protein Msr(D)	core	AMR	AMR	MACROLIDE/STREPTOGRAMIN	AZITHROMYCIN/ERYTHROMYCIN/STREPTOGRAMIN B	EXACTP	487	487	100.0	100.0	487	WP_000420313.1	ABC-F type ribosomal protection protein Msr(D)	NF000168.2	Msr family ABC-F type ribosomal protection protein
streptococcus_anginosus	GCF_008726365.3	results/amr/streptococcus_anginosus_GCF_008726365.3_amrfinder.tsv	WP_024052921.1	NZ_CP136160.1	1350976	1352193	-	mef(A)	macrolide efflux MFS transporter Mef(A)	core	AMR	AMR	MACROLIDE	AZITHROMYCIN/ERYTHROMYCIN	BLASTP	405	405	100.0	99.75	405	WP_000417519.1	macrolide efflux MFS transporter Mef(A)	NF000245.1	macrolide efflux MFS transporter Mef(A)
streptococcus_mitis	GCF_000722765.2	results/amr/streptococcus_mitis_GCF_000722765.2_amrfinder.tsv	WP_000420313.1	NZ_CP028415.1	972009	973472	-	msr(D)	ABC-F type ribosomal protection protein Msr(D)	core	AMR	AMR	MACROLIDE/STREPTOGRAMIN	AZITHROMYCIN/ERYTHROMYCIN/STREPTOGRAMIN B	EXACTP	487	487	100.0	100.0	487	WP_000420313.1	ABC-F type ribosomal protection protein Msr(D)	NF000168.2	Msr family ABC-F type ribosomal protection protein
streptococcus_mitis	GCF_000722765.2	results/amr/streptococcus_mitis_GCF_000722765.2_amrfinder.tsv	WP_000417519.1	NZ_CP028415.1	973592	974809	-	mef(A)	macrolide efflux MFS transporter Mef(A)	core	AMR	AMR	MACROLIDE	AZITHROMYCIN/ERYTHROMYCIN	EXACTP	405	405	100.0	100.0	405	WP_000417519.1	macrolide efflux MFS transporter Mef(A)	NF000245.1	macrolide efflux MFS transporter Mef(A)
streptococcus_mitis	GCF_001281025.1	results/amr/streptococcus_mitis_GCF_001281025.1_amrfinder.tsv	WP_060628311.1	NZ_CP012646.1	1305704	1306132	+	aac(6')	aminoglycoside 6'-N-acetyltransferase	core	AMR	AMR	AMINOGLYCOSIDE	AMINOGLYCOSIDE	HMM	142	142	90.85	60.47	129	WP_318245538.1	aminoglycoside 6'-N-acetyltransferase	NF043067.1	aminoglycoside 6'-N-acetyltransferase
streptococcus_mitis	GCF_013305725.1	results/amr/streptococcus_mitis_GCF_013305725.1_amrfinder.tsv	WP_000417519.1	NZ_CP047883.1	982363	983580	+	mef(A)	macrolide efflux MFS transporter Mef(A)	core	AMR	AMR	MACROLIDE	AZITHROMYCIN/ERYTHROMYCIN	EXACTP	405	405	100.0	100.0	405	WP_000417519.1	macrolide efflux MFS transporter Mef(A)	NF000245.1	macrolide efflux MFS transporter Mef(A)
streptococcus_mitis	GCF_013305725.1	results/amr/streptococcus_mitis_GCF_013305725.1_amrfinder.tsv	WP_000420313.1	NZ_CP047883.1	983700	985163	+	msr(D)	ABC-F type ribosomal protection protein Msr(D)	core	AMR	AMR	MACROLIDE/STREPTOGRAMIN	AZITHROMYCIN/ERYTHROMYCIN/STREPTOGRAMIN B	EXACTP	487	487	100.0	100.0	487	WP_000420313.1	ABC-F type ribosomal protection protein Msr(D)	NF000168.2	Msr family ABC-F type ribosomal protection protein
streptococcus_mitis	GCF_013305725.1	results/amr/streptococcus_mitis_GCF_013305725.1_amrfinder.tsv	WP_173876118.1	NZ_CP047883.1	1005010	1006929	+	tet(M)	tetracycline resistance ribosomal protection protein Tet(M)	core	AMR	AMR	TETRACYCLINE	TETRACYCLINE	BLASTP	639	639	100.0	99.37	639	WP_063856112.1	tetracycline resistance ribosomal protection protein Tet(M)	NF012155.1	tetracycline resistance ribosomal protection protein Tet(M)
streptococcus_mitis	GCF_018603625.2	results/amr/streptococcus_mitis_GCF_018603625.2_amrfinder.tsv	WP_000417519.1	NZ_CP190759.1	934867	936084	+	mef(A)	macrolide efflux MFS transporter Mef(A)	core	AMR	AMR	MACROLIDE	AZITHROMYCIN/ERYTHROMYCIN	EXACTP	405	405	100.0	100.0	405	WP_000417519.1	macrolide efflux MFS transporter Mef(A)	NF000245.1	macrolide efflux MFS transporter Mef(A)
streptococcus_mitis	GCF_018603625.2	results/amr/streptococcus_mitis_GCF_018603625.2_amrfinder.tsv	WP_000420313.1	NZ_CP190759.1	936204	937667	+	msr(D)	ABC-F type ribosomal protection protein Msr(D)	core	AMR	AMR	MACROLIDE/STREPTOGRAMIN	AZITHROMYCIN/ERYTHROMYCIN/STREPTOGRAMIN B	EXACTP	487	487	100.0	100.0	487	WP_000420313.1	ABC-F type ribosomal protection protein Msr(D)	NF000168.2	Msr family ABC-F type ribosomal protection protein
streptococcus_oralis	GCF_001983955.1	results/amr/streptococcus_oralis_GCF_001983955.1_amrfinder.tsv	WP_076984528.1	NZ_CP019562.1	935477	936694	+	mef(A)	macrolide efflux MFS transporter Mef(A)	core	AMR	AMR	MACROLIDE	AZITHROMYCIN/ERYTHROMYCIN	BLASTP	405	405	100.0	96.3	405	WP_000417519.1	macrolide efflux MFS transporter Mef(A)	NF000245.1	macrolide efflux MFS transporter Mef(A)
streptococcus_oralis	GCF_001983955.1	results/amr/streptococcus_oralis_GCF_001983955.1_amrfinder.tsv	WP_000420313.1	NZ_CP019562.1	936814	938277	+	msr(D)	ABC-F type ribosomal protection protein Msr(D)	core	AMR	AMR	MACROLIDE/STREPTOGRAMIN	AZITHROMYCIN/ERYTHROMYCIN/STREPTOGRAMIN B	EXACTP	487	487	100.0	100.0	487	WP_000420313.1	ABC-F type ribosomal protection protein Msr(D)	NF000168.2	Msr family ABC-F type ribosomal protection protein
streptococcus_oralis	GCF_002386345.1	results/amr/streptococcus_oralis_GCF_002386345.1_amrfinder.tsv	WP_000420313.1	NZ_CP023507.1	938564	940027	-	msr(D)	ABC-F type ribosomal protection protein Msr(D)	core	AMR	AMR	MACROLIDE/STREPTOGRAMIN	AZITHROMYCIN/ERYTHROMYCIN/STREPTOGRAMIN B	EXACTP	487	487	100.0	100.0	487	WP_000420313.1	ABC-F type ribosomal protection protein Msr(D)	NF000168.2	Msr family ABC-F type ribosomal protection protein
streptococcus_oralis	GCF_002386345.1	results/amr/streptococcus_oralis_GCF_002386345.1_amrfinder.tsv	WP_000417519.1	NZ_CP023507.1	940147	941364	-	mef(A)	macrolide efflux MFS transporter Mef(A)	core	AMR	AMR	MACROLIDE	AZITHROMYCIN/ERYTHROMYCIN	EXACTP	405	405	100.0	100.0	405	WP_000417519.1	macrolide efflux MFS transporter Mef(A)	NF000245.1	macrolide efflux MFS transporter Mef(A)
streptococcus_oralis	GCF_016028175.1	results/amr/streptococcus_oralis_GCF_016028175.1_amrfinder.tsv	WP_000348725.1	NZ_CP065706.1	1172977	1173405	-	aac(6')	aminoglycoside 6'-N-acetyltransferase	core	AMR	AMR	AMINOGLYCOSIDE	AMINOGLYCOSIDE	HMM	142	142	90.85	61.24	129	WP_318245538.1	aminoglycoside 6'-N-acetyltransferase	NF043067.1	aminoglycoside 6'-N-acetyltransferase
streptococcus_oralis	GCF_016028175.1	results/amr/streptococcus_oralis_GCF_016028175.1_amrfinder.tsv	WP_000420313.1	NZ_CP065706.1	1181294	1182757	-	msr(D)	ABC-F type ribosomal protection protein Msr(D)	core	AMR	AMR	MACROLIDE/STREPTOGRAMIN	AZITHROMYCIN/ERYTHROMYCIN/STREPTOGRAMIN B	EXACTP	487	487	100.0	100.0	487	WP_000420313.1	ABC-F type ribosomal protection protein Msr(D)	NF000168.2	Msr family ABC-F type ribosomal protection protein
streptococcus_oralis	GCF_016028175.1	results/amr/streptococcus_oralis_GCF_016028175.1_amrfinder.tsv	WP_000417519.1	NZ_CP065706.1	1182877	1184094	-	mef(A)	macrolide efflux MFS transporter Mef(A)	core	AMR	AMR	MACROLIDE	AZITHROMYCIN/ERYTHROMYCIN	EXACTP	405	405	100.0	100.0	405	WP_000417519.1	macrolide efflux MFS transporter Mef(A)	NF000245.1	macrolide efflux MFS transporter Mef(A)
streptococcus_sanguinis	GCF_050220455.1	results/amr/streptococcus_sanguinis_GCF_050220455.1_amrfinder.tsv	WP_000420313.1	NZ_CP071414.1	1489781	1491244	-	msr(D)	ABC-F type ribosomal protection protein Msr(D)	core	AMR	AMR	MACROLIDE/STREPTOGRAMIN	AZITHROMYCIN/ERYTHROMYCIN/STREPTOGRAMIN B	EXACTP	487	487	100.0	100.0	487	WP_000420313.1	ABC-F type ribosomal protection protein Msr(D)	NF000168.2	Msr family ABC-F type ribosomal protection protein
streptococcus_sanguinis	GCF_050220455.1	results/amr/streptococcus_sanguinis_GCF_050220455.1_amrfinder.tsv	WP_000417519.1	NZ_CP071414.1	1491364	1492581	-	mef(A)	macrolide efflux MFS transporter Mef(A)	core	AMR	AMR	MACROLIDE	AZITHROMYCIN/ERYTHROMYCIN	EXACTP	405	405	100.0	100.0	405	WP_000417519.1	macrolide efflux MFS transporter Mef(A)	NF000245.1	macrolide efflux MFS transporter Mef(A)
tannerella_forsythia	GCF_000238215.1	results/amr/tannerella_forsythia_GCF_000238215.1_amrfinder.tsv	WP_007366526.1	NC_016610.1	1331035	1332960	+	tet	tetracycline resistance ribosomal protection protein	core	AMR	AMR	TETRACYCLINE	TETRACYCLINE	HMM	641	641	100.0	89.7	641	WP_063856407.1	tetracycline resistance ribosomal protection protein	NF012153.1	tetracycline resistance ribosomal protection protein
veillonella_parvula	GCF_036456085.1	results/amr/veillonella_parvula_GCF_036456085.1_amrfinder.tsv	WP_058948175.1	NZ_CP138632.1	1395376	1397295	+	tet(M)	tetracycline resistance ribosomal protection protein Tet(M)	core	AMR	AMR	TETRACYCLINE	TETRACYCLINE	BLASTP	639	639	100.0	99.69	639	WP_002414694.1	tetracycline resistance ribosomal protection protein Tet(M)	NF012155.1	tetracycline resistance ribosomal protection protein Tet(M)
