species_folder	category	match_count
actinomyces_naeslundii	biofilm_accumulation	3070
actinomyces_naeslundii	enterococcus_ace	1037
actinomyces_naeslundii	enterococcus_esp	833
actinomyces_naeslundii	pseudomonas_alg	532
actinomyces_naeslundii	td_virulence	492
actinomyces_naeslundii	adhesion_enolase	450
actinomyces_naeslundii	pseudomonas_pel	442
actinomyces_naeslundii	quorum_agr	416
actinomyces_naeslundii	pseudomonas_las	410
actinomyces_naeslundii	streptococcus_spaP	406
actinomyces_naeslundii	pg_gingipain	274
actinomyces_naeslundii	pseudomonas_psl	273
actinomyces_naeslundii	regulation_sarA	242
actinomyces_naeslundii	biofilm_sasG	224
actinomyces_naeslundii	fn_adhesin	172
actinomyces_naeslundii	sortase	152
actinomyces_naeslundii	adhesion_autolysin	120
actinomyces_naeslundii	pseudomonas_pili	114
actinomyces_naeslundii	biofilm_ica	109
actinomyces_naeslundii	pseudomonas_pqs	94
actinomyces_naeslundii	enterococcus_gelE	92
actinomyces_naeslundii	pseudomonas_rhl	92
actinomyces_naeslundii	pg_hagA	72
actinomyces_naeslundii	streptococcus_gtf	67
actinomyces_naeslundii	adhesion_collagen	60
actinomyces_naeslundii	enterococcus_fsr	56
actinomyces_naeslundii	adhesion_sdr	51
actinomyces_naeslundii	enterococcus_efaA	46
actinomyces_naeslundii	pg_fimbriae	16
actinomyces_naeslundii	adhesion_fibronectin	12
actinomyces_naeslundii	competence_com	12
actinomyces_naeslundii	regulation_vicRK	12
actinomyces_naeslundii	enterococcus_ebp	8
actinomyces_naeslundii	adhesion_fbp	6
corynebacterium_striatum	biofilm_accumulation	2481
corynebacterium_striatum	enterococcus_ace	1458
corynebacterium_striatum	enterococcus_esp	862
corynebacterium_striatum	pseudomonas_pel	603
corynebacterium_striatum	adhesion_enolase	569
corynebacterium_striatum	pseudomonas_alg	459
corynebacterium_striatum	pg_gingipain	407
corynebacterium_striatum	pseudomonas_las	301
corynebacterium_striatum	td_virulence	289
corynebacterium_striatum	quorum_agr	250
corynebacterium_striatum	streptococcus_spaP	220
corynebacterium_striatum	fn_adhesin	219
corynebacterium_striatum	biofilm_ica	211
corynebacterium_striatum	regulation_sarA	190
corynebacterium_striatum	pseudomonas_psl	184
corynebacterium_striatum	pseudomonas_pili	172
corynebacterium_striatum	adhesion_autolysin	152
corynebacterium_striatum	enterococcus_gelE	137
corynebacterium_striatum	sortase	125
corynebacterium_striatum	biofilm_sasG	124
corynebacterium_striatum	enterococcus_efaA	122
corynebacterium_striatum	pseudomonas_pqs	119
corynebacterium_striatum	adhesion_sdr	104
corynebacterium_striatum	enterococcus_fsr	83
corynebacterium_striatum	pseudomonas_rhl	78
corynebacterium_striatum	pg_hagA	61
corynebacterium_striatum	streptococcus_gtf	61
corynebacterium_striatum	adhesion_collagen	51
corynebacterium_striatum	competence_com	20
corynebacterium_striatum	adhesion_clumping	19
corynebacterium_striatum	enterococcus_ebp	18
corynebacterium_striatum	pg_fimbriae	11
corynebacterium_striatum	regulation_vicRK	11
cutibacterium_acnes	biofilm_accumulation	1614
cutibacterium_acnes	enterococcus_ace	1297
cutibacterium_acnes	adhesion_enolase	784
cutibacterium_acnes	enterococcus_esp	772
cutibacterium_acnes	pseudomonas_alg	405
cutibacterium_acnes	pseudomonas_pel	396
cutibacterium_acnes	td_virulence	393
cutibacterium_acnes	quorum_agr	384
cutibacterium_acnes	pg_gingipain	382
cutibacterium_acnes	streptococcus_spaP	330
cutibacterium_acnes	pseudomonas_las	287
cutibacterium_acnes	pseudomonas_psl	213
cutibacterium_acnes	pseudomonas_pili	204
cutibacterium_acnes	fn_adhesin	180
cutibacterium_acnes	regulation_sarA	171
cutibacterium_acnes	biofilm_sasG	159
cutibacterium_acnes	adhesion_collagen	146
cutibacterium_acnes	biofilm_ica	144
cutibacterium_acnes	sortase	120
cutibacterium_acnes	pseudomonas_pqs	108
cutibacterium_acnes	pg_hagA	100
cutibacterium_acnes	streptococcus_gtf	91
cutibacterium_acnes	adhesion_sdr	89
cutibacterium_acnes	adhesion_autolysin	75
cutibacterium_acnes	enterococcus_gelE	75
cutibacterium_acnes	enterococcus_efaA	66
cutibacterium_acnes	pseudomonas_rhl	59
cutibacterium_acnes	enterococcus_fsr	50
cutibacterium_acnes	pg_fimbriae	15
cutibacterium_acnes	competence_com	9
cutibacterium_acnes	regulation_vicRK	9
cutibacterium_acnes	adhesion_clumping	8
cutibacterium_acnes	adhesion_fibronectin	7
enterococcus_faecalis	enterococcus_ace	1657
enterococcus_faecalis	adhesion_enolase	941
enterococcus_faecalis	enterococcus_esp	831
enterococcus_faecalis	biofilm_accumulation	598
enterococcus_faecalis	pg_gingipain	331
enterococcus_faecalis	pseudomonas_pel	303
enterococcus_faecalis	pseudomonas_pili	231
enterococcus_faecalis	pseudomonas_psl	201
enterococcus_faecalis	pseudomonas_las	172
enterococcus_faecalis	td_virulence	161
enterococcus_faecalis	adhesion_autolysin	123
enterococcus_faecalis	pseudomonas_alg	120
enterococcus_faecalis	enterococcus_gelE	102
enterococcus_faecalis	streptococcus_gtf	102
enterococcus_faecalis	quorum_agr	101
enterococcus_faecalis	streptococcus_spaP	101
enterococcus_faecalis	biofilm_sasG	97
enterococcus_faecalis	biofilm_ica	79
enterococcus_faecalis	enterococcus_ebp	75
enterococcus_faecalis	enterococcus_fsr	69
enterococcus_faecalis	sortase	64
enterococcus_faecalis	adhesion_collagen	59
enterococcus_faecalis	adhesion_sdr	59
enterococcus_faecalis	fn_adhesin	56
enterococcus_faecalis	pseudomonas_pqs	53
enterococcus_faecalis	regulation_sarA	36
enterococcus_faecalis	pseudomonas_rhl	29
enterococcus_faecalis	enterococcus_efaA	23
enterococcus_faecalis	adhesion_clumping	20
enterococcus_faecalis	competence_com	20
enterococcus_faecalis	pg_fimbriae	15
enterococcus_faecalis	adhesion_fibronectin	14
enterococcus_faecalis	enterococcus_asa	13
enterococcus_faecalis	regulation_vicRK	11
enterococcus_faecalis	adhesion_fbp	10
enterococcus_faecalis	tf_bspA	2
enterococcus_faecalis	pg_hagA	1
fusobacterium_nucleatum	enterococcus_ace	1074
fusobacterium_nucleatum	adhesion_enolase	744
fusobacterium_nucleatum	enterococcus_esp	432
fusobacterium_nucleatum	biofilm_accumulation	273
fusobacterium_nucleatum	pseudomonas_pel	211
fusobacterium_nucleatum	pg_gingipain	189
fusobacterium_nucleatum	pseudomonas_pili	169
fusobacterium_nucleatum	pseudomonas_las	151
fusobacterium_nucleatum	fn_adhesin	135
fusobacterium_nucleatum	pseudomonas_psl	131
fusobacterium_nucleatum	pseudomonas_alg	124
fusobacterium_nucleatum	td_virulence	110
fusobacterium_nucleatum	biofilm_ica	105
fusobacterium_nucleatum	enterococcus_gelE	98
fusobacterium_nucleatum	streptococcus_spaP	95
fusobacterium_nucleatum	adhesion_autolysin	78
fusobacterium_nucleatum	quorum_agr	56
fusobacterium_nucleatum	adhesion_sdr	49
fusobacterium_nucleatum	enterococcus_fsr	38
fusobacterium_nucleatum	pseudomonas_pqs	36
fusobacterium_nucleatum	biofilm_sasG	35
fusobacterium_nucleatum	streptococcus_gtf	28
fusobacterium_nucleatum	adhesion_collagen	23
fusobacterium_nucleatum	competence_com	20
fusobacterium_nucleatum	enterococcus_efaA	20
fusobacterium_nucleatum	pseudomonas_rhl	15
fusobacterium_nucleatum	sortase	15
fusobacterium_nucleatum	regulation_sarA	14
fusobacterium_nucleatum	adhesion_fibronectin	12
fusobacterium_nucleatum	pg_fimbriae	11
fusobacterium_nucleatum	regulation_vicRK	9
fusobacterium_nucleatum	adhesion_fbp	8
fusobacterium_nucleatum	pg_hagA	8
fusobacterium_nucleatum	adhesion_clumping	5
fusobacterium_nucleatum	tf_bspA	4
porphyromonas_gingivalis	enterococcus_ace	936
porphyromonas_gingivalis	adhesion_enolase	633
porphyromonas_gingivalis	biofilm_accumulation	603
porphyromonas_gingivalis	enterococcus_esp	526
porphyromonas_gingivalis	pseudomonas_pel	326
porphyromonas_gingivalis	pg_gingipain	282
porphyromonas_gingivalis	td_virulence	245
porphyromonas_gingivalis	pseudomonas_pqs	191
porphyromonas_gingivalis	pseudomonas_las	149
porphyromonas_gingivalis	streptococcus_spaP	141
porphyromonas_gingivalis	pseudomonas_alg	135
porphyromonas_gingivalis	fn_adhesin	130
porphyromonas_gingivalis	pseudomonas_psl	128
porphyromonas_gingivalis	pseudomonas_pili	125
porphyromonas_gingivalis	quorum_agr	117
porphyromonas_gingivalis	adhesion_collagen	116
porphyromonas_gingivalis	adhesion_sdr	96
porphyromonas_gingivalis	biofilm_sasG	84
porphyromonas_gingivalis	sortase	83
porphyromonas_gingivalis	biofilm_ica	82
porphyromonas_gingivalis	streptococcus_gtf	66
porphyromonas_gingivalis	enterococcus_gelE	64
porphyromonas_gingivalis	adhesion_autolysin	56
porphyromonas_gingivalis	pseudomonas_rhl	55
porphyromonas_gingivalis	enterococcus_fsr	44
porphyromonas_gingivalis	regulation_sarA	41
porphyromonas_gingivalis	pg_hagA	31
porphyromonas_gingivalis	pg_fimbriae	23
porphyromonas_gingivalis	competence_com	20
porphyromonas_gingivalis	adhesion_fibronectin	18
porphyromonas_gingivalis	enterococcus_efaA	15
porphyromonas_gingivalis	adhesion_clumping	12
porphyromonas_gingivalis	regulation_vicRK	10
prevotella_intermedia	enterococcus_ace	992
prevotella_intermedia	biofilm_accumulation	597
prevotella_intermedia	adhesion_enolase	583
prevotella_intermedia	enterococcus_esp	524
prevotella_intermedia	pseudomonas_pel	267
prevotella_intermedia	adhesion_collagen	208
prevotella_intermedia	pg_gingipain	197
prevotella_intermedia	td_virulence	190
prevotella_intermedia	pseudomonas_las	157
prevotella_intermedia	pseudomonas_pili	147
prevotella_intermedia	adhesion_autolysin	142
prevotella_intermedia	pseudomonas_alg	140
prevotella_intermedia	streptococcus_spaP	136
prevotella_intermedia	pseudomonas_psl	106
prevotella_intermedia	quorum_agr	89
prevotella_intermedia	fn_adhesin	82
prevotella_intermedia	adhesion_sdr	80
prevotella_intermedia	biofilm_ica	73
prevotella_intermedia	sortase	69
prevotella_intermedia	enterococcus_gelE	65
prevotella_intermedia	pseudomonas_pqs	64
prevotella_intermedia	biofilm_sasG	62
prevotella_intermedia	streptococcus_gtf	61
prevotella_intermedia	pseudomonas_rhl	50
prevotella_intermedia	enterococcus_efaA	30
prevotella_intermedia	regulation_sarA	29
prevotella_intermedia	pg_hagA	25
prevotella_intermedia	enterococcus_fsr	21
prevotella_intermedia	competence_com	20
prevotella_intermedia	tf_bspA	20
prevotella_intermedia	pg_fimbriae	15
prevotella_intermedia	adhesion_clumping	12
prevotella_intermedia	regulation_vicRK	5
staphylococcus_capitis	enterococcus_ace	1603
staphylococcus_capitis	adhesion_enolase	853
staphylococcus_capitis	enterococcus_esp	686
staphylococcus_capitis	biofilm_accumulation	322
staphylococcus_capitis	pg_gingipain	322
staphylococcus_capitis	td_virulence	226
staphylococcus_capitis	pseudomonas_pel	221
staphylococcus_capitis	biofilm_ica	196
staphylococcus_capitis	pseudomonas_las	176
staphylococcus_capitis	quorum_agr	139
staphylococcus_capitis	pseudomonas_psl	134
staphylococcus_capitis	pseudomonas_pili	117
staphylococcus_capitis	pseudomonas_alg	106
staphylococcus_capitis	regulation_sarA	91
staphylococcus_capitis	adhesion_autolysin	84
staphylococcus_capitis	pseudomonas_pqs	78
staphylococcus_capitis	streptococcus_gtf	73
staphylococcus_capitis	sortase	69
staphylococcus_capitis	enterococcus_gelE	61
staphylococcus_capitis	adhesion_sdr	60
staphylococcus_capitis	adhesion_collagen	50
staphylococcus_capitis	streptococcus_spaP	38
staphylococcus_capitis	biofilm_sasG	32
staphylococcus_capitis	enterococcus_fsr	29
staphylococcus_capitis	pseudomonas_rhl	25
staphylococcus_capitis	stress_sigB	25
staphylococcus_capitis	competence_com	22
staphylococcus_capitis	fn_adhesin	22
staphylococcus_capitis	pg_fimbriae	20
staphylococcus_capitis	pg_hagA	16
staphylococcus_capitis	regulation_vicRK	16
staphylococcus_capitis	adhesion_clumping	15
staphylococcus_capitis	adhesion_fibronectin	15
staphylococcus_capitis	adhesion_fbp	10
staphylococcus_capitis	enterococcus_efaA	7
staphylococcus_epidermidis	enterococcus_ace	1553
staphylococcus_epidermidis	adhesion_enolase	803
staphylococcus_epidermidis	enterococcus_esp	694
staphylococcus_epidermidis	biofilm_accumulation	313
staphylococcus_epidermidis	pg_gingipain	295
staphylococcus_epidermidis	td_virulence	230
staphylococcus_epidermidis	pseudomonas_pel	200
staphylococcus_epidermidis	pseudomonas_pili	160
staphylococcus_epidermidis	quorum_agr	142
staphylococcus_epidermidis	pseudomonas_las	139
staphylococcus_epidermidis	biofilm_ica	134
staphylococcus_epidermidis	pseudomonas_psl	122
staphylococcus_epidermidis	regulation_sarA	98
staphylococcus_epidermidis	pseudomonas_alg	87
staphylococcus_epidermidis	streptococcus_gtf	78
staphylococcus_epidermidis	adhesion_autolysin	71
staphylococcus_epidermidis	sortase	64
staphylococcus_epidermidis	adhesion_sdr	58
staphylococcus_epidermidis	enterococcus_gelE	58
staphylococcus_epidermidis	pseudomonas_pqs	56
staphylococcus_epidermidis	adhesion_collagen	54
staphylococcus_epidermidis	streptococcus_spaP	48
staphylococcus_epidermidis	biofilm_sasG	38
staphylococcus_epidermidis	pseudomonas_rhl	35
staphylococcus_epidermidis	stress_sigB	25
staphylococcus_epidermidis	adhesion_clumping	20
staphylococcus_epidermidis	competence_com	20
staphylococcus_epidermidis	fn_adhesin	20
staphylococcus_epidermidis	enterococcus_fsr	17
staphylococcus_epidermidis	adhesion_fibronectin	15
staphylococcus_epidermidis	pg_hagA	15
staphylococcus_epidermidis	regulation_vicRK	15
staphylococcus_epidermidis	adhesion_fbp	10
staphylococcus_epidermidis	enterococcus_efaA	8
staphylococcus_epidermidis	pg_fimbriae	5
staphylococcus_haemolyticus	enterococcus_ace	1669
staphylococcus_haemolyticus	adhesion_enolase	839
staphylococcus_haemolyticus	enterococcus_esp	735
staphylococcus_haemolyticus	pg_gingipain	338
staphylococcus_haemolyticus	biofilm_accumulation	271
staphylococcus_haemolyticus	pseudomonas_pel	253
staphylococcus_haemolyticus	pseudomonas_las	209
staphylococcus_haemolyticus	td_virulence	193
staphylococcus_haemolyticus	pseudomonas_pili	156
staphylococcus_haemolyticus	quorum_agr	151
staphylococcus_haemolyticus	pseudomonas_psl	124
staphylococcus_haemolyticus	biofilm_ica	95
staphylococcus_haemolyticus	pseudomonas_alg	80
staphylococcus_haemolyticus	regulation_sarA	80
staphylococcus_haemolyticus	adhesion_sdr	77
staphylococcus_haemolyticus	sortase	75
staphylococcus_haemolyticus	adhesion_autolysin	74
staphylococcus_haemolyticus	enterococcus_gelE	74
staphylococcus_haemolyticus	adhesion_collagen	71
staphylococcus_haemolyticus	pseudomonas_pqs	68
staphylococcus_haemolyticus	streptococcus_gtf	55
staphylococcus_haemolyticus	streptococcus_spaP	45
staphylococcus_haemolyticus	biofilm_sasG	35
staphylococcus_haemolyticus	pg_fimbriae	25
staphylococcus_haemolyticus	stress_sigB	25
staphylococcus_haemolyticus	competence_com	20
staphylococcus_haemolyticus	pseudomonas_rhl	20
staphylococcus_haemolyticus	adhesion_clumping	18
staphylococcus_haemolyticus	enterococcus_fsr	18
staphylococcus_haemolyticus	fn_adhesin	18
staphylococcus_haemolyticus	adhesion_fibronectin	15
staphylococcus_haemolyticus	enterococcus_efaA	13
staphylococcus_haemolyticus	adhesion_fbp	10
staphylococcus_haemolyticus	regulation_vicRK	10
staphylococcus_haemolyticus	pg_hagA	5
streptococcus_anginosus	enterococcus_ace	1250
streptococcus_anginosus	adhesion_enolase	652
streptococcus_anginosus	enterococcus_esp	537
streptococcus_anginosus	biofilm_accumulation	428
streptococcus_anginosus	pseudomonas_pel	258
streptococcus_anginosus	pg_gingipain	185
streptococcus_anginosus	pseudomonas_pili	183
streptococcus_anginosus	pseudomonas_las	162
streptococcus_anginosus	pseudomonas_psl	147
streptococcus_anginosus	td_virulence	125
streptococcus_anginosus	adhesion_collagen	97
streptococcus_anginosus	adhesion_autolysin	88
streptococcus_anginosus	pseudomonas_alg	79
streptococcus_anginosus	streptococcus_spaP	67
streptococcus_anginosus	quorum_agr	63
streptococcus_anginosus	streptococcus_gtf	61
streptococcus_anginosus	enterococcus_efaA	60
streptococcus_anginosus	pseudomonas_pqs	56
streptococcus_anginosus	biofilm_ica	53
streptococcus_anginosus	enterococcus_gelE	53
streptococcus_anginosus	sortase	49
streptococcus_anginosus	pseudomonas_rhl	47
streptococcus_anginosus	regulation_sarA	43
streptococcus_anginosus	competence_com	39
streptococcus_anginosus	adhesion_sdr	36
streptococcus_anginosus	adhesion_fbp	35
streptococcus_anginosus	regulation_vicRK	35
streptococcus_anginosus	fn_adhesin	34
streptococcus_anginosus	biofilm_sasG	33
streptococcus_anginosus	pg_fimbriae	21
streptococcus_anginosus	adhesion_clumping	13
streptococcus_anginosus	adhesion_fibronectin	10
streptococcus_anginosus	pg_hagA	7
streptococcus_anginosus	biofilm_brpA	5
streptococcus_anginosus	enterococcus_fsr	5
streptococcus_anginosus	enterococcus_ebp	4
streptococcus_anginosus	streptococcus_gbp	4
streptococcus_mitis	enterococcus_ace	1325
streptococcus_mitis	enterococcus_esp	657
streptococcus_mitis	adhesion_enolase	522
streptococcus_mitis	biofilm_accumulation	393
streptococcus_mitis	pseudomonas_pel	295
streptococcus_mitis	pseudomonas_pili	208
streptococcus_mitis	pseudomonas_las	204
streptococcus_mitis	pg_gingipain	203
streptococcus_mitis	pseudomonas_psl	164
streptococcus_mitis	td_virulence	119
streptococcus_mitis	quorum_agr	101
streptococcus_mitis	competence_com	85
streptococcus_mitis	pseudomonas_alg	84
streptococcus_mitis	adhesion_autolysin	71
streptococcus_mitis	streptococcus_gtf	62
streptococcus_mitis	streptococcus_spaP	62
streptococcus_mitis	sortase	51
streptococcus_mitis	adhesion_sdr	49
streptococcus_mitis	enterococcus_gelE	49
streptococcus_mitis	pseudomonas_rhl	46
streptococcus_mitis	pseudomonas_pqs	45
streptococcus_mitis	regulation_vicRK	41
streptococcus_mitis	adhesion_collagen	37
streptococcus_mitis	regulation_sarA	36
streptococcus_mitis	enterococcus_efaA	34
streptococcus_mitis	biofilm_ica	27
streptococcus_mitis	biofilm_sasG	24
streptococcus_mitis	fn_adhesin	21
streptococcus_mitis	pg_hagA	16
streptococcus_mitis	biofilm_brpA	13
streptococcus_mitis	enterococcus_fsr	13
streptococcus_mitis	adhesion_fbp	10
streptococcus_mitis	adhesion_fibronectin	10
streptococcus_mitis	adhesion_clumping	6
streptococcus_mitis	pg_fimbriae	6
streptococcus_oralis	enterococcus_ace	1315
streptococcus_oralis	enterococcus_esp	654
streptococcus_oralis	adhesion_enolase	522
streptococcus_oralis	biofilm_accumulation	393
streptococcus_oralis	pseudomonas_pel	313
streptococcus_oralis	pg_gingipain	201
streptococcus_oralis	pseudomonas_pili	198
streptococcus_oralis	pseudomonas_psl	179
streptococcus_oralis	pseudomonas_las	172
streptococcus_oralis	td_virulence	121
streptococcus_oralis	pseudomonas_alg	95
streptococcus_oralis	competence_com	85
streptococcus_oralis	quorum_agr	80
streptococcus_oralis	adhesion_sdr	74
streptococcus_oralis	enterococcus_gelE	74
streptococcus_oralis	adhesion_autolysin	66
streptococcus_oralis	sortase	61
streptococcus_oralis	streptococcus_gtf	60
streptococcus_oralis	regulation_sarA	56
streptococcus_oralis	streptococcus_spaP	52
streptococcus_oralis	pseudomonas_pqs	49
streptococcus_oralis	adhesion_collagen	44
streptococcus_oralis	fn_adhesin	41
streptococcus_oralis	pseudomonas_rhl	40
streptococcus_oralis	enterococcus_efaA	36
streptococcus_oralis	regulation_vicRK	35
streptococcus_oralis	biofilm_sasG	31
streptococcus_oralis	biofilm_ica	27
streptococcus_oralis	pg_hagA	21
streptococcus_oralis	enterococcus_fsr	12
streptococcus_oralis	adhesion_fbp	10
streptococcus_oralis	adhesion_fibronectin	10
streptococcus_oralis	biofilm_brpA	9
streptococcus_oralis	adhesion_clumping	6
streptococcus_oralis	pg_fimbriae	5
streptococcus_sanguinis	enterococcus_ace	1635
streptococcus_sanguinis	enterococcus_esp	713
streptococcus_sanguinis	biofilm_accumulation	704
streptococcus_sanguinis	adhesion_enolase	669
streptococcus_sanguinis	pseudomonas_pel	356
streptococcus_sanguinis	pseudomonas_pili	240
streptococcus_sanguinis	pg_gingipain	211
streptococcus_sanguinis	pseudomonas_las	192
streptococcus_sanguinis	pseudomonas_psl	187
streptococcus_sanguinis	pseudomonas_alg	131
streptococcus_sanguinis	td_virulence	127
streptococcus_sanguinis	streptococcus_spaP	99
streptococcus_sanguinis	adhesion_collagen	97
streptococcus_sanguinis	quorum_agr	78
streptococcus_sanguinis	streptococcus_gtf	77
streptococcus_sanguinis	adhesion_autolysin	72
streptococcus_sanguinis	biofilm_sasG	71
streptococcus_sanguinis	pseudomonas_pqs	68
streptococcus_sanguinis	competence_com	64
streptococcus_sanguinis	adhesion_sdr	63
streptococcus_sanguinis	enterococcus_efaA	60
streptococcus_sanguinis	enterococcus_gelE	59
streptococcus_sanguinis	biofilm_ica	47
streptococcus_sanguinis	pseudomonas_rhl	44
streptococcus_sanguinis	regulation_sarA	44
streptococcus_sanguinis	adhesion_fbp	37
streptococcus_sanguinis	sortase	36
streptococcus_sanguinis	fn_adhesin	29
streptococcus_sanguinis	regulation_vicRK	29
streptococcus_sanguinis	pg_fimbriae	16
streptococcus_sanguinis	biofilm_brpA	13
streptococcus_sanguinis	enterococcus_fsr	13
streptococcus_sanguinis	adhesion_fibronectin	12
streptococcus_sanguinis	pg_hagA	12
streptococcus_sanguinis	adhesion_clumping	9
streptococcus_sanguinis	streptococcus_gbp	4
tannerella_forsythia	enterococcus_ace	755
tannerella_forsythia	enterococcus_esp	496
tannerella_forsythia	adhesion_enolase	452
tannerella_forsythia	biofilm_accumulation	405
tannerella_forsythia	pseudomonas_pel	234
tannerella_forsythia	td_virulence	218
tannerella_forsythia	pg_gingipain	149
tannerella_forsythia	streptococcus_spaP	120
tannerella_forsythia	adhesion_collagen	117
tannerella_forsythia	quorum_agr	113
tannerella_forsythia	pseudomonas_psl	112
tannerella_forsythia	pseudomonas_alg	105
tannerella_forsythia	pseudomonas_las	92
tannerella_forsythia	fn_adhesin	85
tannerella_forsythia	pseudomonas_pqs	83
tannerella_forsythia	streptococcus_gtf	73
tannerella_forsythia	adhesion_sdr	70
tannerella_forsythia	adhesion_autolysin	68
tannerella_forsythia	enterococcus_gelE	64
tannerella_forsythia	pseudomonas_pili	54
tannerella_forsythia	biofilm_sasG	50
tannerella_forsythia	pseudomonas_rhl	44
tannerella_forsythia	biofilm_ica	43
tannerella_forsythia	enterococcus_fsr	36
tannerella_forsythia	regulation_sarA	33
tannerella_forsythia	sortase	25
tannerella_forsythia	enterococcus_efaA	23
tannerella_forsythia	adhesion_clumping	18
tannerella_forsythia	regulation_vicRK	18
tannerella_forsythia	adhesion_fibronectin	12
tannerella_forsythia	pg_hagA	9
tannerella_forsythia	competence_com	8
tannerella_forsythia	pg_fimbriae	6
tannerella_forsythia	tf_bspA	5
treponema_denticola	enterococcus_ace	999
treponema_denticola	adhesion_enolase	690
treponema_denticola	enterococcus_esp	658
treponema_denticola	biofilm_accumulation	614
treponema_denticola	pg_gingipain	340
treponema_denticola	td_virulence	318
treponema_denticola	pseudomonas_pel	242
treponema_denticola	pseudomonas_las	227
treponema_denticola	adhesion_collagen	176
treponema_denticola	streptococcus_spaP	172
treponema_denticola	pseudomonas_psl	150
treponema_denticola	pseudomonas_alg	147
treponema_denticola	pseudomonas_pili	144
treponema_denticola	biofilm_ica	112
treponema_denticola	biofilm_sasG	112
treponema_denticola	fn_adhesin	85
treponema_denticola	quorum_agr	79
treponema_denticola	pseudomonas_pqs	74
treponema_denticola	enterococcus_efaA	73
treponema_denticola	regulation_sarA	67
treponema_denticola	sortase	65
treponema_denticola	enterococcus_gelE	62
treponema_denticola	adhesion_sdr	57
treponema_denticola	adhesion_autolysin	46
treponema_denticola	streptococcus_gtf	43
treponema_denticola	regulation_vicRK	36
treponema_denticola	adhesion_fibronectin	30
treponema_denticola	enterococcus_fsr	28
treponema_denticola	pg_hagA	26
treponema_denticola	pseudomonas_rhl	24
treponema_denticola	adhesion_clumping	20
treponema_denticola	pg_fimbriae	14
treponema_denticola	competence_com	10
treponema_denticola	biofilm_bap	5
veillonella_parvula	enterococcus_ace	1016
veillonella_parvula	adhesion_enolase	753
veillonella_parvula	biofilm_accumulation	541
veillonella_parvula	enterococcus_esp	486
veillonella_parvula	pg_gingipain	296
veillonella_parvula	pseudomonas_pel	284
veillonella_parvula	td_virulence	205
veillonella_parvula	pseudomonas_las	203
veillonella_parvula	pseudomonas_pili	167
veillonella_parvula	pseudomonas_alg	165
veillonella_parvula	biofilm_ica	134
veillonella_parvula	pseudomonas_psl	121
veillonella_parvula	adhesion_collagen	111
veillonella_parvula	adhesion_autolysin	110
veillonella_parvula	streptococcus_spaP	94
veillonella_parvula	quorum_agr	86
veillonella_parvula	enterococcus_gelE	62
veillonella_parvula	biofilm_sasG	56
veillonella_parvula	streptococcus_gtf	54
veillonella_parvula	fn_adhesin	53
veillonella_parvula	adhesion_sdr	49
veillonella_parvula	pseudomonas_pqs	44
veillonella_parvula	regulation_sarA	42
veillonella_parvula	sortase	34
veillonella_parvula	pseudomonas_rhl	30
veillonella_parvula	biofilm_bap	25
veillonella_parvula	competence_com	24
veillonella_parvula	adhesion_fibronectin	19
veillonella_parvula	pg_fimbriae	19
veillonella_parvula	pg_hagA	19
veillonella_parvula	enterococcus_fsr	17
veillonella_parvula	regulation_vicRK	17
veillonella_parvula	enterococcus_efaA	15
veillonella_parvula	adhesion_fbp	10
veillonella_parvula	adhesion_clumping	2
