species_folder	biofilm_adhesion_hit_count
actinomyces_naeslundii	10464
corynebacterium_striatum	10171
cutibacterium_acnes	9142
enterococcus_faecalis	6880
streptococcus_sanguinis	6318
staphylococcus_haemolyticus	5964
staphylococcus_capitis	5959
treponema_denticola	5945
staphylococcus_epidermidis	5700
porphyromonas_gingivalis	5583
veillonella_parvula	5363
prevotella_intermedia	5258
streptococcus_oralis	5147
streptococcus_mitis	5089
streptococcus_anginosus	5024
fusobacterium_nucleatum	4525
tannerella_forsythia	4195
