species_folder	n_genomes	amr_hit_count	vfdb_hit_count	amr_hits_per_genome	vfdb_hits_per_genome
staphylococcus_haemolyticus	5	44	0	8.8	0.0
staphylococcus_capitis	5	32	0	6.4	0.0
corynebacterium_striatum	5	19	0	3.8	0.0
staphylococcus_epidermidis	5	18	1	3.6	0.2
enterococcus_faecalis	5	14	114	2.8	22.8
streptococcus_anginosus	5	13	0	2.6	0.0
streptococcus_mitis	5	8	9	1.6	1.8
streptococcus_oralis	5	7	21	1.4	4.2
prevotella_intermedia	5	5	0	1.0	0.0
fusobacterium_nucleatum	5	2	0	0.4	0.0
porphyromonas_gingivalis	5	2	0	0.4	0.0
streptococcus_sanguinis	5	2	0	0.4	0.0
tannerella_forsythia	3	1	0	0.3333333333333333	0.0
veillonella_parvula	5	1	0	0.2	0.0
actinomyces_naeslundii	4	0	0	0.0	0.0
cutibacterium_acnes	5	0	0	0.0	0.0
treponema_denticola	5	0	0	0.0	0.0
