genome_id	PC1	PC2	species_folder
actinomyces_naeslundii|GCF_016127855.1	-2.562881774389163	-0.4765364500761813	actinomyces_naeslundii
actinomyces_naeslundii|GCF_963265035.1	-0.3730484771468874	-1.6125068481149132	actinomyces_naeslundii
actinomyces_naeslundii|GCF_963340285.1	-0.37304847714688866	-1.6125068481149114	actinomyces_naeslundii
actinomyces_naeslundii|GCF_963340415.1	-0.3730484771468894	-1.6125068481149092	actinomyces_naeslundii
corynebacterium_striatum|GCF_002156805.1	-2.428624069020915	0.026250925650246212	corynebacterium_striatum
corynebacterium_striatum|GCF_002803965.1	-2.4286240690209153	0.026250925650249477	corynebacterium_striatum
corynebacterium_striatum|GCF_002804085.1	-2.4286240690209167	0.026250925650244877	corynebacterium_striatum
corynebacterium_striatum|GCF_016728105.1	-2.4286240690209167	0.026250925650247843	corynebacterium_striatum
corynebacterium_striatum|GCF_016728205.1	-2.428624069020916	0.02625092565024708	corynebacterium_striatum
cutibacterium_acnes|GCF_001281065.1	-1.7246685229621477	1.2507108514616	cutibacterium_acnes
cutibacterium_acnes|GCF_001469565.1	-0.450632061466331	0.7386397287337443	cutibacterium_acnes
cutibacterium_acnes|GCF_001469595.1	-0.450632061466331	0.7386397287337443	cutibacterium_acnes
cutibacterium_acnes|GCF_001469615.1	-0.450632061466331	0.7386397287337443	cutibacterium_acnes
cutibacterium_acnes|GCF_001469655.1	-0.450632061466331	0.7386397287337443	cutibacterium_acnes
enterococcus_faecalis|GCF_001598635.1	-0.9104991822858065	-3.6812981844125394	enterococcus_faecalis
enterococcus_faecalis|GCF_001689055.2	-1.6804946874379063	-6.483200701536737	enterococcus_faecalis
enterococcus_faecalis|GCF_001989555.1	-2.78329434308978	-6.177314237173992	enterococcus_faecalis
enterococcus_faecalis|GCF_002163735.1	-1.0087862769307414	-3.911621989512687	enterococcus_faecalis
enterococcus_faecalis|GCF_002208945.1	-0.9104991822858054	-3.6812981844125368	enterococcus_faecalis
fusobacterium_nucleatum|GCF_028621975.1	-0.6376348813717441	0.42062691778561945	fusobacterium_nucleatum
fusobacterium_nucleatum|GCF_028621995.1	-0.6376348813717441	0.42062691778561934	fusobacterium_nucleatum
fusobacterium_nucleatum|GCF_031191795.1	0.4651647742801283	0.11474045342286977	fusobacterium_nucleatum
fusobacterium_nucleatum|GCF_037889055.1	0.4651647742801283	0.11474045342286977	fusobacterium_nucleatum
fusobacterium_nucleatum|GCF_037889065.1	-1.7246685229621497	1.2507108514615997	fusobacterium_nucleatum
porphyromonas_gingivalis|GCF_001263815.1	-0.4506320614663307	0.7386397287337443	porphyromonas_gingivalis
porphyromonas_gingivalis|GCF_002753935.1	-0.4506320614663307	0.7386397287337443	porphyromonas_gingivalis
porphyromonas_gingivalis|GCF_002753955.1	-0.4506320614663307	0.7386397287337443	porphyromonas_gingivalis
porphyromonas_gingivalis|GCF_002753975.1	-0.4506320614663307	0.7386397287337443	porphyromonas_gingivalis
porphyromonas_gingivalis|GCF_002754015.1	-0.4506320614663307	0.7386397287337443	porphyromonas_gingivalis
prevotella_intermedia|GCF_001548195.1	-2.827468178614022	1.5565973158243511	prevotella_intermedia
prevotella_intermedia|GCF_001953935.1	-2.827468178614022	1.5565973158243511	prevotella_intermedia
prevotella_intermedia|GCF_002355195.1	-2.827468178614022	1.5565973158243511	prevotella_intermedia
prevotella_intermedia|GCF_002763535.1	-4.8060038522217035	3.080512600919187	prevotella_intermedia
prevotella_intermedia|GCF_002763575.1	-2.8274681786140214	1.5565973158243511	prevotella_intermedia
staphylococcus_capitis|GCF_002356175.1	0.9260745849916179	0.28546984328610975	staphylococcus_capitis
staphylococcus_capitis|GCF_002591175.1	0.9260745849916181	0.2854698432861095	staphylococcus_capitis
staphylococcus_capitis|GCF_013267675.1	0.9260745849916179	0.28546984328610964	staphylococcus_capitis
staphylococcus_capitis|GCF_015243435.1	0.9260745849916179	0.28546984328610964	staphylococcus_capitis
staphylococcus_capitis|GCF_020883475.1	0.9260745849916179	0.28546984328610947	staphylococcus_capitis
staphylococcus_epidermidis|GCF_000759555.1	0.9260745849916179	0.2854698432861095	staphylococcus_epidermidis
staphylococcus_epidermidis|GCF_001956655.1	0.9260745849916181	0.2854698432861094	staphylococcus_epidermidis
staphylococcus_epidermidis|GCF_002085695.1	0.9260745849916179	0.28546984328610947	staphylococcus_epidermidis
staphylococcus_epidermidis|GCF_002215535.1	0.9260745849916179	0.28546984328610947	staphylococcus_epidermidis
staphylococcus_epidermidis|GCF_006094375.1	0.9260745849916179	0.28546984328610947	staphylococcus_epidermidis
staphylococcus_haemolyticus|GCF_001611955.1	0.9260745849916179	0.28546984328610947	staphylococcus_haemolyticus
staphylococcus_haemolyticus|GCF_002906595.1	0.9260745849916179	0.28546984328610947	staphylococcus_haemolyticus
staphylococcus_haemolyticus|GCF_002906615.1	0.9260745849916179	0.28546984328610947	staphylococcus_haemolyticus
staphylococcus_haemolyticus|GCF_002952715.2	0.9260745849916179	0.28546984328610947	staphylococcus_haemolyticus
staphylococcus_haemolyticus|GCF_006094395.1	0.9260745849916179	0.28546984328610947	staphylococcus_haemolyticus
streptococcus_anginosus|GCF_000831165.1	1.4017362087491183	0.12272019395599393	streptococcus_anginosus
streptococcus_anginosus|GCF_001412635.1	2.673431891591213	0.12261264817184432	streptococcus_anginosus
streptococcus_anginosus|GCF_001697145.1	1.9025746466119855	-1.5930277094520886	streptococcus_anginosus
streptococcus_anginosus|GCF_008726365.3	1.4017362087491183	0.12272019395599393	streptococcus_anginosus
streptococcus_anginosus|GCF_900636475.1	3.878225875512849	-0.36867532942488607	streptococcus_anginosus
streptococcus_mitis|GCF_000722765.2	1.4017362087491183	0.12272019395599393	streptococcus_mitis
streptococcus_mitis|GCF_001281025.1	1.4017362087491183	0.12272019395599393	streptococcus_mitis
streptococcus_mitis|GCF_009730515.1	1.4017362087491183	0.12272019395599393	streptococcus_mitis
streptococcus_mitis|GCF_013305725.1	1.4017362087491183	0.12272019395599393	streptococcus_mitis
streptococcus_mitis|GCF_018603625.2	1.4017362087491183	0.12272019395599393	streptococcus_mitis
streptococcus_oralis|GCF_001983955.1	1.4017362087491183	0.12272019395599393	streptococcus_oralis
streptococcus_oralis|GCF_002386345.1	1.4017362087491183	0.12272019395599393	streptococcus_oralis
streptococcus_oralis|GCF_007475365.1	1.4017362087491183	0.12272019395599393	streptococcus_oralis
streptococcus_oralis|GCF_016028175.1	1.4017362087491183	0.12272019395599393	streptococcus_oralis
streptococcus_oralis|GCF_016028255.1	1.4017362087491183	0.12272019395599393	streptococcus_oralis
streptococcus_sanguinis|GCF_013343115.1	1.4017362087491183	0.12272019395599393	streptococcus_sanguinis
streptococcus_sanguinis|GCF_013378355.1	1.4017362087491183	0.12272019395599393	streptococcus_sanguinis
streptococcus_sanguinis|GCF_050220005.1	2.673431891591213	0.12261264817184432	streptococcus_sanguinis
streptococcus_sanguinis|GCF_050220455.1	2.673431891591213	0.12261264817184432	streptococcus_sanguinis
streptococcus_sanguinis|GCF_900475505.1	1.401736208749118	0.12272019395599393	streptococcus_sanguinis
tannerella_forsythia|GCF_000238215.1	-1.5534317171182044	1.0445261930964946	tannerella_forsythia
tannerella_forsythia|GCF_001547855.1	-0.450632061466331	0.7386397287337442	tannerella_forsythia
tannerella_forsythia|GCF_001547875.1	-0.450632061466331	0.7386397287337442	tannerella_forsythia
treponema_denticola|GCF_024181405.1	-0.450632061466331	0.7386397287337442	treponema_denticola
treponema_denticola|GCF_024181425.1	-0.450632061466331	0.7386397287337442	treponema_denticola
treponema_denticola|GCF_024181445.1	-0.450632061466331	0.7386397287337442	treponema_denticola
treponema_denticola|GCF_024181465.1	-0.2587802461290265	0.7022047115037134	treponema_denticola
treponema_denticola|GCF_024181485.1	-0.450632061466331	0.7386397287337442	treponema_denticola
veillonella_parvula|GCF_002005185.1	0.5227588842491849	-0.42448193953359054	veillonella_parvula
veillonella_parvula|GCF_016127175.1	0.6570165896174329	0.07830543619283949	veillonella_parvula
veillonella_parvula|GCF_031190775.1	0.5227588842491849	-0.42448193953359054	veillonella_parvula
veillonella_parvula|GCF_036456085.1	0.5227588842491849	-0.42448193953359054	veillonella_parvula
veillonella_parvula|GCF_900186885.1	0.6570165896174329	0.07830543619283949	veillonella_parvula
