Species	Number of genomes	AMR hits	VFDB hits	AMR hits/genome	VFDB hits/genome
Staphylococcus haemolyticus	5	44	0	8.8	0.0
Staphylococcus capitis	5	32	0	6.4	0.0
Corynebacterium striatum	5	19	0	3.8	0.0
Staphylococcus epidermidis	5	18	1	3.6	0.2
Enterococcus faecalis	5	14	114	2.8	22.8
Streptococcus anginosus	5	13	0	2.6	0.0
Streptococcus mitis	5	8	9	1.6	1.8
Streptococcus oralis	5	7	21	1.4	4.2
Prevotella intermedia	5	5	0	1.0	0.0
Fusobacterium nucleatum	5	2	0	0.4	0.0
Porphyromonas gingivalis	5	2	0	0.4	0.0
Streptococcus sanguinis	5	2	0	0.4	0.0
Tannerella forsythia	3	1	0	0.3333333333333333	0.0
Veillonella parvula	5	1	0	0.2	0.0
Actinomyces naeslundii	4	0	0	0.0	0.0
Cutibacterium acnes	5	0	0	0.0	0.0
Treponema denticola	5	0	0	0.0	0.0
