species_folder	accession	source_file	data/unzipped_genomes/enterococcus_faecalis/ncbi_dataset/data/GCF_001598635.1/GCF_001598635.1_ASM159863v1_genomic.fna	NZ_CP014949.1	50305	53769	+	ebpA	1-3465/3465	===============	0/0	100.00	99.60	vfdb	WP_154081516	(ebpA) endocarditis and biofilm-associated pilus tip protein EbpA [Ebp pili (VF0538) - Adherence (VFC0001)] [Enterococcus faecalis V583]	Unnamed: 14	data/unzipped_genomes/enterococcus_faecalis/ncbi_dataset/data/GCF_001689055.2/GCF_001689055.2_ASM168905v2_genomic.fna	NZ_CP015410.2	100503	104621	-	EF3023	1-4119/4119	98.76	WP_011109578	(EF3023) polysaccharide lyase family 8 [Hyaluronidase (VF0359) - Exoenzyme (VFC0251)] [Enterococcus faecalis V583]	data/unzipped_genomes/enterococcus_faecalis/ncbi_dataset/data/GCF_001989555.1/GCF_001989555.1_ASM198955v1_genomic.fna	NZ_CP019512.1	392947	396866	EF0485	1-3918/3918	========/======	3/4	99.97	95.15	WP_010710127	(EF0485) aggregation substance [AS (VF0352) - Adherence (VFC0001)] [Enterococcus faecalis V583]	data/unzipped_genomes/enterococcus_faecalis/ncbi_dataset/data/GCF_002163735.1/GCF_002163735.1_ASM216373v1_genomic.fna	NZ_CP015883.1	205766	206749	cylI	1-984/984	96.75	AAM75254	(cylI) cytolysin immunity protein [Cytolysin (VF0356) - Exotoxin (VFC0235)] [Enterococcus faecalis str. MMH594]	data/unzipped_genomes/enterococcus_faecalis/ncbi_dataset/data/GCF_002208945.1/GCF_002208945.1_ASM220894v2_genomic.fna	NZ_CP022059.1	1113475	1116489	EF0818	1-3015/3015	99.57	WP_002399773	(EF0818) polysaccharide lyase family 8 [Hyaluronidase (VF0359) - Exoenzyme (VFC0251)] [Enterococcus faecalis V583]	data/unzipped_genomes/staphylococcus_epidermidis/ncbi_dataset/data/GCF_001956655.1/GCF_001956655.1_ASM195665v2_genomic.fna	NZ_CP018842.1	545698	545805	hld	26-135/135	..======/======	3/6	78.52	83.93	WP_001823225	(hld) delta-hemolysin [Delta-hemolysin (VF0007) - Exotoxin (VFC0235)] [Staphylococcus aureus subsp. aureus MW2]	data/unzipped_genomes/streptococcus_mitis/ncbi_dataset/data/GCF_000722765.2/GCF_000722765.2_ASM72276v2_genomic.fna	NZ_CP028415.1	517817	518746	psaA	1-930/930	94.95	WP_000733059	(psaA) manganese ABC transporter manganese-binding adhesion liprotein [PsaA (VF0151) - Nutritional/Metabolic factor (VFC0272)] [Streptococcus pneumoniae TIGR4]	data/unzipped_genomes/streptococcus_mitis/ncbi_dataset/data/GCF_001281025.1/GCF_001281025.1_ASM128102v1_genomic.fna	NZ_CP012646.1	1455020	1456675	pavA	1-1656/1656	93.12	WP_000006706	(pavA) Fibronectin-binding protein-like protein A [PavA (VF0283) - Adherence (VFC0001)] [Streptococcus pneumoniae R6]	data/unzipped_genomes/streptococcus_mitis/ncbi_dataset/data/GCF_009730515.1/GCF_009730515.1_ASM973051v1_genomic.fna	NZ_CP046335.1	498459	499388	95.48	data/unzipped_genomes/streptococcus_mitis/ncbi_dataset/data/GCF_013305725.1/GCF_013305725.1_ASM1330572v1_genomic.fna	NZ_CP047883.1	1287504	1289159	93.90	data/unzipped_genomes/streptococcus_mitis/ncbi_dataset/data/GCF_018603625.2/GCF_018603625.2_ASM1860362v2_genomic.fna	NZ_CP190759.1	1148921	1150576	93.30	data/unzipped_genomes/streptococcus_oralis/ncbi_dataset/data/GCF_001983955.1/GCF_001983955.1_ASM198395v1_genomic.fna	NZ_CP019562.1	470371	471303	3/9	99.68	88.67	data/unzipped_genomes/streptococcus_oralis/ncbi_dataset/data/GCF_002386345.1/GCF_002386345.1_ASM238634v1_genomic.fna	NZ_CP023507.1	959168	959829	srtG2	55-716/787	.=============.	84.12	86.71	Unnamed: 12	(srtG2) surface protein cell wall anchor sortase_B family [PI-2 (VF0530) - Adherence (VFC0001)] [Streptococcus pneumoniae Taiwan19F-14]	data/unzipped_genomes/streptococcus_oralis/ncbi_dataset/data/GCF_007475365.1/GCF_007475365.1_ASM747536v1_genomic.fna	NZ_CP034442.1	709562	711217	88.89	data/unzipped_genomes/streptococcus_oralis/ncbi_dataset/data/GCF_016028175.1/GCF_016028175.1_ASM1602817v1_genomic.fna	NZ_CP065706.1	459547	460992	cps4A	1-1446/1446	99.79	91.51	WP_000091082	(cps4A) capsular polysaccharide biosynthesis protein Cps4A [Capsule (VF0144) - Immune modulation (VFC0258)] [Streptococcus pneumoniae TIGR4]	data/unzipped_genomes/streptococcus_oralis/ncbi_dataset/data/GCF_016028255.1/GCF_016028255.1_ASM1602825v1_genomic.fna	NZ_CP065707.1	746432	747877	89.21
enterococcus_faecalis	GCF_001598635.1	results/virulence/enterococcus_faecalis_GCF_001598635.1_vfdb.tsv	data/unzipped_genomes/enterococcus_faecalis/ncbi_dataset/data/GCF_001598635.1/GCF_001598635.1_ASM159863v1_genomic.fna	NZ_CP014949.1	53773.0	55203.0	+	ebpB	1-1431/1431	===============	0/0	100.0	99.23	vfdb	WP_002379309	(ebpB) endocarditis and biofilm-associated pilus minor subunit EbpB [Ebp pili (VF0538) - Adherence (VFC0001)] [Enterococcus faecalis V583]																																																																																																																												
enterococcus_faecalis	GCF_001598635.1	results/virulence/enterococcus_faecalis_GCF_001598635.1_vfdb.tsv	data/unzipped_genomes/enterococcus_faecalis/ncbi_dataset/data/GCF_001598635.1/GCF_001598635.1_ASM159863v1_genomic.fna	NZ_CP014949.1	55200.0	57083.0	+	ebpC	1-1878/1878	========/======	1/6	100.0	98.99	vfdb	WP_011109477	(ebpC) endocarditis and biofilm-associated pilus major subunit EbpC [Ebp pili (VF0538) - Adherence (VFC0001)] [Enterococcus faecalis V583]																																																																																																																												
enterococcus_faecalis	GCF_001598635.1	results/virulence/enterococcus_faecalis_GCF_001598635.1_vfdb.tsv	data/unzipped_genomes/enterococcus_faecalis/ncbi_dataset/data/GCF_001598635.1/GCF_001598635.1_ASM159863v1_genomic.fna	NZ_CP014949.1	57177.0	58021.0	+	srtC	1-845/855	===============	0/0	98.83	99.41	vfdb	WP_002379311	(srtC) sortase [Ebp pili (VF0538) - Adherence (VFC0001)] [Enterococcus faecalis V583]																																																																																																																												
enterococcus_faecalis	GCF_001598635.1	results/virulence/enterococcus_faecalis_GCF_001598635.1_vfdb.tsv	data/unzipped_genomes/enterococcus_faecalis/ncbi_dataset/data/GCF_001598635.1/GCF_001598635.1_ASM159863v1_genomic.fna	NZ_CP014949.1	61361.0	62800.0	+	ace	1-1440/2025	===========....	0/0	71.11	97.15	vfdb	WP_010714416	(ace) collagen adhesin protein [Ace (VF0355) - Adherence (VFC0001)] [Enterococcus faecalis V583]																																																																																																																												
enterococcus_faecalis	GCF_001598635.1	results/virulence/enterococcus_faecalis_GCF_001598635.1_vfdb.tsv	data/unzipped_genomes/enterococcus_faecalis/ncbi_dataset/data/GCF_001598635.1/GCF_001598635.1_ASM159863v1_genomic.fna	NZ_CP014949.1	722741.0	723595.0	-	sprE	1-855/855	===============	0/0	100.0	98.25	vfdb	WP_002369252	(sprE) serine proteinase V8 family [SprE (VF0358) - Exoenzyme (VFC0251)] [Enterococcus faecalis V583]																																																																																																																												
enterococcus_faecalis	GCF_001598635.1	results/virulence/enterococcus_faecalis_GCF_001598635.1_vfdb.tsv	data/unzipped_genomes/enterococcus_faecalis/ncbi_dataset/data/GCF_001598635.1/GCF_001598635.1_ASM159863v1_genomic.fna	NZ_CP014949.1	723644.0	725176.0	-	gelE	1-1533/1533	===============	0/0	100.0	98.96	vfdb	WP_002369251	(gelE) coccolysin [Gelatinase (VF0357) - Exoenzyme (VFC0251)] [Enterococcus faecalis V583]																																																																																																																												
enterococcus_faecalis	GCF_001598635.1	results/virulence/enterococcus_faecalis_GCF_001598635.1_vfdb.tsv	data/unzipped_genomes/enterococcus_faecalis/ncbi_dataset/data/GCF_001598635.1/GCF_001598635.1_ASM159863v1_genomic.fna	NZ_CP014949.1	725411.0	726494.0	-	fsrC	261-1344/1344	..=============	0/0	80.65	99.35	vfdb	WP_002386893	(fsrC) histidine kinase putative [Fsr (VF0360) - Biofilm (VFC0271)] [Enterococcus faecalis V583]																																																																																																																												
enterococcus_faecalis	GCF_001598635.1	results/virulence/enterococcus_faecalis_GCF_001598635.1_vfdb.tsv	data/unzipped_genomes/enterococcus_faecalis/ncbi_dataset/data/GCF_001598635.1/GCF_001598635.1_ASM159863v1_genomic.fna	NZ_CP014949.1	775731.0	778958.0	-	ecbA/fss3	1-3228/3228	===============	0/0	100.0	86.06	vfdb	WP_002286924	(ecbA/fss3) Collagen binding MSCRAMM EcbA/Fss3 [EcbA (VF0539) - Adherence (VFC0001)] [Enterococcus faecium DO]																																																																																																																												
enterococcus_faecalis	GCF_001598635.1	results/virulence/enterococcus_faecalis_GCF_001598635.1_vfdb.tsv	data/unzipped_genomes/enterococcus_faecalis/ncbi_dataset/data/GCF_001598635.1/GCF_001598635.1_ASM159863v1_genomic.fna	NZ_CP014949.1	911092.0	912018.0	+	efaA	1-927/927	===============	0/0	100.0	99.25	vfdb	WP_002356954	(efaA) endocarditis specific antigen [EfaA (VF0354) - Adherence (VFC0001)] [Enterococcus faecalis V583]																																																																																																																												
enterococcus_faecalis	GCF_001598635.1	results/virulence/enterococcus_faecalis_GCF_001598635.1_vfdb.tsv	data/unzipped_genomes/enterococcus_faecalis/ncbi_dataset/data/GCF_001598635.1/GCF_001598635.1_ASM159863v1_genomic.fna	NZ_CP014949.1	1170546.0	1171346.0	-	cpsB/cdsA	1-801/801	===============	0/0	100.0	99.0	vfdb	WP_002359680	(cpsB/cdsA) phosphatidate cytidylyltransferase [Capsule (VF0361) - Immune modulation (VFC0258)] [Enterococcus faecalis V583]																																																																																																																												
enterococcus_faecalis	GCF_001598635.1	results/virulence/enterococcus_faecalis_GCF_001598635.1_vfdb.tsv	data/unzipped_genomes/enterococcus_faecalis/ncbi_dataset/data/GCF_001598635.1/GCF_001598635.1_ASM159863v1_genomic.fna	NZ_CP014949.1	1171343.0	1172158.0	-	cpsA/uppS	1-816/816	===============	0/0	100.0	99.27	vfdb	WP_002362225	(cpsA/uppS) undecaprenyl diphosphate synthase [Capsule (VF0361) - Immune modulation (VFC0258)] [Enterococcus faecalis V583]																																																																																																																												
enterococcus_faecalis	GCF_001598635.1	results/virulence/enterococcus_faecalis_GCF_001598635.1_vfdb.tsv	data/unzipped_genomes/enterococcus_faecalis/ncbi_dataset/data/GCF_001598635.1/GCF_001598635.1_ASM159863v1_genomic.fna	NZ_CP014949.1	1604896.0	1608545.0	-	EF3023	1-3650/4119	==============.	0/0	88.61	99.18	vfdb	WP_011109578	(EF3023) polysaccharide lyase family 8 [Hyaluronidase (VF0359) - Exoenzyme (VFC0251)] [Enterococcus faecalis V583]																																																																																																																												
enterococcus_faecalis	GCF_001598635.1	results/virulence/enterococcus_faecalis_GCF_001598635.1_vfdb.tsv	data/unzipped_genomes/enterococcus_faecalis/ncbi_dataset/data/GCF_001598635.1/GCF_001598635.1_ASM159863v1_genomic.fna	NZ_CP014949.1	2709052.0	2710062.0	-	bopD	1-1011/1011	===============	0/0	100.0	99.21	vfdb	WP_002387027	(bopD) sugar-binding transcriptional regulator LacI family [BopD (VF0362) - Biofilm (VFC0271)] [Enterococcus faecalis V583]																																																																																																																												
enterococcus_faecalis	GCF_001689055.2	results/virulence/enterococcus_faecalis_GCF_001689055.2_vfdb.tsv								===============	0/0	99.97		vfdb				data/unzipped_genomes/enterococcus_faecalis/ncbi_dataset/data/GCF_001689055.2/GCF_001689055.2_ASM168905v2_genomic.fna	NZ_CP015410.2	667595.0	671511.0	-	EF0485	2-3918/3918	95.76	WP_010710127	(EF0485) aggregation substance [AS (VF0352) - Adherence (VFC0001)] [Enterococcus faecalis V583]																																																																																																																	
enterococcus_faecalis	GCF_001689055.2	results/virulence/enterococcus_faecalis_GCF_001689055.2_vfdb.tsv								===============	0/0	100.0		vfdb				data/unzipped_genomes/enterococcus_faecalis/ncbi_dataset/data/GCF_001689055.2/GCF_001689055.2_ASM168905v2_genomic.fna	NZ_CP015410.2	1402805.0	1403815.0	-	bopD	1-1011/1011	99.21	WP_002387027	(bopD) sugar-binding transcriptional regulator LacI family [BopD (VF0362) - Biofilm (VFC0271)] [Enterococcus faecalis V583]																																																																																																																	
enterococcus_faecalis	GCF_001689055.2	results/virulence/enterococcus_faecalis_GCF_001689055.2_vfdb.tsv								===============	0/0	100.0		vfdb				data/unzipped_genomes/enterococcus_faecalis/ncbi_dataset/data/GCF_001689055.2/GCF_001689055.2_ASM168905v2_genomic.fna	NZ_CP015410.2	1609570.0	1613034.0	+	ebpA	1-3465/3465	99.28	WP_154081516	(ebpA) endocarditis and biofilm-associated pilus tip protein EbpA [Ebp pili (VF0538) - Adherence (VFC0001)] [Enterococcus faecalis V583]																																																																																																																	
enterococcus_faecalis	GCF_001689055.2	results/virulence/enterococcus_faecalis_GCF_001689055.2_vfdb.tsv								===============	0/0	100.0		vfdb				data/unzipped_genomes/enterococcus_faecalis/ncbi_dataset/data/GCF_001689055.2/GCF_001689055.2_ASM168905v2_genomic.fna	NZ_CP015410.2	1613038.0	1614468.0	+	ebpB	1-1431/1431	99.09	WP_002379309	(ebpB) endocarditis and biofilm-associated pilus minor subunit EbpB [Ebp pili (VF0538) - Adherence (VFC0001)] [Enterococcus faecalis V583]																																																																																																																	
enterococcus_faecalis	GCF_001689055.2	results/virulence/enterococcus_faecalis_GCF_001689055.2_vfdb.tsv								========/======	1/6	100.0		vfdb				data/unzipped_genomes/enterococcus_faecalis/ncbi_dataset/data/GCF_001689055.2/GCF_001689055.2_ASM168905v2_genomic.fna	NZ_CP015410.2	1614465.0	1616348.0	+	ebpC	1-1878/1878	98.99	WP_011109477	(ebpC) endocarditis and biofilm-associated pilus major subunit EbpC [Ebp pili (VF0538) - Adherence (VFC0001)] [Enterococcus faecalis V583]																																																																																																																	
enterococcus_faecalis	GCF_001689055.2	results/virulence/enterococcus_faecalis_GCF_001689055.2_vfdb.tsv								===============	0/0	98.83		vfdb				data/unzipped_genomes/enterococcus_faecalis/ncbi_dataset/data/GCF_001689055.2/GCF_001689055.2_ASM168905v2_genomic.fna	NZ_CP015410.2	1616442.0	1617286.0	+	srtC	1-845/855	99.29	WP_002379311	(srtC) sortase [Ebp pili (VF0538) - Adherence (VFC0001)] [Enterococcus faecalis V583]																																																																																																																	
enterococcus_faecalis	GCF_001689055.2	results/virulence/enterococcus_faecalis_GCF_001689055.2_vfdb.tsv								===============	0/0	100.0		vfdb				data/unzipped_genomes/enterococcus_faecalis/ncbi_dataset/data/GCF_001689055.2/GCF_001689055.2_ASM168905v2_genomic.fna	NZ_CP015410.2	1622965.0	1624989.0	+	ace	1-2025/2025	97.63	WP_010714416	(ace) collagen adhesin protein [Ace (VF0355) - Adherence (VFC0001)] [Enterococcus faecalis V583]																																																																																																																	
enterococcus_faecalis	GCF_001689055.2	results/virulence/enterococcus_faecalis_GCF_001689055.2_vfdb.tsv								===============	0/0	100.0		vfdb				data/unzipped_genomes/enterococcus_faecalis/ncbi_dataset/data/GCF_001689055.2/GCF_001689055.2_ASM168905v2_genomic.fna	NZ_CP015410.2	2274137.0	2274991.0	-	sprE	1-855/855	98.25	WP_002369252	(sprE) serine proteinase V8 family [SprE (VF0358) - Exoenzyme (VFC0251)] [Enterococcus faecalis V583]																																																																																																																	
enterococcus_faecalis	GCF_001689055.2	results/virulence/enterococcus_faecalis_GCF_001689055.2_vfdb.tsv								===============	0/0	100.0		vfdb				data/unzipped_genomes/enterococcus_faecalis/ncbi_dataset/data/GCF_001689055.2/GCF_001689055.2_ASM168905v2_genomic.fna	NZ_CP015410.2	2275040.0	2276572.0	-	gelE	1-1533/1533	99.02	WP_002369251	(gelE) coccolysin [Gelatinase (VF0357) - Exoenzyme (VFC0251)] [Enterococcus faecalis V583]																																																																																																																	
enterococcus_faecalis	GCF_001689055.2	results/virulence/enterococcus_faecalis_GCF_001689055.2_vfdb.tsv								===============	0/0	100.0		vfdb				data/unzipped_genomes/enterococcus_faecalis/ncbi_dataset/data/GCF_001689055.2/GCF_001689055.2_ASM168905v2_genomic.fna	NZ_CP015410.2	2276807.0	2278150.0	-	fsrC	1-1344/1344	99.26	WP_002386893	(fsrC) histidine kinase putative [Fsr (VF0360) - Biofilm (VFC0271)] [Enterococcus faecalis V583]																																																																																																																	
enterococcus_faecalis	GCF_001689055.2	results/virulence/enterococcus_faecalis_GCF_001689055.2_vfdb.tsv								===============	0/0	100.0		vfdb				data/unzipped_genomes/enterococcus_faecalis/ncbi_dataset/data/GCF_001689055.2/GCF_001689055.2_ASM168905v2_genomic.fna	NZ_CP015410.2	2278147.0	2278875.0	-	fsrB	1-729/729	99.45	WP_002369249	(fsrB) agrBfs protein [Fsr (VF0360) - Biofilm (VFC0271)] [Enterococcus faecalis V583]																																																																																																																	
enterococcus_faecalis	GCF_001689055.2	results/virulence/enterococcus_faecalis_GCF_001689055.2_vfdb.tsv								===============	0/0	100.0		vfdb				data/unzipped_genomes/enterococcus_faecalis/ncbi_dataset/data/GCF_001689055.2/GCF_001689055.2_ASM168905v2_genomic.fna	NZ_CP015410.2	2278964.0	2279695.0	-	fsrA	1-732/732	99.59	WP_011109506	(fsrA) response regulator [Fsr (VF0360) - Biofilm (VFC0271)] [Enterococcus faecalis V583]																																																																																																																	
enterococcus_faecalis	GCF_001689055.2	results/virulence/enterococcus_faecalis_GCF_001689055.2_vfdb.tsv								===============	0/0	100.0		vfdb				data/unzipped_genomes/enterococcus_faecalis/ncbi_dataset/data/GCF_001689055.2/GCF_001689055.2_ASM168905v2_genomic.fna	NZ_CP015410.2	2403217.0	2404143.0	+	efaA	1-927/927	99.57	WP_002356954	(efaA) endocarditis specific antigen [EfaA (VF0354) - Adherence (VFC0001)] [Enterococcus faecalis V583]																																																																																																																	
enterococcus_faecalis	GCF_001689055.2	results/virulence/enterococcus_faecalis_GCF_001689055.2_vfdb.tsv								===============	0/0	100.0		vfdb				data/unzipped_genomes/enterococcus_faecalis/ncbi_dataset/data/GCF_001689055.2/GCF_001689055.2_ASM168905v2_genomic.fna	NZ_CP015410.2	2910922.0	2911737.0	+	cpsA/uppS	1-816/816	99.88	WP_002362225	(cpsA/uppS) undecaprenyl diphosphate synthase [Capsule (VF0361) - Immune modulation (VFC0258)] [Enterococcus faecalis V583]																																																																																																																	
enterococcus_faecalis	GCF_001689055.2	results/virulence/enterococcus_faecalis_GCF_001689055.2_vfdb.tsv								===============	0/0	100.0		vfdb				data/unzipped_genomes/enterococcus_faecalis/ncbi_dataset/data/GCF_001689055.2/GCF_001689055.2_ASM168905v2_genomic.fna	NZ_CP015410.2	2911734.0	2912534.0	+	cpsB/cdsA	1-801/801	99.38	WP_002359680	(cpsB/cdsA) phosphatidate cytidylyltransferase [Capsule (VF0361) - Immune modulation (VFC0258)] [Enterococcus faecalis V583]																																																																																																																	
enterococcus_faecalis	GCF_001689055.2	results/virulence/enterococcus_faecalis_GCF_001689055.2_vfdb.tsv								===============	0/0	100.0		vfdb				data/unzipped_genomes/enterococcus_faecalis/ncbi_dataset/data/GCF_001689055.2/GCF_001689055.2_ASM168905v2_genomic.fna	NZ_CP015410.2	2913007.0	2914176.0	+	cpsC	1-1170/1170	99.66	WP_002362618	(cpsC) teichoic acid biosynthesis protein putative [Capsule (VF0361) - Immune modulation (VFC0258)] [Enterococcus faecalis V583]																																																																																																																	
enterococcus_faecalis	GCF_001689055.2	results/virulence/enterococcus_faecalis_GCF_001689055.2_vfdb.tsv								===============	0/0	100.0		vfdb				data/unzipped_genomes/enterococcus_faecalis/ncbi_dataset/data/GCF_001689055.2/GCF_001689055.2_ASM168905v2_genomic.fna	NZ_CP015410.2	2914195.0	2915661.0	+	cpsD	1-1467/1467	98.77	WP_002370472	(cpsD) glycosyl transferase group 2 family protein [Capsule (VF0361) - Immune modulation (VFC0258)] [Enterococcus faecalis V583]																																																																																																																	
enterococcus_faecalis	GCF_001689055.2	results/virulence/enterococcus_faecalis_GCF_001689055.2_vfdb.tsv								...============	0/0	76.14		vfdb				data/unzipped_genomes/enterococcus_faecalis/ncbi_dataset/data/GCF_001689055.2/GCF_001689055.2_ASM168905v2_genomic.fna	NZ_CP015410.2	2917397.0	2919308.0	+	cpsE	599-2510/2511	99.16	WP_002387129	(cpsE) glycosyl transferase group 2 family protein [Capsule (VF0361) - Immune modulation (VFC0258)] [Enterococcus faecalis V583]																																																																																																																	
enterococcus_faecalis	GCF_001689055.2	results/virulence/enterococcus_faecalis_GCF_001689055.2_vfdb.tsv								===============	0/0	100.0		vfdb				data/unzipped_genomes/enterococcus_faecalis/ncbi_dataset/data/GCF_001689055.2/GCF_001689055.2_ASM168905v2_genomic.fna	NZ_CP015410.2	2919378.0	2921831.0	+	cpsG	1-2454/2454	99.76	WP_002359685	(cpsG) MurB family protein [Capsule (VF0361) - Immune modulation (VFC0258)] [Enterococcus faecalis V583]																																																																																																																	
enterococcus_faecalis	GCF_001689055.2	results/virulence/enterococcus_faecalis_GCF_001689055.2_vfdb.tsv								===============	0/0	100.0		vfdb				data/unzipped_genomes/enterococcus_faecalis/ncbi_dataset/data/GCF_001689055.2/GCF_001689055.2_ASM168905v2_genomic.fna	NZ_CP015410.2	2921849.0	2922247.0	+	cpsH	1-399/399	99.75	WP_002387128	(cpsH) lipoprotein [Capsule (VF0361) - Immune modulation (VFC0258)] [Enterococcus faecalis V583]																																																																																																																	
enterococcus_faecalis	GCF_001689055.2	results/virulence/enterococcus_faecalis_GCF_001689055.2_vfdb.tsv								===============	0/0	100.0		vfdb				data/unzipped_genomes/enterococcus_faecalis/ncbi_dataset/data/GCF_001689055.2/GCF_001689055.2_ASM168905v2_genomic.fna	NZ_CP015410.2	2922306.0	2923445.0	+	cpsI	1-1140/1140	99.65	WP_002376666	(cpsI) UDP-galactopyranose mutase [Capsule (VF0361) - Immune modulation (VFC0258)] [Enterococcus faecalis V583]																																																																																																																	
enterococcus_faecalis	GCF_001689055.2	results/virulence/enterococcus_faecalis_GCF_001689055.2_vfdb.tsv								===============	0/0	100.0		vfdb				data/unzipped_genomes/enterococcus_faecalis/ncbi_dataset/data/GCF_001689055.2/GCF_001689055.2_ASM168905v2_genomic.fna	NZ_CP015410.2	2923429.0	2924814.0	+	cpsJ	1-1386/1386	99.06	WP_002387127	(cpsJ) ABC transporter ATP-binding protein [Capsule (VF0361) - Immune modulation (VFC0258)] [Enterococcus faecalis V583]																																																																																																																	
enterococcus_faecalis	GCF_001989555.1	results/virulence/enterococcus_faecalis_GCF_001989555.1_vfdb.tsv					-							vfdb														data/unzipped_genomes/enterococcus_faecalis/ncbi_dataset/data/GCF_001989555.1/GCF_001989555.1_ASM198955v1_genomic.fna	NZ_CP019512.1	429564.0	429764.0	cylR2	1-201/201	===============	0/0	100.0	99.5	AAM75247	(cylR2) cytolysin regulator R2 [Cytolysin (VF0356) - Exotoxin (VFC0235)] [Enterococcus faecalis str. MMH594]																																																																																																					
enterococcus_faecalis	GCF_001989555.1	results/virulence/enterococcus_faecalis_GCF_001989555.1_vfdb.tsv					-							vfdb														data/unzipped_genomes/enterococcus_faecalis/ncbi_dataset/data/GCF_001989555.1/GCF_001989555.1_ASM198955v1_genomic.fna	NZ_CP019512.1	429765.0	430049.0	cylR1	1-285/285	===============	0/0	100.0	98.6	AAM75248	(cylR1) cytolysin regulator R1 [Cytolysin (VF0356) - Exotoxin (VFC0235)] [Enterococcus faecalis str. MMH594]																																																																																																					
enterococcus_faecalis	GCF_001989555.1	results/virulence/enterococcus_faecalis_GCF_001989555.1_vfdb.tsv					+							vfdb														data/unzipped_genomes/enterococcus_faecalis/ncbi_dataset/data/GCF_001989555.1/GCF_001989555.1_ASM198955v1_genomic.fna	NZ_CP019512.1	430168.0	430374.0	cylL	1-207/207	===============	0/0	100.0	99.52	AAM75249	(cylL) CylL; cytolysin subunit [Cytolysin (VF0356) - Exotoxin (VFC0235)] [Enterococcus faecalis str. MMH594]																																																																																																					
enterococcus_faecalis	GCF_001989555.1	results/virulence/enterococcus_faecalis_GCF_001989555.1_vfdb.tsv					+							vfdb														data/unzipped_genomes/enterococcus_faecalis/ncbi_dataset/data/GCF_001989555.1/GCF_001989555.1_ASM198955v1_genomic.fna	NZ_CP019512.1	430408.0	430599.0	cylS	1-192/192	===============	0/0	100.0	99.48	AAM75250	(cylS) CylS; cytolysin subunit [Cytolysin (VF0356) - Exotoxin (VFC0235)] [Enterococcus faecalis str. MMH594]																																																																																																					
enterococcus_faecalis	GCF_001989555.1	results/virulence/enterococcus_faecalis_GCF_001989555.1_vfdb.tsv					+							vfdb														data/unzipped_genomes/enterococcus_faecalis/ncbi_dataset/data/GCF_001989555.1/GCF_001989555.1_ASM198955v1_genomic.fna	NZ_CP019512.1	430660.0	433641.0	cylM	1-2982/2982	===============	0/0	100.0	98.76	AAM75251	(cylM) CylM; cytolysin subunit modifier [Cytolysin (VF0356) - Exotoxin (VFC0235)] [Enterococcus faecalis str. MMH594]																																																																																																					
enterococcus_faecalis	GCF_001989555.1	results/virulence/enterococcus_faecalis_GCF_001989555.1_vfdb.tsv					+							vfdb														data/unzipped_genomes/enterococcus_faecalis/ncbi_dataset/data/GCF_001989555.1/GCF_001989555.1_ASM198955v1_genomic.fna	NZ_CP019512.1	437126.0	438364.0	cylA	1-1239/1239	===============	0/0	100.0	98.87	AAM75253	(cylA) cytolysin activator [Cytolysin (VF0356) - Exotoxin (VFC0235)] [Enterococcus faecalis str. MMH594]																																																																																																					
enterococcus_faecalis	GCF_001989555.1	results/virulence/enterococcus_faecalis_GCF_001989555.1_vfdb.tsv					+							vfdb														data/unzipped_genomes/enterococcus_faecalis/ncbi_dataset/data/GCF_001989555.1/GCF_001989555.1_ASM198955v1_genomic.fna	NZ_CP019512.1	438365.0	439348.0	cylI	1-984/984	===============	0/0	100.0	97.15	AAM75254	(cylI) cytolysin immunity protein [Cytolysin (VF0356) - Exotoxin (VFC0235)] [Enterococcus faecalis str. MMH594]																																																																																																					
enterococcus_faecalis	GCF_001989555.1	results/virulence/enterococcus_faecalis_GCF_001989555.1_vfdb.tsv					+							vfdb														data/unzipped_genomes/enterococcus_faecalis/ncbi_dataset/data/GCF_001989555.1/GCF_001989555.1_ASM198955v1_genomic.fna	NZ_CP019512.1	458404.0	463122.0	esp	1-4719/5622	=============..	0/0	83.94	99.6	AAD09858	(esp) Enterococcal surface protein; Esp [Esp (VF0353) - Adherence (VFC0001)] [Enterococcus faecalis str. MMH594]																																																																																																					
enterococcus_faecalis	GCF_001989555.1	results/virulence/enterococcus_faecalis_GCF_001989555.1_vfdb.tsv					+							vfdb														data/unzipped_genomes/enterococcus_faecalis/ncbi_dataset/data/GCF_001989555.1/GCF_001989555.1_ASM198955v1_genomic.fna	NZ_CP019512.1	755313.0	758327.0	EF0818	1-3015/3015	===============	0/0	100.0	99.14	WP_002399773	(EF0818) polysaccharide lyase family 8 [Hyaluronidase (VF0359) - Exoenzyme (VFC0251)] [Enterococcus faecalis V583]																																																																																																					
enterococcus_faecalis	GCF_001989555.1	results/virulence/enterococcus_faecalis_GCF_001989555.1_vfdb.tsv					-							vfdb														data/unzipped_genomes/enterococcus_faecalis/ncbi_dataset/data/GCF_001989555.1/GCF_001989555.1_ASM198955v1_genomic.fna	NZ_CP019512.1	890971.0	891981.0	bopD	1-1011/1011	===============	0/0	100.0	99.01	WP_002387027	(bopD) sugar-binding transcriptional regulator LacI family [BopD (VF0362) - Biofilm (VFC0271)] [Enterococcus faecalis V583]																																																																																																					
enterococcus_faecalis	GCF_001989555.1	results/virulence/enterococcus_faecalis_GCF_001989555.1_vfdb.tsv					+							vfdb														data/unzipped_genomes/enterococcus_faecalis/ncbi_dataset/data/GCF_001989555.1/GCF_001989555.1_ASM198955v1_genomic.fna	NZ_CP019512.1	1071337.0	1074801.0	ebpA	1-3465/3465	===============	0/0	100.0	99.13	WP_154081516	(ebpA) endocarditis and biofilm-associated pilus tip protein EbpA [Ebp pili (VF0538) - Adherence (VFC0001)] [Enterococcus faecalis V583]																																																																																																					
enterococcus_faecalis	GCF_001989555.1	results/virulence/enterococcus_faecalis_GCF_001989555.1_vfdb.tsv					+							vfdb														data/unzipped_genomes/enterococcus_faecalis/ncbi_dataset/data/GCF_001989555.1/GCF_001989555.1_ASM198955v1_genomic.fna	NZ_CP019512.1	1074805.0	1076235.0	ebpB	1-1431/1431	===============	0/0	100.0	99.16	WP_002379309	(ebpB) endocarditis and biofilm-associated pilus minor subunit EbpB [Ebp pili (VF0538) - Adherence (VFC0001)] [Enterococcus faecalis V583]																																																																																																					
enterococcus_faecalis	GCF_001989555.1	results/virulence/enterococcus_faecalis_GCF_001989555.1_vfdb.tsv					+							vfdb														data/unzipped_genomes/enterococcus_faecalis/ncbi_dataset/data/GCF_001989555.1/GCF_001989555.1_ASM198955v1_genomic.fna	NZ_CP019512.1	1076232.0	1078115.0	ebpC	1-1878/1878	========/======	1/6	100.0	98.94	WP_011109477	(ebpC) endocarditis and biofilm-associated pilus major subunit EbpC [Ebp pili (VF0538) - Adherence (VFC0001)] [Enterococcus faecalis V583]																																																																																																					
enterococcus_faecalis	GCF_001989555.1	results/virulence/enterococcus_faecalis_GCF_001989555.1_vfdb.tsv					+							vfdb														data/unzipped_genomes/enterococcus_faecalis/ncbi_dataset/data/GCF_001989555.1/GCF_001989555.1_ASM198955v1_genomic.fna	NZ_CP019512.1	1078209.0	1079052.0	srtC	1-844/855	===============	0/0	98.71	99.41	WP_002379311	(srtC) sortase [Ebp pili (VF0538) - Adherence (VFC0001)] [Enterococcus faecalis V583]																																																																																																					
enterococcus_faecalis	GCF_001989555.1	results/virulence/enterococcus_faecalis_GCF_001989555.1_vfdb.tsv					+							vfdb														data/unzipped_genomes/enterococcus_faecalis/ncbi_dataset/data/GCF_001989555.1/GCF_001989555.1_ASM198955v1_genomic.fna	NZ_CP019512.1	1085338.0	1087362.0	ace	1-2025/2025	===============	0/0	100.0	97.28	WP_010714416	(ace) collagen adhesin protein [Ace (VF0355) - Adherence (VFC0001)] [Enterococcus faecalis V583]																																																																																																					
enterococcus_faecalis	GCF_001989555.1	results/virulence/enterococcus_faecalis_GCF_001989555.1_vfdb.tsv					-							vfdb														data/unzipped_genomes/enterococcus_faecalis/ncbi_dataset/data/GCF_001989555.1/GCF_001989555.1_ASM198955v1_genomic.fna	NZ_CP019512.1	1733931.0	1734785.0	sprE	1-855/855	===============	0/0	100.0	98.25	WP_002369252	(sprE) serine proteinase V8 family [SprE (VF0358) - Exoenzyme (VFC0251)] [Enterococcus faecalis V583]																																																																																																					
enterococcus_faecalis	GCF_001989555.1	results/virulence/enterococcus_faecalis_GCF_001989555.1_vfdb.tsv					-							vfdb														data/unzipped_genomes/enterococcus_faecalis/ncbi_dataset/data/GCF_001989555.1/GCF_001989555.1_ASM198955v1_genomic.fna	NZ_CP019512.1	1734834.0	1736366.0	gelE	1-1533/1533	===============	0/0	100.0	98.96	WP_002369251	(gelE) coccolysin [Gelatinase (VF0357) - Exoenzyme (VFC0251)] [Enterococcus faecalis V583]																																																																																																					
enterococcus_faecalis	GCF_001989555.1	results/virulence/enterococcus_faecalis_GCF_001989555.1_vfdb.tsv					-							vfdb														data/unzipped_genomes/enterococcus_faecalis/ncbi_dataset/data/GCF_001989555.1/GCF_001989555.1_ASM198955v1_genomic.fna	NZ_CP019512.1	1736601.0	1737684.0	fsrC	261-1344/1344	..=============	0/0	80.65	99.35	WP_002386893	(fsrC) histidine kinase putative [Fsr (VF0360) - Biofilm (VFC0271)] [Enterococcus faecalis V583]																																																																																																					
enterococcus_faecalis	GCF_001989555.1	results/virulence/enterococcus_faecalis_GCF_001989555.1_vfdb.tsv					-							vfdb														data/unzipped_genomes/enterococcus_faecalis/ncbi_dataset/data/GCF_001989555.1/GCF_001989555.1_ASM198955v1_genomic.fna	NZ_CP019512.1	1785962.0	1789189.0	ecbA/fss3	1-3228/3228	===============	0/0	100.0	86.12	WP_002286924	(ecbA/fss3) Collagen binding MSCRAMM EcbA/Fss3 [EcbA (VF0539) - Adherence (VFC0001)] [Enterococcus faecium DO]																																																																																																					
enterococcus_faecalis	GCF_001989555.1	results/virulence/enterococcus_faecalis_GCF_001989555.1_vfdb.tsv					+							vfdb														data/unzipped_genomes/enterococcus_faecalis/ncbi_dataset/data/GCF_001989555.1/GCF_001989555.1_ASM198955v1_genomic.fna	NZ_CP019512.1	1905131.0	1906057.0	efaA	1-927/927	===============	0/0	100.0	99.57	WP_002356954	(efaA) endocarditis specific antigen [EfaA (VF0354) - Adherence (VFC0001)] [Enterococcus faecalis V583]																																																																																																					
enterococcus_faecalis	GCF_001989555.1	results/virulence/enterococcus_faecalis_GCF_001989555.1_vfdb.tsv					-							vfdb														data/unzipped_genomes/enterococcus_faecalis/ncbi_dataset/data/GCF_001989555.1/GCF_001989555.1_ASM198955v1_genomic.fna	NZ_CP019512.1	2120051.0	2123275.0	ecbA/fss3	1-3228/3228	========/======	3/7	99.85	83.75	WP_002286924	(ecbA/fss3) Collagen binding MSCRAMM EcbA/Fss3 [EcbA (VF0539) - Adherence (VFC0001)] [Enterococcus faecium DO]																																																																																																					
enterococcus_faecalis	GCF_001989555.1	results/virulence/enterococcus_faecalis_GCF_001989555.1_vfdb.tsv					-							vfdb														data/unzipped_genomes/enterococcus_faecalis/ncbi_dataset/data/GCF_001989555.1/GCF_001989555.1_ASM198955v1_genomic.fna	NZ_CP019512.1	2259271.0	2260083.0	cpsK	1-813/813	===============	0/0	100.0	99.75	WP_002362627	(cpsK) ABC transporter permease protein [Capsule (VF0361) - Immune modulation (VFC0258)] [Enterococcus faecalis V583]																																																																																																					
enterococcus_faecalis	GCF_001989555.1	results/virulence/enterococcus_faecalis_GCF_001989555.1_vfdb.tsv					-							vfdb														data/unzipped_genomes/enterococcus_faecalis/ncbi_dataset/data/GCF_001989555.1/GCF_001989555.1_ASM198955v1_genomic.fna	NZ_CP019512.1	2260083.0	2261468.0	cpsJ	1-1386/1386	===============	0/0	100.0	99.5	WP_002387127	(cpsJ) ABC transporter ATP-binding protein [Capsule (VF0361) - Immune modulation (VFC0258)] [Enterococcus faecalis V583]																																																																																																					
enterococcus_faecalis	GCF_001989555.1	results/virulence/enterococcus_faecalis_GCF_001989555.1_vfdb.tsv					-							vfdb														data/unzipped_genomes/enterococcus_faecalis/ncbi_dataset/data/GCF_001989555.1/GCF_001989555.1_ASM198955v1_genomic.fna	NZ_CP019512.1	2261452.0	2262591.0	cpsI	1-1140/1140	===============	0/0	100.0	99.56	WP_002376666	(cpsI) UDP-galactopyranose mutase [Capsule (VF0361) - Immune modulation (VFC0258)] [Enterococcus faecalis V583]																																																																																																					
enterococcus_faecalis	GCF_001989555.1	results/virulence/enterococcus_faecalis_GCF_001989555.1_vfdb.tsv					-							vfdb														data/unzipped_genomes/enterococcus_faecalis/ncbi_dataset/data/GCF_001989555.1/GCF_001989555.1_ASM198955v1_genomic.fna	NZ_CP019512.1	2262650.0	2263048.0	cpsH	1-399/399	===============	0/0	100.0	99.5	WP_002387128	(cpsH) lipoprotein [Capsule (VF0361) - Immune modulation (VFC0258)] [Enterococcus faecalis V583]																																																																																																					
enterococcus_faecalis	GCF_001989555.1	results/virulence/enterococcus_faecalis_GCF_001989555.1_vfdb.tsv					-							vfdb														data/unzipped_genomes/enterococcus_faecalis/ncbi_dataset/data/GCF_001989555.1/GCF_001989555.1_ASM198955v1_genomic.fna	NZ_CP019512.1	2263066.0	2265519.0	cpsG	1-2454/2454	===============	0/0	100.0	99.72	WP_002359685	(cpsG) MurB family protein [Capsule (VF0361) - Immune modulation (VFC0258)] [Enterococcus faecalis V583]																																																																																																					
enterococcus_faecalis	GCF_001989555.1	results/virulence/enterococcus_faecalis_GCF_001989555.1_vfdb.tsv					-							vfdb														data/unzipped_genomes/enterococcus_faecalis/ncbi_dataset/data/GCF_001989555.1/GCF_001989555.1_ASM198955v1_genomic.fna	NZ_CP019512.1	2265546.0	2266397.0	cpsF	1-852/852	===============	0/0	100.0	99.65	WP_002367100	(cpsF) CpsF protein [Capsule (VF0361) - Immune modulation (VFC0258)] [Enterococcus faecalis V583]																																																																																																					
enterococcus_faecalis	GCF_001989555.1	results/virulence/enterococcus_faecalis_GCF_001989555.1_vfdb.tsv					-							vfdb														data/unzipped_genomes/enterococcus_faecalis/ncbi_dataset/data/GCF_001989555.1/GCF_001989555.1_ASM198955v1_genomic.fna	NZ_CP019512.1	2266421.0	2268931.0	cpsE	1-2511/2511	===============	0/0	100.0	99.84	WP_002387129	(cpsE) glycosyl transferase group 2 family protein [Capsule (VF0361) - Immune modulation (VFC0258)] [Enterococcus faecalis V583]																																																																																																					
enterococcus_faecalis	GCF_001989555.1	results/virulence/enterococcus_faecalis_GCF_001989555.1_vfdb.tsv					-							vfdb														data/unzipped_genomes/enterococcus_faecalis/ncbi_dataset/data/GCF_001989555.1/GCF_001989555.1_ASM198955v1_genomic.fna	NZ_CP019512.1	2269001.0	2270467.0	cpsD	1-1467/1467	===============	0/0	100.0	99.52	WP_002370472	(cpsD) glycosyl transferase group 2 family protein [Capsule (VF0361) - Immune modulation (VFC0258)] [Enterococcus faecalis V583]																																																																																																					
enterococcus_faecalis	GCF_001989555.1	results/virulence/enterococcus_faecalis_GCF_001989555.1_vfdb.tsv					-							vfdb														data/unzipped_genomes/enterococcus_faecalis/ncbi_dataset/data/GCF_001989555.1/GCF_001989555.1_ASM198955v1_genomic.fna	NZ_CP019512.1	2270486.0	2271655.0	cpsC	1-1170/1170	===============	0/0	100.0	98.03	WP_002362618	(cpsC) teichoic acid biosynthesis protein putative [Capsule (VF0361) - Immune modulation (VFC0258)] [Enterococcus faecalis V583]																																																																																																					
enterococcus_faecalis	GCF_001989555.1	results/virulence/enterococcus_faecalis_GCF_001989555.1_vfdb.tsv					-							vfdb														data/unzipped_genomes/enterococcus_faecalis/ncbi_dataset/data/GCF_001989555.1/GCF_001989555.1_ASM198955v1_genomic.fna	NZ_CP019512.1	2272128.0	2272928.0	cpsB/cdsA	1-801/801	===============	0/0	100.0	99.5	WP_002359680	(cpsB/cdsA) phosphatidate cytidylyltransferase [Capsule (VF0361) - Immune modulation (VFC0258)] [Enterococcus faecalis V583]																																																																																																					
enterococcus_faecalis	GCF_001989555.1	results/virulence/enterococcus_faecalis_GCF_001989555.1_vfdb.tsv					-							vfdb														data/unzipped_genomes/enterococcus_faecalis/ncbi_dataset/data/GCF_001989555.1/GCF_001989555.1_ASM198955v1_genomic.fna	NZ_CP019512.1	2272925.0	2273740.0	cpsA/uppS	1-816/816	===============	0/0	100.0	99.27	WP_002362225	(cpsA/uppS) undecaprenyl diphosphate synthase [Capsule (VF0361) - Immune modulation (VFC0258)] [Enterococcus faecalis V583]																																																																																																					
enterococcus_faecalis	GCF_001989555.1	results/virulence/enterococcus_faecalis_GCF_001989555.1_vfdb.tsv					-							vfdb														data/unzipped_genomes/enterococcus_faecalis/ncbi_dataset/data/GCF_001989555.1/GCF_001989555.1_ASM198955v1_genomic.fna	NZ_CP019513.1	7334.0	11224.0	asa1	1-3891/3891	===============	0/0	100.0	100.0	WP_010785625	(asa1) aggregation substance Asa1 [AS (VF0352) - Adherence (VFC0001)] [Enterococcus faecalis V583]																																																																																																					
enterococcus_faecalis	GCF_002163735.1	results/virulence/enterococcus_faecalis_GCF_002163735.1_vfdb.tsv								===============	0/0	100.0		vfdb								-																		data/unzipped_genomes/enterococcus_faecalis/ncbi_dataset/data/GCF_002163735.1/GCF_002163735.1_ASM216373v1_genomic.fna	NZ_CP015883.1	206750.0	207988.0	cylA	1-1239/1239	98.79	AAM75253	(cylA) cytolysin activator [Cytolysin (VF0356) - Exotoxin (VFC0235)] [Enterococcus faecalis str. MMH594]																																																																																												
enterococcus_faecalis	GCF_002163735.1	results/virulence/enterococcus_faecalis_GCF_002163735.1_vfdb.tsv								===============	0/0	100.0		vfdb								-																		data/unzipped_genomes/enterococcus_faecalis/ncbi_dataset/data/GCF_002163735.1/GCF_002163735.1_ASM216373v1_genomic.fna	NZ_CP015883.1	207985.0	210129.0	cylB	1-2145/2145	98.18	AAM75252	(cylB) ABC-type transporter [Cytolysin (VF0356) - Exotoxin (VFC0235)] [Enterococcus faecalis str. MMH594]																																																																																												
enterococcus_faecalis	GCF_002163735.1	results/virulence/enterococcus_faecalis_GCF_002163735.1_vfdb.tsv								===============	0/0	100.0		vfdb								-																		data/unzipped_genomes/enterococcus_faecalis/ncbi_dataset/data/GCF_002163735.1/GCF_002163735.1_ASM216373v1_genomic.fna	NZ_CP015883.1	210141.0	213122.0	cylM	1-2982/2982	98.86	AAM75251	(cylM) CylM; cytolysin subunit modifier [Cytolysin (VF0356) - Exotoxin (VFC0235)] [Enterococcus faecalis str. MMH594]																																																																																												
enterococcus_faecalis	GCF_002163735.1	results/virulence/enterococcus_faecalis_GCF_002163735.1_vfdb.tsv								===============	0/0	100.0		vfdb								-																		data/unzipped_genomes/enterococcus_faecalis/ncbi_dataset/data/GCF_002163735.1/GCF_002163735.1_ASM216373v1_genomic.fna	NZ_CP015883.1	213183.0	213374.0	cylS	1-192/192	99.48	AAM75250	(cylS) CylS; cytolysin subunit [Cytolysin (VF0356) - Exotoxin (VFC0235)] [Enterococcus faecalis str. MMH594]																																																																																												
enterococcus_faecalis	GCF_002163735.1	results/virulence/enterococcus_faecalis_GCF_002163735.1_vfdb.tsv								===============	0/0	100.0		vfdb								-																		data/unzipped_genomes/enterococcus_faecalis/ncbi_dataset/data/GCF_002163735.1/GCF_002163735.1_ASM216373v1_genomic.fna	NZ_CP015883.1	213408.0	213614.0	cylL	1-207/207	99.52	AAM75249	(cylL) CylL; cytolysin subunit [Cytolysin (VF0356) - Exotoxin (VFC0235)] [Enterococcus faecalis str. MMH594]																																																																																												
enterococcus_faecalis	GCF_002163735.1	results/virulence/enterococcus_faecalis_GCF_002163735.1_vfdb.tsv								===============	0/0	100.0		vfdb								+																		data/unzipped_genomes/enterococcus_faecalis/ncbi_dataset/data/GCF_002163735.1/GCF_002163735.1_ASM216373v1_genomic.fna	NZ_CP015883.1	213733.0	214017.0	cylR1	1-285/285	99.65	AAM75248	(cylR1) cytolysin regulator R1 [Cytolysin (VF0356) - Exotoxin (VFC0235)] [Enterococcus faecalis str. MMH594]																																																																																												
enterococcus_faecalis	GCF_002163735.1	results/virulence/enterococcus_faecalis_GCF_002163735.1_vfdb.tsv								===============	0/0	100.0		vfdb								+																		data/unzipped_genomes/enterococcus_faecalis/ncbi_dataset/data/GCF_002163735.1/GCF_002163735.1_ASM216373v1_genomic.fna	NZ_CP015883.1	214018.0	214218.0	cylR2	1-201/201	99.0	AAM75247	(cylR2) cytolysin regulator R2 [Cytolysin (VF0356) - Exotoxin (VFC0235)] [Enterococcus faecalis str. MMH594]																																																																																												
enterococcus_faecalis	GCF_002163735.1	results/virulence/enterococcus_faecalis_GCF_002163735.1_vfdb.tsv								========/======	1/3	99.9		vfdb								-																		data/unzipped_genomes/enterococcus_faecalis/ncbi_dataset/data/GCF_002163735.1/GCF_002163735.1_ASM216373v1_genomic.fna	NZ_CP015883.1	246743.0	250656.0	EF0485	2-3918/3918	95.48	WP_010710127	(EF0485) aggregation substance [AS (VF0352) - Adherence (VFC0001)] [Enterococcus faecalis V583]																																																																																												
enterococcus_faecalis	GCF_002163735.1	results/virulence/enterococcus_faecalis_GCF_002163735.1_vfdb.tsv								===============	0/0	100.0		vfdb								+																		data/unzipped_genomes/enterococcus_faecalis/ncbi_dataset/data/GCF_002163735.1/GCF_002163735.1_ASM216373v1_genomic.fna	NZ_CP015883.1	740395.0	743409.0	EF0818	1-3015/3015	99.9	WP_002399773	(EF0818) polysaccharide lyase family 8 [Hyaluronidase (VF0359) - Exoenzyme (VFC0251)] [Enterococcus faecalis V583]																																																																																												
enterococcus_faecalis	GCF_002163735.1	results/virulence/enterococcus_faecalis_GCF_002163735.1_vfdb.tsv								===============	0/0	100.0		vfdb								-																		data/unzipped_genomes/enterococcus_faecalis/ncbi_dataset/data/GCF_002163735.1/GCF_002163735.1_ASM216373v1_genomic.fna	NZ_CP015883.1	876429.0	877439.0	bopD	1-1011/1011	99.9	WP_002387027	(bopD) sugar-binding transcriptional regulator LacI family [BopD (VF0362) - Biofilm (VFC0271)] [Enterococcus faecalis V583]																																																																																												
enterococcus_faecalis	GCF_002163735.1	results/virulence/enterococcus_faecalis_GCF_002163735.1_vfdb.tsv								===============	0/0	100.0		vfdb								+																		data/unzipped_genomes/enterococcus_faecalis/ncbi_dataset/data/GCF_002163735.1/GCF_002163735.1_ASM216373v1_genomic.fna	NZ_CP015883.1	1017872.0	1021336.0	ebpA	1-3465/3465	99.91	WP_154081516	(ebpA) endocarditis and biofilm-associated pilus tip protein EbpA [Ebp pili (VF0538) - Adherence (VFC0001)] [Enterococcus faecalis V583]																																																																																												
enterococcus_faecalis	GCF_002163735.1	results/virulence/enterococcus_faecalis_GCF_002163735.1_vfdb.tsv								===============	0/0	100.0		vfdb								+																		data/unzipped_genomes/enterococcus_faecalis/ncbi_dataset/data/GCF_002163735.1/GCF_002163735.1_ASM216373v1_genomic.fna	NZ_CP015883.1	1021340.0	1022770.0	ebpB	1-1431/1431	100.0	WP_002379309	(ebpB) endocarditis and biofilm-associated pilus minor subunit EbpB [Ebp pili (VF0538) - Adherence (VFC0001)] [Enterococcus faecalis V583]																																																																																												
enterococcus_faecalis	GCF_002163735.1	results/virulence/enterococcus_faecalis_GCF_002163735.1_vfdb.tsv								========/======	1/6	100.0		vfdb								+																		data/unzipped_genomes/enterococcus_faecalis/ncbi_dataset/data/GCF_002163735.1/GCF_002163735.1_ASM216373v1_genomic.fna	NZ_CP015883.1	1022767.0	1024650.0	ebpC	1-1878/1878	99.68	WP_011109477	(ebpC) endocarditis and biofilm-associated pilus major subunit EbpC [Ebp pili (VF0538) - Adherence (VFC0001)] [Enterococcus faecalis V583]																																																																																												
enterococcus_faecalis	GCF_002163735.1	results/virulence/enterococcus_faecalis_GCF_002163735.1_vfdb.tsv								===============	0/0	100.0		vfdb								+																		data/unzipped_genomes/enterococcus_faecalis/ncbi_dataset/data/GCF_002163735.1/GCF_002163735.1_ASM216373v1_genomic.fna	NZ_CP015883.1	1024744.0	1025598.0	srtC	1-855/855	100.0	WP_002379311	(srtC) sortase [Ebp pili (VF0538) - Adherence (VFC0001)] [Enterococcus faecalis V583]																																																																																												
enterococcus_faecalis	GCF_002163735.1	results/virulence/enterococcus_faecalis_GCF_002163735.1_vfdb.tsv								===============	0/0	100.0		vfdb								+																		data/unzipped_genomes/enterococcus_faecalis/ncbi_dataset/data/GCF_002163735.1/GCF_002163735.1_ASM216373v1_genomic.fna	NZ_CP015883.1	1028680.0	1030704.0	ace	1-2025/2025	100.0	WP_010714416	(ace) collagen adhesin protein [Ace (VF0355) - Adherence (VFC0001)] [Enterococcus faecalis V583]																																																																																												
enterococcus_faecalis	GCF_002163735.1	results/virulence/enterococcus_faecalis_GCF_002163735.1_vfdb.tsv								===============	0/0	100.0		vfdb								-																		data/unzipped_genomes/enterococcus_faecalis/ncbi_dataset/data/GCF_002163735.1/GCF_002163735.1_ASM216373v1_genomic.fna	NZ_CP015883.1	1680776.0	1681630.0	sprE	1-855/855	99.3	WP_002369252	(sprE) serine proteinase V8 family [SprE (VF0358) - Exoenzyme (VFC0251)] [Enterococcus faecalis V583]																																																																																												
enterococcus_faecalis	GCF_002163735.1	results/virulence/enterococcus_faecalis_GCF_002163735.1_vfdb.tsv								===============	0/0	99.87		vfdb								-																		data/unzipped_genomes/enterococcus_faecalis/ncbi_dataset/data/GCF_002163735.1/GCF_002163735.1_ASM216373v1_genomic.fna	NZ_CP015883.1	1681681.0	1683211.0	gelE	1-1531/1533	99.02	WP_002369251	(gelE) coccolysin [Gelatinase (VF0357) - Exoenzyme (VFC0251)] [Enterococcus faecalis V583]																																																																																												
enterococcus_faecalis	GCF_002163735.1	results/virulence/enterococcus_faecalis_GCF_002163735.1_vfdb.tsv								===============	0/0	100.0		vfdb								-																		data/unzipped_genomes/enterococcus_faecalis/ncbi_dataset/data/GCF_002163735.1/GCF_002163735.1_ASM216373v1_genomic.fna	NZ_CP015883.1	1683446.0	1684789.0	fsrC	1-1344/1344	98.96	WP_002386893	(fsrC) histidine kinase putative [Fsr (VF0360) - Biofilm (VFC0271)] [Enterococcus faecalis V583]																																																																																												
enterococcus_faecalis	GCF_002163735.1	results/virulence/enterococcus_faecalis_GCF_002163735.1_vfdb.tsv								===============	0/0	100.0		vfdb								-																		data/unzipped_genomes/enterococcus_faecalis/ncbi_dataset/data/GCF_002163735.1/GCF_002163735.1_ASM216373v1_genomic.fna	NZ_CP015883.1	1684786.0	1685514.0	fsrB	1-729/729	98.77	WP_002369249	(fsrB) agrBfs protein [Fsr (VF0360) - Biofilm (VFC0271)] [Enterococcus faecalis V583]																																																																																												
enterococcus_faecalis	GCF_002163735.1	results/virulence/enterococcus_faecalis_GCF_002163735.1_vfdb.tsv								===============	0/0	100.0		vfdb								-																		data/unzipped_genomes/enterococcus_faecalis/ncbi_dataset/data/GCF_002163735.1/GCF_002163735.1_ASM216373v1_genomic.fna	NZ_CP015883.1	1685603.0	1686334.0	fsrA	1-732/732	98.91	WP_011109506	(fsrA) response regulator [Fsr (VF0360) - Biofilm (VFC0271)] [Enterococcus faecalis V583]																																																																																												
enterococcus_faecalis	GCF_002163735.1	results/virulence/enterococcus_faecalis_GCF_002163735.1_vfdb.tsv								===============	0/0	100.0		vfdb								+																		data/unzipped_genomes/enterococcus_faecalis/ncbi_dataset/data/GCF_002163735.1/GCF_002163735.1_ASM216373v1_genomic.fna	NZ_CP015883.1	1889656.0	1890582.0	efaA	1-927/927	100.0	WP_002356954	(efaA) endocarditis specific antigen [EfaA (VF0354) - Adherence (VFC0001)] [Enterococcus faecalis V583]																																																																																												
enterococcus_faecalis	GCF_002163735.1	results/virulence/enterococcus_faecalis_GCF_002163735.1_vfdb.tsv								===============	0/0	100.0		vfdb								-																		data/unzipped_genomes/enterococcus_faecalis/ncbi_dataset/data/GCF_002163735.1/GCF_002163735.1_ASM216373v1_genomic.fna	NZ_CP015883.1	2154179.0	2154991.0	cpsK	1-813/813	100.0	WP_002362627	(cpsK) ABC transporter permease protein [Capsule (VF0361) - Immune modulation (VFC0258)] [Enterococcus faecalis V583]																																																																																												
enterococcus_faecalis	GCF_002163735.1	results/virulence/enterococcus_faecalis_GCF_002163735.1_vfdb.tsv								===============	0/0	100.0		vfdb								-																		data/unzipped_genomes/enterococcus_faecalis/ncbi_dataset/data/GCF_002163735.1/GCF_002163735.1_ASM216373v1_genomic.fna	NZ_CP015883.1	2154991.0	2156376.0	cpsJ	1-1386/1386	100.0	WP_002387127	(cpsJ) ABC transporter ATP-binding protein [Capsule (VF0361) - Immune modulation (VFC0258)] [Enterococcus faecalis V583]																																																																																												
enterococcus_faecalis	GCF_002163735.1	results/virulence/enterococcus_faecalis_GCF_002163735.1_vfdb.tsv								===============	0/0	100.0		vfdb								-																		data/unzipped_genomes/enterococcus_faecalis/ncbi_dataset/data/GCF_002163735.1/GCF_002163735.1_ASM216373v1_genomic.fna	NZ_CP015883.1	2156360.0	2157499.0	cpsI	1-1140/1140	100.0	WP_002376666	(cpsI) UDP-galactopyranose mutase [Capsule (VF0361) - Immune modulation (VFC0258)] [Enterococcus faecalis V583]																																																																																												
enterococcus_faecalis	GCF_002163735.1	results/virulence/enterococcus_faecalis_GCF_002163735.1_vfdb.tsv								===============	0/0	100.0		vfdb								-																		data/unzipped_genomes/enterococcus_faecalis/ncbi_dataset/data/GCF_002163735.1/GCF_002163735.1_ASM216373v1_genomic.fna	NZ_CP015883.1	2157558.0	2157956.0	cpsH	1-399/399	100.0	WP_002387128	(cpsH) lipoprotein [Capsule (VF0361) - Immune modulation (VFC0258)] [Enterococcus faecalis V583]																																																																																												
enterococcus_faecalis	GCF_002163735.1	results/virulence/enterococcus_faecalis_GCF_002163735.1_vfdb.tsv								===============	0/0	100.0		vfdb								-																		data/unzipped_genomes/enterococcus_faecalis/ncbi_dataset/data/GCF_002163735.1/GCF_002163735.1_ASM216373v1_genomic.fna	NZ_CP015883.1	2157974.0	2160427.0	cpsG	1-2454/2454	99.8	WP_002359685	(cpsG) MurB family protein [Capsule (VF0361) - Immune modulation (VFC0258)] [Enterococcus faecalis V583]																																																																																												
enterococcus_faecalis	GCF_002163735.1	results/virulence/enterococcus_faecalis_GCF_002163735.1_vfdb.tsv								===============	0/0	100.0		vfdb								-																		data/unzipped_genomes/enterococcus_faecalis/ncbi_dataset/data/GCF_002163735.1/GCF_002163735.1_ASM216373v1_genomic.fna	NZ_CP015883.1	2160454.0	2161305.0	cpsF	1-852/852	99.77	WP_002367100	(cpsF) CpsF protein [Capsule (VF0361) - Immune modulation (VFC0258)] [Enterococcus faecalis V583]																																																																																												
enterococcus_faecalis	GCF_002163735.1	results/virulence/enterococcus_faecalis_GCF_002163735.1_vfdb.tsv								===============	0/0	100.0		vfdb								-																		data/unzipped_genomes/enterococcus_faecalis/ncbi_dataset/data/GCF_002163735.1/GCF_002163735.1_ASM216373v1_genomic.fna	NZ_CP015883.1	2161329.0	2163839.0	cpsE	1-2511/2511	99.96	WP_002387129	(cpsE) glycosyl transferase group 2 family protein [Capsule (VF0361) - Immune modulation (VFC0258)] [Enterococcus faecalis V583]																																																																																												
enterococcus_faecalis	GCF_002163735.1	results/virulence/enterococcus_faecalis_GCF_002163735.1_vfdb.tsv								===============	0/0	100.0		vfdb								-																		data/unzipped_genomes/enterococcus_faecalis/ncbi_dataset/data/GCF_002163735.1/GCF_002163735.1_ASM216373v1_genomic.fna	NZ_CP015883.1	2163909.0	2165375.0	cpsD	1-1467/1467	100.0	WP_002370472	(cpsD) glycosyl transferase group 2 family protein [Capsule (VF0361) - Immune modulation (VFC0258)] [Enterococcus faecalis V583]																																																																																												
enterococcus_faecalis	GCF_002163735.1	results/virulence/enterococcus_faecalis_GCF_002163735.1_vfdb.tsv								===============	0/0	100.0		vfdb								-																		data/unzipped_genomes/enterococcus_faecalis/ncbi_dataset/data/GCF_002163735.1/GCF_002163735.1_ASM216373v1_genomic.fna	NZ_CP015883.1	2165394.0	2166563.0	cpsC	1-1170/1170	99.92	WP_002362618	(cpsC) teichoic acid biosynthesis protein putative [Capsule (VF0361) - Immune modulation (VFC0258)] [Enterococcus faecalis V583]																																																																																												
enterococcus_faecalis	GCF_002163735.1	results/virulence/enterococcus_faecalis_GCF_002163735.1_vfdb.tsv								===============	0/0	100.0		vfdb								-																		data/unzipped_genomes/enterococcus_faecalis/ncbi_dataset/data/GCF_002163735.1/GCF_002163735.1_ASM216373v1_genomic.fna	NZ_CP015883.1	2167036.0	2167836.0	cpsB/cdsA	1-801/801	99.88	WP_002359680	(cpsB/cdsA) phosphatidate cytidylyltransferase [Capsule (VF0361) - Immune modulation (VFC0258)] [Enterococcus faecalis V583]																																																																																												
enterococcus_faecalis	GCF_002163735.1	results/virulence/enterococcus_faecalis_GCF_002163735.1_vfdb.tsv								===============	0/0	100.0		vfdb								-																		data/unzipped_genomes/enterococcus_faecalis/ncbi_dataset/data/GCF_002163735.1/GCF_002163735.1_ASM216373v1_genomic.fna	NZ_CP015883.1	2167833.0	2168648.0	cpsA/uppS	1-816/816	100.0	WP_002362225	(cpsA/uppS) undecaprenyl diphosphate synthase [Capsule (VF0361) - Immune modulation (VFC0258)] [Enterococcus faecalis V583]																																																																																												
enterococcus_faecalis	GCF_002163735.1	results/virulence/enterococcus_faecalis_GCF_002163735.1_vfdb.tsv								========/======	2/2	99.97		vfdb								+																		data/unzipped_genomes/enterococcus_faecalis/ncbi_dataset/data/GCF_002163735.1/GCF_002163735.1_ASM216373v1_genomic.fna	NZ_CP015885.1	9866.0	13783.0	prgB/asc10	1-3918/3918	95.64	WP_002395058	(prgB/asc10) aggregation substance PrgB/Asc10 [AS (VF0352) - Adherence (VFC0001)] [Enterococcus faecalis V583]																																																																																												
enterococcus_faecalis	GCF_002208945.1	results/virulence/enterococcus_faecalis_GCF_002208945.1_vfdb.tsv					-			===============	0/0	100.0		vfdb																																			data/unzipped_genomes/enterococcus_faecalis/ncbi_dataset/data/GCF_002208945.1/GCF_002208945.1_ASM220894v2_genomic.fna	NZ_CP022059.1	1250134.0	1251144.0	bopD	1-1011/1011	99.11	WP_002387027	(bopD) sugar-binding transcriptional regulator LacI family [BopD (VF0362) - Biofilm (VFC0271)] [Enterococcus faecalis V583]																																																																																			
enterococcus_faecalis	GCF_002208945.1	results/virulence/enterococcus_faecalis_GCF_002208945.1_vfdb.tsv					+			===============	0/0	100.0		vfdb																																			data/unzipped_genomes/enterococcus_faecalis/ncbi_dataset/data/GCF_002208945.1/GCF_002208945.1_ASM220894v2_genomic.fna	NZ_CP022059.1	1394382.0	1397846.0	ebpA	1-3465/3465	99.94	WP_154081516	(ebpA) endocarditis and biofilm-associated pilus tip protein EbpA [Ebp pili (VF0538) - Adherence (VFC0001)] [Enterococcus faecalis V583]																																																																																			
enterococcus_faecalis	GCF_002208945.1	results/virulence/enterococcus_faecalis_GCF_002208945.1_vfdb.tsv					+			===============	0/0	100.0		vfdb																																			data/unzipped_genomes/enterococcus_faecalis/ncbi_dataset/data/GCF_002208945.1/GCF_002208945.1_ASM220894v2_genomic.fna	NZ_CP022059.1	1397850.0	1399280.0	ebpB	1-1431/1431	99.16	WP_002379309	(ebpB) endocarditis and biofilm-associated pilus minor subunit EbpB [Ebp pili (VF0538) - Adherence (VFC0001)] [Enterococcus faecalis V583]																																																																																			
enterococcus_faecalis	GCF_002208945.1	results/virulence/enterococcus_faecalis_GCF_002208945.1_vfdb.tsv					+			========/======	1/6	100.0		vfdb																																			data/unzipped_genomes/enterococcus_faecalis/ncbi_dataset/data/GCF_002208945.1/GCF_002208945.1_ASM220894v2_genomic.fna	NZ_CP022059.1	1399277.0	1401160.0	ebpC	1-1878/1878	99.05	WP_011109477	(ebpC) endocarditis and biofilm-associated pilus major subunit EbpC [Ebp pili (VF0538) - Adherence (VFC0001)] [Enterococcus faecalis V583]																																																																																			
enterococcus_faecalis	GCF_002208945.1	results/virulence/enterococcus_faecalis_GCF_002208945.1_vfdb.tsv					+			===============	0/0	100.0		vfdb																																			data/unzipped_genomes/enterococcus_faecalis/ncbi_dataset/data/GCF_002208945.1/GCF_002208945.1_ASM220894v2_genomic.fna	NZ_CP022059.1	1401254.0	1402108.0	srtC	1-855/855	99.3	WP_002379311	(srtC) sortase [Ebp pili (VF0538) - Adherence (VFC0001)] [Enterococcus faecalis V583]																																																																																			
enterococcus_faecalis	GCF_002208945.1	results/virulence/enterococcus_faecalis_GCF_002208945.1_vfdb.tsv					+			============...	0/0	78.07		vfdb																																			data/unzipped_genomes/enterococcus_faecalis/ncbi_dataset/data/GCF_002208945.1/GCF_002208945.1_ASM220894v2_genomic.fna	NZ_CP022059.1	1405189.0	1406769.0	ace	1-1581/2025	96.84	WP_010714416	(ace) collagen adhesin protein [Ace (VF0355) - Adherence (VFC0001)] [Enterococcus faecalis V583]																																																																																			
enterococcus_faecalis	GCF_002208945.1	results/virulence/enterococcus_faecalis_GCF_002208945.1_vfdb.tsv					-			===============	0/0	100.0		vfdb																																			data/unzipped_genomes/enterococcus_faecalis/ncbi_dataset/data/GCF_002208945.1/GCF_002208945.1_ASM220894v2_genomic.fna	NZ_CP022059.1	2085765.0	2086619.0	sprE	1-855/855	98.48	WP_002369252	(sprE) serine proteinase V8 family [SprE (VF0358) - Exoenzyme (VFC0251)] [Enterococcus faecalis V583]																																																																																			
enterococcus_faecalis	GCF_002208945.1	results/virulence/enterococcus_faecalis_GCF_002208945.1_vfdb.tsv					-			===============	0/0	100.0		vfdb																																			data/unzipped_genomes/enterococcus_faecalis/ncbi_dataset/data/GCF_002208945.1/GCF_002208945.1_ASM220894v2_genomic.fna	NZ_CP022059.1	2086668.0	2088200.0	gelE	1-1533/1533	98.96	WP_002369251	(gelE) coccolysin [Gelatinase (VF0357) - Exoenzyme (VFC0251)] [Enterococcus faecalis V583]																																																																																			
enterococcus_faecalis	GCF_002208945.1	results/virulence/enterococcus_faecalis_GCF_002208945.1_vfdb.tsv					-			===============	0/0	100.0		vfdb																																			data/unzipped_genomes/enterococcus_faecalis/ncbi_dataset/data/GCF_002208945.1/GCF_002208945.1_ASM220894v2_genomic.fna	NZ_CP022059.1	2088435.0	2089778.0	fsrC	1-1344/1344	98.81	WP_002386893	(fsrC) histidine kinase putative [Fsr (VF0360) - Biofilm (VFC0271)] [Enterococcus faecalis V583]																																																																																			
enterococcus_faecalis	GCF_002208945.1	results/virulence/enterococcus_faecalis_GCF_002208945.1_vfdb.tsv					-			===============	0/0	100.0		vfdb																																			data/unzipped_genomes/enterococcus_faecalis/ncbi_dataset/data/GCF_002208945.1/GCF_002208945.1_ASM220894v2_genomic.fna	NZ_CP022059.1	2089775.0	2090503.0	fsrB	1-729/729	98.63	WP_002369249	(fsrB) agrBfs protein [Fsr (VF0360) - Biofilm (VFC0271)] [Enterococcus faecalis V583]																																																																																			
enterococcus_faecalis	GCF_002208945.1	results/virulence/enterococcus_faecalis_GCF_002208945.1_vfdb.tsv					+			===============	0/0	100.0		vfdb																																			data/unzipped_genomes/enterococcus_faecalis/ncbi_dataset/data/GCF_002208945.1/GCF_002208945.1_ASM220894v2_genomic.fna	NZ_CP022059.1	2243600.0	2244526.0	efaA	1-927/927	99.57	WP_002356954	(efaA) endocarditis specific antigen [EfaA (VF0354) - Adherence (VFC0001)] [Enterococcus faecalis V583]																																																																																			
enterococcus_faecalis	GCF_002208945.1	results/virulence/enterococcus_faecalis_GCF_002208945.1_vfdb.tsv					-			===============	0/0	100.0		vfdb																																			data/unzipped_genomes/enterococcus_faecalis/ncbi_dataset/data/GCF_002208945.1/GCF_002208945.1_ASM220894v2_genomic.fna	NZ_CP022059.1	2517492.0	2518292.0	cpsB/cdsA	1-801/801	98.75	WP_002359680	(cpsB/cdsA) phosphatidate cytidylyltransferase [Capsule (VF0361) - Immune modulation (VFC0258)] [Enterococcus faecalis V583]																																																																																			
enterococcus_faecalis	GCF_002208945.1	results/virulence/enterococcus_faecalis_GCF_002208945.1_vfdb.tsv					-			===============	0/0	100.0		vfdb																																			data/unzipped_genomes/enterococcus_faecalis/ncbi_dataset/data/GCF_002208945.1/GCF_002208945.1_ASM220894v2_genomic.fna	NZ_CP022059.1	2518289.0	2519104.0	cpsA/uppS	1-816/816	99.14	WP_002362225	(cpsA/uppS) undecaprenyl diphosphate synthase [Capsule (VF0361) - Immune modulation (VFC0258)] [Enterococcus faecalis V583]																																																																																			
staphylococcus_epidermidis	GCF_001956655.1	results/virulence/staphylococcus_epidermidis_GCF_001956655.1_vfdb.tsv					+							vfdb																																												data/unzipped_genomes/staphylococcus_epidermidis/ncbi_dataset/data/GCF_001956655.1/GCF_001956655.1_ASM195665v2_genomic.fna	NZ_CP018842.1	2523775.0	2524068.0	esxA	1-294/294	===============	0/0	100.0	89.46	WP_001240826	(esxA) type VII secretion system secreted protein EsxA [Type VII secretion system (VF0403) - Effector delivery system (VFC0086)] [Staphylococcus aureus subsp. aureus MW2]																																																																							
streptococcus_mitis	GCF_000722765.2	results/virulence/streptococcus_mitis_GCF_000722765.2_vfdb.tsv								========/======	2/2	99.95		vfdb								+																																																data/unzipped_genomes/streptococcus_mitis/ncbi_dataset/data/GCF_000722765.2/GCF_000722765.2_ASM72276v2_genomic.fna	NZ_CP028415.1	770545.0	772428.0	pce/cbpE	1-1884/1884	91.3	WP_000728269	(pce/cbpE) choline binding protein E [CBPs (VF0145) - Adherence (VFC0001)] [Streptococcus pneumoniae TIGR4]																																																														
streptococcus_mitis	GCF_000722765.2	results/virulence/streptococcus_mitis_GCF_000722765.2_vfdb.tsv								========/======	2/2	99.94		vfdb								-																																																data/unzipped_genomes/streptococcus_mitis/ncbi_dataset/data/GCF_000722765.2/GCF_000722765.2_ASM72276v2_genomic.fna	NZ_CP028415.1	795452.0	797107.0	pavA	1-1656/1656	93.18	WP_000006706	(pavA) Fibronectin-binding protein-like protein A [PavA (VF0283) - Adherence (VFC0001)] [Streptococcus pneumoniae R6]																																																														
streptococcus_mitis	GCF_001281025.1	results/virulence/streptococcus_mitis_GCF_001281025.1_vfdb.tsv					-			========/======	3/6	99.84		vfdb																																																																	data/unzipped_genomes/streptococcus_mitis/ncbi_dataset/data/GCF_001281025.1/GCF_001281025.1_ASM128102v1_genomic.fna	NZ_CP012646.1	1480232.0	1482115.0	pce/cbpE	1-1884/1884	94.12	WP_000728269	(pce/cbpE) choline binding protein E [CBPs (VF0145) - Adherence (VFC0001)] [Streptococcus pneumoniae TIGR4]																																																					
streptococcus_mitis	GCF_001281025.1	results/virulence/streptococcus_mitis_GCF_001281025.1_vfdb.tsv					+			===============	0/0	100.0		vfdb																																																																	data/unzipped_genomes/streptococcus_mitis/ncbi_dataset/data/GCF_001281025.1/GCF_001281025.1_ASM128102v1_genomic.fna	NZ_CP012646.1	1743184.0	1744113.0	psaA	1-930/930	93.66	WP_000733059	(psaA) manganese ABC transporter manganese-binding adhesion liprotein [PsaA (VF0151) - Nutritional/Metabolic factor (VFC0272)] [Streptococcus pneumoniae TIGR4]																																																					
streptococcus_mitis	GCF_009730515.1	results/virulence/streptococcus_mitis_GCF_009730515.1_vfdb.tsv								========/======	2/2	99.95		vfdb								+																																																				pce/cbpE	1-1884/1884		WP_000728269	(pce/cbpE) choline binding protein E [CBPs (VF0145) - Adherence (VFC0001)] [Streptococcus pneumoniae TIGR4]										data/unzipped_genomes/streptococcus_mitis/ncbi_dataset/data/GCF_009730515.1/GCF_009730515.1_ASM973051v1_genomic.fna	NZ_CP046335.1	764480.0	766363.0	90.72																																																
streptococcus_mitis	GCF_009730515.1	results/virulence/streptococcus_mitis_GCF_009730515.1_vfdb.tsv								===============	0/0	100.0		vfdb								-																																																				pavA	1-1656/1656		WP_000006706	(pavA) Fibronectin-binding protein-like protein A [PavA (VF0283) - Adherence (VFC0001)] [Streptococcus pneumoniae R6]										data/unzipped_genomes/streptococcus_mitis/ncbi_dataset/data/GCF_009730515.1/GCF_009730515.1_ASM973051v1_genomic.fna	NZ_CP046335.1	793074.0	794729.0	94.02																																																
streptococcus_mitis	GCF_013305725.1	results/virulence/streptococcus_mitis_GCF_013305725.1_vfdb.tsv					+			===============	0/0	100.0		vfdb																																																																					psaA	1-930/930		WP_000733059	(psaA) manganese ABC transporter manganese-binding adhesion liprotein [PsaA (VF0151) - Nutritional/Metabolic factor (VFC0272)] [Streptococcus pneumoniae TIGR4]						data/unzipped_genomes/streptococcus_mitis/ncbi_dataset/data/GCF_013305725.1/GCF_013305725.1_ASM1330572v1_genomic.fna	NZ_CP047883.1	1605723.0	1606652.0	93.01																																											
streptococcus_mitis	GCF_013305725.1	results/virulence/streptococcus_mitis_GCF_013305725.1_vfdb.tsv					-			========/======	2/21	97.92		vfdb																																																																					cbpD	1-1325/1347		WP_000698569	(cbpD) choline binding protein D [Autolysin (VF0143) - Exoenzyme (VFC0251)] [Streptococcus pneumoniae TIGR4]						data/unzipped_genomes/streptococcus_mitis/ncbi_dataset/data/GCF_013305725.1/GCF_013305725.1_ASM1330572v1_genomic.fna	NZ_CP047883.1	2047515.0	2048848.0	82.84																																											
streptococcus_mitis	GCF_018603625.2	results/virulence/streptococcus_mitis_GCF_018603625.2_vfdb.tsv					+			===============	0/0	100.0		vfdb																																																																					psaA	1-930/930		WP_000733059	(psaA) manganese ABC transporter manganese-binding adhesion liprotein [PsaA (VF0151) - Nutritional/Metabolic factor (VFC0272)] [Streptococcus pneumoniae TIGR4]											data/unzipped_genomes/streptococcus_mitis/ncbi_dataset/data/GCF_018603625.2/GCF_018603625.2_ASM1860362v2_genomic.fna	NZ_CP190759.1	1487586.0	1488515.0	92.8																																						
streptococcus_oralis	GCF_001983955.1	results/virulence/streptococcus_oralis_GCF_001983955.1_vfdb.tsv												vfdb								-												===============																																								pavA	1-1656/1656		WP_000006706	(pavA) Fibronectin-binding protein-like protein A [PavA (VF0283) - Adherence (VFC0001)] [Streptococcus pneumoniae R6]																									data/unzipped_genomes/streptococcus_oralis/ncbi_dataset/data/GCF_001983955.1/GCF_001983955.1_ASM198395v1_genomic.fna	NZ_CP019562.1	785579.0	787234.0	0/0	100.0	89.67																															
streptococcus_oralis	GCF_001983955.1	results/virulence/streptococcus_oralis_GCF_001983955.1_vfdb.tsv												vfdb								+												===============																																								sipA	1-552/552		WP_000924780	(sipA) signal peptidase I [PI-2 (VF0530) - Adherence (VFC0001)] [Streptococcus pneumoniae Taiwan19F-14]																									data/unzipped_genomes/streptococcus_oralis/ncbi_dataset/data/GCF_001983955.1/GCF_001983955.1_ASM198395v1_genomic.fna	NZ_CP019562.1	914042.0	914593.0	0/0	100.0	92.03																															
streptococcus_oralis	GCF_001983955.1	results/virulence/streptococcus_oralis_GCF_001983955.1_vfdb.tsv												vfdb								+												========/======																																								srtG1	1-962/999		WP_000851047	(srtG1) sortase SrtB family [PI-2 (VF0530) - Adherence (VFC0001)] [Streptococcus pneumoniae Taiwan19F-14]																									data/unzipped_genomes/streptococcus_oralis/ncbi_dataset/data/GCF_001983955.1/GCF_001983955.1_ASM198395v1_genomic.fna	NZ_CP019562.1	915875.0	916839.0	3/5	96.2	81.57																															
streptococcus_oralis	GCF_001983955.1	results/virulence/streptococcus_oralis_GCF_001983955.1_vfdb.tsv												vfdb								+												.=============.																																								srtG2	55-716/787			(srtG2) surface protein cell wall anchor sortase_B family [PI-2 (VF0530) - Adherence (VFC0001)] [Streptococcus pneumoniae Taiwan19F-14]																									data/unzipped_genomes/streptococcus_oralis/ncbi_dataset/data/GCF_001983955.1/GCF_001983955.1_ASM198395v1_genomic.fna	NZ_CP019562.1	917042.0	917703.0	0/0	84.12	87.46																															
streptococcus_oralis	GCF_002386345.1	results/virulence/streptococcus_oralis_GCF_002386345.1_vfdb.tsv									3/7			vfdb								-																																																																																								data/unzipped_genomes/streptococcus_oralis/ncbi_dataset/data/GCF_002386345.1/GCF_002386345.1_ASM238634v1_genomic.fna	NZ_CP023507.1	959999.0	960996.0	srtG1	1-999/999	========/======	99.6	80.34	WP_000851047	(srtG1) sortase SrtB family [PI-2 (VF0530) - Adherence (VFC0001)] [Streptococcus pneumoniae Taiwan19F-14]																				
streptococcus_oralis	GCF_002386345.1	results/virulence/streptococcus_oralis_GCF_002386345.1_vfdb.tsv									0/0			vfdb								-																																																																																								data/unzipped_genomes/streptococcus_oralis/ncbi_dataset/data/GCF_002386345.1/GCF_002386345.1_ASM238634v1_genomic.fna	NZ_CP023507.1	962278.0	962829.0	sipA	1-552/552	===============	100.0	92.39	WP_000924780	(sipA) signal peptidase I [PI-2 (VF0530) - Adherence (VFC0001)] [Streptococcus pneumoniae Taiwan19F-14]																				
streptococcus_oralis	GCF_002386345.1	results/virulence/streptococcus_oralis_GCF_002386345.1_vfdb.tsv									0/0			vfdb								+																																																																																								data/unzipped_genomes/streptococcus_oralis/ncbi_dataset/data/GCF_002386345.1/GCF_002386345.1_ASM238634v1_genomic.fna	NZ_CP023507.1	1080946.0	1082601.0	pavA	1-1656/1656	===============	100.0	89.98	WP_000006706	(pavA) Fibronectin-binding protein-like protein A [PavA (VF0283) - Adherence (VFC0001)] [Streptococcus pneumoniae R6]																				
streptococcus_oralis	GCF_002386345.1	results/virulence/streptococcus_oralis_GCF_002386345.1_vfdb.tsv									3/9			vfdb								+																																																																																								data/unzipped_genomes/streptococcus_oralis/ncbi_dataset/data/GCF_002386345.1/GCF_002386345.1_ASM238634v1_genomic.fna	NZ_CP023507.1	1405929.0	1406861.0	psaA	1-930/930	========/======	99.68	88.57	WP_000733059	(psaA) manganese ABC transporter manganese-binding adhesion liprotein [PsaA (VF0151) - Nutritional/Metabolic factor (VFC0272)] [Streptococcus pneumoniae TIGR4]																				
streptococcus_oralis	GCF_007475365.1	results/virulence/streptococcus_oralis_GCF_007475365.1_vfdb.tsv					+			===============	0/0	100.0		vfdb																																																																					cps4A	1-1446/1446		WP_000091082	(cps4A) capsular polysaccharide biosynthesis protein Cps4A [Capsule (VF0144) - Immune modulation (VFC0258)] [Streptococcus pneumoniae TIGR4]																																		data/unzipped_genomes/streptococcus_oralis/ncbi_dataset/data/GCF_007475365.1/GCF_007475365.1_ASM747536v1_genomic.fna	NZ_CP034442.1	1743070.0	1744515.0	91.36															
streptococcus_oralis	GCF_007475365.1	results/virulence/streptococcus_oralis_GCF_007475365.1_vfdb.tsv					+			===============	0/0	100.0		vfdb																																																																					cps4B	1-732/732		WP_000565352	(cps4B) capsular polysaccharide biosynthesis protein Cps4B [Capsule (VF0144) - Immune modulation (VFC0258)] [Streptococcus pneumoniae TIGR4]																																		data/unzipped_genomes/streptococcus_oralis/ncbi_dataset/data/GCF_007475365.1/GCF_007475365.1_ASM747536v1_genomic.fna	NZ_CP034442.1	1744517.0	1745248.0	95.49															
streptococcus_oralis	GCF_007475365.1	results/virulence/streptococcus_oralis_GCF_007475365.1_vfdb.tsv					+			===============	0/0	94.34		vfdb																																																																					cps4E	30-629/636		WP_010963212	(cps4E) capsular polysaccharide biosynthesis protein Cps4E [Capsule (VF0144) - Immune modulation (VFC0258)] [Streptococcus pneumoniae TIGR4]																																		data/unzipped_genomes/streptococcus_oralis/ncbi_dataset/data/GCF_007475365.1/GCF_007475365.1_ASM747536v1_genomic.fna	NZ_CP034442.1	1746992.0	1747591.0	81.83															
streptococcus_oralis	GCF_007475365.1	results/virulence/streptococcus_oralis_GCF_007475365.1_vfdb.tsv					+			===============	0/0	92.52		vfdb																																																																					cps4J	10-986/1056		WP_000077424	(cps4J) capsular polysaccharide biosynthesis protein Cps4J [Capsule (VF0144) - Immune modulation (VFC0258)] [Streptococcus pneumoniae TIGR4]																																		data/unzipped_genomes/streptococcus_oralis/ncbi_dataset/data/GCF_007475365.1/GCF_007475365.1_ASM747536v1_genomic.fna	NZ_CP034442.1	1754676.0	1755652.0	81.06															
streptococcus_oralis	GCF_007475365.1	results/virulence/streptococcus_oralis_GCF_007475365.1_vfdb.tsv					+			===============	0/0	99.35		vfdb																																																																					cps4K	9-1230/1230		WP_000594468	(cps4K) capsular polysaccharide biosynthesis protein Cps4K [Capsule (VF0144) - Immune modulation (VFC0258)] [Streptococcus pneumoniae TIGR4]																																		data/unzipped_genomes/streptococcus_oralis/ncbi_dataset/data/GCF_007475365.1/GCF_007475365.1_ASM747536v1_genomic.fna	NZ_CP034442.1	1756957.0	1758178.0	82.0															
streptococcus_oralis	GCF_007475365.1	results/virulence/streptococcus_oralis_GCF_007475365.1_vfdb.tsv					+			===============	0/0	99.66		vfdb																																																																					cps4L	1-1181/1185		WP_000695335	(cps4L) capsular polysaccharide biosynthesis protein Cps4L [Capsule (VF0144) - Immune modulation (VFC0258)] [Streptococcus pneumoniae TIGR4]																																		data/unzipped_genomes/streptococcus_oralis/ncbi_dataset/data/GCF_007475365.1/GCF_007475365.1_ASM747536v1_genomic.fna	NZ_CP034442.1	1758179.0	1759359.0	87.55															
streptococcus_oralis	GCF_007475365.1	results/virulence/streptococcus_oralis_GCF_007475365.1_vfdb.tsv					-			========/======	2/6	99.68		vfdb																																																																					psaA	1-930/930		WP_000733059	(psaA) manganese ABC transporter manganese-binding adhesion liprotein [PsaA (VF0151) - Nutritional/Metabolic factor (VFC0272)] [Streptococcus pneumoniae TIGR4]																																		data/unzipped_genomes/streptococcus_oralis/ncbi_dataset/data/GCF_007475365.1/GCF_007475365.1_ASM747536v1_genomic.fna	NZ_CP034442.1	1887845.0	1888774.0	89.5															
streptococcus_oralis	GCF_016028175.1	results/virulence/streptococcus_oralis_GCF_016028175.1_vfdb.tsv					+							vfdb																				===============																															0/0																																																													data/unzipped_genomes/streptococcus_oralis/ncbi_dataset/data/GCF_016028175.1/GCF_016028175.1_ASM1602817v1_genomic.fna	NZ_CP065706.1	460994.0	461725.0	cps4B	1-732/732	100.0	97.0	WP_000565352	(cps4B) capsular polysaccharide biosynthesis protein Cps4B [Capsule (VF0144) - Immune modulation (VFC0258)] [Streptococcus pneumoniae TIGR4]					
streptococcus_oralis	GCF_016028175.1	results/virulence/streptococcus_oralis_GCF_016028175.1_vfdb.tsv					-							vfdb																				========/======																															3/9																																																													data/unzipped_genomes/streptococcus_oralis/ncbi_dataset/data/GCF_016028175.1/GCF_016028175.1_ASM1602817v1_genomic.fna	NZ_CP065706.1	620646.0	621578.0	psaA	1-930/930	99.68	88.14	WP_000733059	(psaA) manganese ABC transporter manganese-binding adhesion liprotein [PsaA (VF0151) - Nutritional/Metabolic factor (VFC0272)] [Streptococcus pneumoniae TIGR4]					
streptococcus_oralis	GCF_016028175.1	results/virulence/streptococcus_oralis_GCF_016028175.1_vfdb.tsv					-							vfdb																				========/======																															2/2																																																													data/unzipped_genomes/streptococcus_oralis/ncbi_dataset/data/GCF_016028175.1/GCF_016028175.1_ASM1602817v1_genomic.fna	NZ_CP065706.1	958312.0	959967.0	pavA	1-1656/1656	99.94	90.58	WP_000006706	(pavA) Fibronectin-binding protein-like protein A [PavA (VF0283) - Adherence (VFC0001)] [Streptococcus pneumoniae R6]					
streptococcus_oralis	GCF_016028255.1	results/virulence/streptococcus_oralis_GCF_016028255.1_vfdb.tsv					+			===============	0/0	100.0		vfdb																																																																																																																				cps4B	1-732/732			WP_000565352	(cps4B) capsular polysaccharide biosynthesis protein Cps4B [Capsule (VF0144) - Immune modulation (VFC0258)] [Streptococcus pneumoniae TIGR4]	data/unzipped_genomes/streptococcus_oralis/ncbi_dataset/data/GCF_016028255.1/GCF_016028255.1_ASM1602825v1_genomic.fna	NZ_CP065707.1	747879.0	748610.0	95.77
streptococcus_oralis	GCF_016028255.1	results/virulence/streptococcus_oralis_GCF_016028255.1_vfdb.tsv					-			========/======	3/9	99.57		vfdb																																																																																																																				psaA	1-929/930			WP_000733059	(psaA) manganese ABC transporter manganese-binding adhesion liprotein [PsaA (VF0151) - Nutritional/Metabolic factor (VFC0272)] [Streptococcus pneumoniae TIGR4]	data/unzipped_genomes/streptococcus_oralis/ncbi_dataset/data/GCF_016028255.1/GCF_016028255.1_ASM1602825v1_genomic.fna	NZ_CP065707.1	908208.0	909139.0	88.23
streptococcus_oralis	GCF_016028255.1	results/virulence/streptococcus_oralis_GCF_016028255.1_vfdb.tsv					-			===============	0/0	100.0		vfdb																																																																																																																				pavA	1-1656/1656			WP_000006706	(pavA) Fibronectin-binding protein-like protein A [PavA (VF0283) - Adherence (VFC0001)] [Streptococcus pneumoniae R6]	data/unzipped_genomes/streptococcus_oralis/ncbi_dataset/data/GCF_016028255.1/GCF_016028255.1_ASM1602825v1_genomic.fna	NZ_CP065707.1	1230681.0	1232336.0	88.95
