species_folder,selected_count,selected_accessions,matches_first_five_returned,summary_returned,matches_index_set
actinomyces_naeslundii,4,GCF_016127855.1|GCF_963265035.1|GCF_963340285.1|GCF_963340415.1,True,4,True
corynebacterium_striatum,5,GCF_016728105.1|GCF_002156805.1|GCF_002803965.1|GCF_002804085.1|GCF_016728205.1,True,6,True
cutibacterium_acnes,5,GCF_001281065.1|GCF_001469565.1|GCF_001469595.1|GCF_001469615.1|GCF_001469655.1,True,70,True
enterococcus_faecalis,5,GCF_001598635.1|GCF_001689055.2|GCF_001989555.1|GCF_002163735.1|GCF_002208945.1,True,381,True
fusobacterium_nucleatum,5,GCF_028621975.1|GCF_028621995.1|GCF_031191795.1|GCF_037889055.1|GCF_037889065.1,True,56,True
porphyromonas_gingivalis,5,GCF_001263815.1|GCF_002753935.1|GCF_002753955.1|GCF_002753975.1|GCF_002754015.1,True,46,True
prevotella_intermedia,5,GCF_001548195.1|GCF_001953935.1|GCF_002355195.1|GCF_002763535.1|GCF_002763575.1,True,15,True
staphylococcus_capitis,5,GCF_002356175.1|GCF_002591175.1|GCF_013267675.1|GCF_015243435.1|GCF_020883475.1,True,48,True
staphylococcus_epidermidis,5,GCF_006094375.1|GCF_000759555.1|GCF_001956655.1|GCF_002085695.1|GCF_002215535.1,True,291,True
staphylococcus_haemolyticus,5,GCF_006094395.1|GCF_001611955.1|GCF_002906595.1|GCF_002906615.1|GCF_002952715.2,True,47,True
streptococcus_anginosus,5,GCF_900636475.1|GCF_000831165.1|GCF_001412635.1|GCF_001697145.1|GCF_008726365.3,True,24,True
streptococcus_mitis,5,GCF_018603625.2|GCF_000722765.2|GCF_001281025.1|GCF_009730515.1|GCF_013305725.1,True,19,True
streptococcus_oralis,5,GCF_007475365.1|GCF_001983955.1|GCF_002386345.1|GCF_016028175.1|GCF_016028255.1,True,32,True
streptococcus_sanguinis,5,GCF_900475505.1|GCF_013343115.1|GCF_013378355.1|GCF_050220005.1|GCF_050220455.1,True,46,True
tannerella_forsythia,3,GCF_001547875.1|GCF_000238215.1|GCF_001547855.1,True,3,True
treponema_denticola,5,GCF_024181405.1|GCF_024181425.1|GCF_024181445.1|GCF_024181465.1|GCF_024181485.1,True,28,True
veillonella_parvula,5,GCF_900186885.1|GCF_002005185.1|GCF_016127175.1|GCF_031190775.1|GCF_036456085.1,True,9,True
