relative_path,bytes,sha256
analysis_summary.json,4615,b34ec93d8e9e8df2701e5e08cdffc9cfabfcc86c1d292931ef11692513caf94c
CITATION.cff,618,75701b63d523d57da003681d22f69d40109826284a5afa7ae3c11827dd53be2e
DATA_LICENSE.md,327,856b73e59581b0da2aa75b61ef50d57d2bae3ab7f59643e250de62ca9e81fc17
figures/Figure1_screen_audit.pdf,29727,3018f3b09f43036663ec9a852a02e3c85eabd2c3db02aede530c157c2ce2e20e
figures/Figure1_screen_audit.png,79425,2aad311a204b987aeb501b32818b5d013ff8fe01ee55a10cf062f2c2419de808
figures/Figure1_screen_audit.tiff,478228,db68dba4f61c3d9b80525f4c4b9b6af2f07e37d93707e192df778a8a509ecc48
figures/Figure2_annotation_categories.pdf,44854,bc01ea5da2e6edc55f03b6cb49c8809090c7ac0901802adacd0eb2390e323cb1
figures/Figure2_annotation_categories.png,265455,bbe1049bf1521728d0f9a28fa0e8b494e73c70ce2ca5cc2a21fb2007f086dd2f
figures/Figure2_annotation_categories.tiff,999996,d77417a6463cb37f845fe9d90ee029ea7c1027769beca7fdc7c5c8de7c0b8da5
figures/Figure3_resistance_records.pdf,41101,7ca4ded922acee27056885ab1c8b1ffb58fb1a69642f4445364cef4857e055fb
figures/Figure3_resistance_records.png,125751,f088dbf1aa4a60daae8ed05d8a324e309132eed3da3cfad4411f6fa2c669868e
figures/Figure3_resistance_records.tiff,500898,5e141fbcff501d9e33750e484b2ff09b039efe0a97a46c397d3c13461ff2bcef
figures/Figure4_rank_sensitivity.pdf,49627,50a5cd5c14d56bcc6c91a4ecc7ba1e9ef97c3441d42c19f5b3d26a3e0120a345
figures/Figure4_rank_sensitivity.png,255200,3aa850f55a270f51bc4849d3245c348c680dba4f40f1cb6b615a282c32c350b5
figures/Figure4_rank_sensitivity.tiff,889240,e707a4eee246f9db6b3b1c24d04694d9a1751273d0de006633a12de382a2c683
figures/FigureS1_annotation_PCA.pdf,49269,18b95e79ffde487f8fe5141321713e08e03a61eeddd305f21b3f1e67b70fa7b6
figures/FigureS1_annotation_PCA.png,118829,e6bb60d4c7e8ee9882158187585d1bcca84d786fb8e735fe00ce3f340c37ed6a
figures/FigureS1_annotation_PCA.tiff,374080,15a71d9044505ebab6c02b6afb715223f28a5b287c8aaf5733cb39dd782d86b9
GALAXY.md,3872,512c424c1f2a3aa08b0d48306ebaa85914cd42476b7a39687ac84faaeaac2888
HOF_Tabelas_Corrigidas.xlsx,79894,a11527cd38dba6a513cc7a7709e40e949517610a3e58ba749f0276ae8b13c106
LEIA_PRIMEIRO.md,6842,ab9f55f6a083e1da2ac92bf80ee1130d218ac9883d7258f2f771c505d7731994
LICENSE,530,53f55f70de4b8e28a35e7556928ccf5279f695359b86c2055e39fd424dc10a58
manuscript/BJOS_Formulario_Ciencia_Aberta_PREENCHER.docx,17280,21f5a72bdeb02fbf6e3bcc7149fca9a82a5ac27cfae82d9d5442ed68cfce94bb
manuscript/BJOS_Formulario_Ciencia_Aberta_PREENCHER.pdf,76576,5923085b38d8f05cb9fb7dbbb55d6e73542fc8ed7fca0af3ed80d92024dc3a35
manuscript/HOF_BJOS_Carta_REVISAR.docx,37927,e9cea29ea70edf07ea04c5a3b510e14e9fcdce2f40a35f0d507fd158998e65f9
manuscript/HOF_BJOS_Carta_REVISAR.pdf,50841,2eb04b468696d882e2a77037fdedaa1349a14822031287de11fd8f923994f33e
manuscript/HOF_BJOS_Manuscrito_REVISAR.docx,710719,0d876b5eeec65db2766c6bd07f5f8196ba87aaad157770ec861bbff6ba2aae56
manuscript/HOF_BJOS_Manuscrito_REVISAR.md,23058,1287be1b5752bada5a48ff742fcc6534fe4df33c77f447409227d8d58fc6a102
manuscript/HOF_BJOS_Manuscrito_REVISAR.pdf,903415,440bb03d10abd4135d054ea5e6c20fd2be9ed3dbe484b4bca5a2eafd291be40d
manuscript/HOF_BJOS_Pagina_Titulo_CONFIRMAR.docx,38516,979acaab2b69296f21c19714e9b2646c2232648687b626f63c2c8b39e4b591ea
manuscript/HOF_BJOS_Pagina_Titulo_CONFIRMAR.pdf,67084,95df39133fd564144f22c31abdf3fe580d5da15a11ff25eddabd952455181a5e
manuscript/HOF_BJOS_Suplemento.docx,145913,1e65bcad2897df8200ae78809cd82a9556eea955f8cd03ae20df94d60a89e5f2
manuscript/HOF_BJOS_Suplemento.pdf,204381,3904b46215b41f28d3d466574a25ffe4b5f9bef0dea5dff53da426216c60df11
provenance/abricate_1.4.0_source_verified.txt,16307,27bd53a2c988b7160e501d762442245c13cef76d52c4990015e25837c23939ae
provenance/abricate_galaxy_wrapper.xml,8740,ea5b471639375c58cbe36bd8b5a3dc14326b164c0b55c8c39123078b05bbbb4e
provenance/accession_selection_audit.csv,2085,49f9255095dbbf060cf577a28d6be7935549b5f89a8dcace0ae76320fad8465a
provenance/amrfinderplus_galaxy_wrapper.xml,44231,be4ca6dad141bad03f7278329ac155ce70101079e2cbb069b18803efdf49f9cc
provenance/analysis_run_audit.csv,145124,998de46af06acfc52eec1673705e55de1a92c30ada5a1b9dc95989b63d063259
provenance/archived_input_inventory.csv,210505,4bce0f74bd956814151dad1c7b9aae52e0473ceac5681eef4838ca90a90ebfef
provenance/author_confirmed_choices.json,332,a26d88c513e4068ed2e63cccb0d419335d041e271f01497167b3792646597868
provenance/galaxy_EU_tools_verified.json,17334,3dcfb0cead7e950e9450eb6a2ac4808ce1e98ede8286cf9b22000f03e733083b
provenance/galaxy_HOF_run_status.json,690,3b35157e67dca03c816499eab0a6f4b05677b2d6598046fc5882e56597ce52a3
provenance/github_release_verified.json,1997,3b8bfa62b09ded03910a8374e6199f0292be1972bd279b5b3a4910f909820165
provenance/github_repo_verified.json,6093,96030bfbc1a6a895f0586a30e59e897d717c4b4fdf58b552ac5898db2654c13f
provenance/input_sha256.csv,49734,4c7a738bc33882818a57d4a8b2b9e92e660c09e87c857c6d53f28919a4dfbd29
provenance/manuscript_limits.json,298,8c7c2df23d2441447c1afda2cdee2c51ff01ec8e2332d5c64f8de3020aa1b3a2
provenance/original_CITATION.cff,687,ba7f17763e06684affedf1909bbebf76d604808f450cf4bd79892b42be60fbfb
provenance/portable_repository_run_verified.json,126,ec4f6c352a69b9fdd2214bb77e008b65cb189e432634f6c8f62ac8d212c7f915
provenance/reference_audit.json,16945,431495a6747da554153fd9128215035aa4f85388a12b26990c0ded34599e95e9
provenance/repository_input_recovery.json,37127,24d6286c50702976cc5c207ed5e14a8dc1ee3c8cd64a8b4da00e6e141a12d4c2
provenance/revision_software_versions.json,97,f282f7f65a7cf9e53e8dee0e439c69ddf7da12c0a40e46e794ec92dca99b5dd9
provenance/validation_checks.json,1631,a7d2e75a15467b3799981cb136b2e909005e05ebd65697d6c4913e52d15fa602
provenance/zenodo_original_file_inventory.json,223514,701f7e651282cca2942d00e9e4cb881a02ad71f7c1af1d08c192b26e427237e8
provenance/zenodo_record_verified.json,4394,befc775883325dcedfef08a3b6ff6b5ca360d549dfbb25475d73b7b309cdf746
RELEASE_PENDENTE.md,1398,d30edf500835c9a363d4b66a7bae4eec9b5e7a575f3c84744ef451ebf5ad2a2e
reproducibility/analyze_hof.py,22594,fbc25d3b9052be2fd27a54e2cb8e7dc370d1efef1d896de029aeea1dd9202783
reproducibility/make_figures.py,6721,a6013be757f82190005bf7008916121d8810fb48263f187756a8b5f66ce681d7
reproducibility/README.md,1719,ddb1145c818a08e9a01e934c26c615729b64eb196d59e37fa946eb22b2832f20
reproducibility/requirements.txt,49,e65ae218970fc0394c4f743f6ba8a31a104321d1266be3adb43cb95f3d5c53e4
tables/S10_corrected_annotation_PCA.csv,6530,fab944c3b5ff49e0039dc16ffc2e7d55424929ae36ea8a9bffbbcbcdfa33e08b
tables/S10_PCA_explained_variance.csv,762,4de8737614e94cd2df0893685da79e0408b0077979fe5139ec609f349481685a
tables/S10_PCA_loadings.csv,1692,2dce16337736d4a0abc7a34aafacca620241344184f8a763979caf6bf0f3f7b9
tables/S11_corrected_annotation_network_edges.csv,12611,a87997bdbe4d07c72fde5d789bef50e44eeaafeb2db5d2f72a3a6ad719c41eae
tables/S1_genome_metadata_QC.csv,36255,f7e35d5aa23cb07a8094f8d00249f5495dd11c9a5cec48d619a970e9e191d2d6
tables/S2_annotation_screen_panel.csv,6807,b035e2f6cc11084dbe61cb9dcc8e2e83d9482c46ba37a03446c897609dc7f4c7
tables/S3_corrected_annotation_candidates.csv,211499,ac33a35ab32a2a8e901381a3197f04feceaad32458f116c39b50aa1e9e2657ef
tables/S4_legacy_regex_audit_all_genomes.csv,219904,6025018d6ce27eb35c8fa94932fa3b55020b27b17acaaa06dbd6b2c0e0da7253
tables/S5_exact_sequence_duplicates.csv,516,2a062923fee109090be4c7e89fc9ddf08cdd3aab211d242e6cfd8ade712b1ecd
tables/S5_repeated_strain_labels.csv,516,2a062923fee109090be4c7e89fc9ddf08cdd3aab211d242e6cfd8ade712b1ecd
tables/S6_amrfinder_corrected_records.tsv,59299,f9df9ab384a3a330496f03f313a6d2ecd8af377d909ae528a95040155d07e52e
tables/S6_bacmet2_corrected_records.tsv,66426,0aa1fb89e742814fb86bd640d94ef60f2b53498cda60ca2e0c6d4a60ae84a130
tables/S6_card_corrected_records.tsv,99557,ae9ed502d7ab9c69bcaebcd98d34403c578cd4b8717de8128fccc80fb2cb93d1
tables/S6_database_records_per_genome.csv,33394,c5112ea597697de4f514b13888021361607231fb442b13f96af29f34a1d1ffe6
tables/S6_plasmidfinder_corrected_records.tsv,12603,84cbc43db8231cc1efa78c339d3119acb3752ddfb688b390f4910a520666ae82
tables/S6_resfinder_corrected_records.tsv,34476,18b14467fbc44873d4eaceb724cb900faf7a931c7bb605216197c68664abc44c
tables/S6_vfdb_corrected_records.tsv,64743,b4b19f7068633c3238e949e9ff950a12374326f84b344e4ab3bb9b1198466a03
tables/S6_victors_corrected_records.tsv,678122,d4d83c6c06dd25fd8b46e65d18e8f8e4022d152344841a9fba8219ac465a96ac
tables/S7_annotation_category_presence_matrix.csv,9104,5ba54b50661ff76af7451c96e8a91d403947878fb3be6790d8abb99bcc9fcaa1
tables/S7_named_symbol_presence_matrix.csv,9104,9271d63e48659144846dd2976253d399175d4f0735bf9441a6da296bbd07b40d
tables/S8_integrated_per_genome.csv,7685,6d96b100ed340c4408c4247154d62484495a58c86000ab48b564091cde1421cd
tables/S9_database_spearman_correlations.csv,963,c393695f33ecff166080760089e2c687a0621402e18083aaf9bbf81e3a6c6dce
tables/S9_rank_sensitivity.csv,1889,4e942d9bfb04430675ed45dc7b8b12153caf94c909d25480f8a5e24edd2a51bf
tables/S9_score_sensitivity.csv,5752,56d450aea43a755669bb165c7bba7d3d7d3f15fda5775f9420d562c608c1002f
tables/S9_standardized_burdens.csv,2852,ce77c6a59fe3c55cc21966852bc11859ae13a9de7316a61deffd82cac81701b9
tables/S9_within_sample_bootstrap_rank_stability.csv,777,eafa5b4da9ad121c0c3d2db80d095f2cdb511ab808651cebd216260a7b9c02f6
tables/Table2_species_database_and_annotation_summary.csv,3450,2da0dad93b4749c8f1237d96c1149dafced06c490d36241a6301b2bd708996d9
